1,0.0,0.0,-0.07224334600760456,-0.19391634980988592,-0.22433460076045628,-0.35361216730038025,-0.3231939163498099,-0.49429657794676807,-0.34600760456273766,-0.6159695817490495,-0.4866920152091255,-0.2661596958174905,-0.7300380228136882,-0.28517110266159695,-0.8859315589353612,-0.27756653992395436,-1.0,-0.26996197718631176,-0.5171102661596958,-0.14068441064638784,-0.6463878326996197,-0.026615969581749048,-0.55893536121673,-0.0076045627376425855,-0.467680608365019,-0.030418250950570342,-0.5057034220532319,-0.0076045627376425855,-0.5361216730038023,0.07604562737642585,-0.45627376425855515,0.07224334600760456,-0.38022813688212925,0.045627376425855515,-0.4752851711026616,0.12167300380228137,-0.4714828897338403,0.16730038022813687,-0.3916349809885932,0.155893536121673,-0.33079847908745247,0.13307984790874525
1,0.0,0.0,-0.07364341085271318,-0.19767441860465115,-0.23255813953488372,-0.35658914728682173,-0.3372093023255814,-0.4883720930232558,-0.3643410852713178,-0.6046511627906976,-0.49224806201550386,-0.2713178294573643,-0.7325581395348837,-0.29457364341085274,-0.8837209302325582,-0.2868217054263566,-1.0,-0.27906976744186046,-0.5193798449612403,-0.13953488372093023,-0.6782945736434108,-0.03875968992248062,-0.6317829457364341,-0.01937984496124031,-0.562015503875969,-0.031007751937984496,-0.5116279069767442,0.0,-0.5465116279069767,0.07364341085271318,-0.4689922480620155,0.06976744186046512,-0.3953488372093023,0.046511627906976744,-0.4844961240310077,0.13178294573643412,-0.4844961240310077,0.17054263565891473,-0.4069767441860465,0.16279069767441862,-0.3488372093023256,0.1434108527131783
1,0.0,0.0,-0.0703125,-0.2109375,-0.21875,-0.36328125,-0.31640625,-0.5,-0.33984375,-0.62109375,-0.484375,-0.2734375,-0.73046875,-0.30078125,-0.8828125,-0.296875,-1.0,-0.2890625,-0.51953125,-0.125,-0.66796875,-0.05859375,-0.58984375,-0.046875,-0.4921875,-0.05859375,-0.5,0.01953125,-0.53515625,0.0625,-0.45703125,0.0546875,-0.37890625,0.03515625,-0.46484375,0.1484375,-0.4609375,0.16015625,-0.38671875,0.15234375,-0.32421875,0.1328125
1,0.0,0.0,-0.06719367588932806,-0.20553359683794467,-0.21739130434782608,-0.35968379446640314,-0.31225296442687744,-0.49407114624505927,-0.3359683794466403,-0.616600790513834,-0.4901185770750988,-0.2648221343873518,-0.7272727272727273,-0.2924901185770751,-0.8814229249011858,-0.2924901185770751,-1.0,-0.2885375494071146,-0.525691699604743,-0.12648221343873517,-0.616600790513834,-0.05533596837944664,-0.5335968379446641,-0.04743083003952569,-0.44664031620553357,-0.06324110671936758,-0.5098814229249012,0.015810276679841896,-0.5138339920948617,0.05533596837944664,-0.43478260869565216,0.05138339920948617,-0.36363636363636365,0.03162055335968379,-0.4743083003952569,0.14624505928853754,-0.4505928853754941,0.15810276679841898,-0.3794466403162055,0.15019762845849802,-0.3241106719367589,0.13438735177865613
1,0.0,0.0,-0.07142857142857142,-0.20634920634920634,-0.21825396825396826,-0.3611111111111111,-0.31746031746031744,-0.5,-0.34523809523809523,-0.6150793650793651,-0.4880952380952381,-0.25793650793650796,-0.7301587301587301,-0.2777777777777778,-0.8809523809523809,-0.27380952380952384,-1.0,-0.26587301587301587,-0.5158730158730159,-0.11507936507936507,-0.6587301587301587,-0.05952380952380952,-0.5952380952380952,-0.06349206349206349,-0.503968253968254,-0.07539682539682539,-0.5,0.01984126984126984,-0.5357142857142857,0.04365079365079365,-0.4603174603174603,0.031746031746031744,-0.38095238095238093,0.015873015873015872,-0.4642857142857143,0.15079365079365079,-0.45634920634920634,0.14285714285714285,-0.3888888888888889,0.12698412698412698,-0.32936507936507936,0.11507936507936507
1,0.0,0.0,-0.06772908366533864,-0.20717131474103587,-0.2151394422310757,-0.35856573705179284,-0.3107569721115538,-0.49800796812749004,-0.3386454183266932,-0.6215139442231076,-0.4900398406374502,-0.26294820717131473,-0.7290836653386454,-0.2788844621513944,-0.8844621513944223,-0.2749003984063745,-1.0,-0.26294820717131473,-0.5219123505976095,-0.12749003984063745,-0.6215139442231076,-0.05976095617529881,-0.5418326693227091,-0.05179282868525897,-0.450199203187251,-0.07171314741035857,-0.5059760956175299,0.01195219123505976,-0.5258964143426295,0.05179282868525897,-0.44621513944223107,0.043824701195219126,-0.3745019920318725,0.02390438247011952,-0.4701195219123506,0.14342629482071714,-0.4541832669322709,0.1553784860557769,-0.38247011952191234,0.14342629482071714,-0.32669322709163345,0.12350597609561753
1,0.0,0.0,-0.07569721115537849,-0.20717131474103587,-0.22310756972111553,-0.3545816733067729,-0.32669322709163345,-0.4900398406374502,-0.3545816733067729,-0.6095617529880478,-0.49800796812749004,-0.2549800796812749,-0.7370517928286853,-0.2589641434262948,-0.8844621513944223,-0.24701195219123506,-1.0,-0.2350597609561753,-0.5258964143426295,-0.10756972111553785,-0.6573705179282868,-0.06374501992031872,-0.5856573705179283,-0.06374501992031872,-0.49800796812749004,-0.0796812749003984,-0.5059760956175299,0.03187250996015936,-0.5418326693227091,0.055776892430278883,-0.46613545816733065,0.04780876494023904,-0.3904382470119522,0.027888446215139442,-0.46613545816733065,0.16334661354581673,-0.46215139442231074,0.17131474103585656,-0.3944223107569721,0.1553784860557769,-0.3386454183266932,0.1394422310756972
1,0.0,0.0,-0.07569721115537849,-0.20717131474103587,-0.22310756972111553,-0.3545816733067729,-0.32270916334661354,-0.4900398406374502,-0.3545816733067729,-0.6095617529880478,-0.50199203187251,-0.2549800796812749,-0.7410358565737052,-0.26294820717131473,-0.8884462151394422,-0.250996015936255,-1.0,-0.23904382470119523,-0.5298804780876494,-0.10756972111553785,-0.6772908366533864,-0.07171314741035857,-0.6135458167330677,-0.07171314741035857,-0.5298804780876494,-0.08366533864541832,-0.5099601593625498,0.035856573705179286,-0.549800796812749,0.05179282868525897,-0.47808764940239046,0.043824701195219126,-0.398406374501992,0.03187250996015936,-0.4701195219123506,0.17131474103585656,-0.47410358565737054,0.16733067729083664,-0.4103585657370518,0.1553784860557769,-0.350597609561753,0.1394422310756972
1,0.0,0.0,-0.06854838709677419,-0.21370967741935484,-0.21370967741935484,-0.3629032258064516,-0.31451612903225806,-0.5,-0.3467741935483871,-0.6169354838709677,-0.49193548387096775,-0.2540322580645161,-0.7379032258064516,-0.2701612903225806,-0.8870967741935484,-0.25806451612903225,-1.0,-0.24596774193548387,-0.5282258064516129,-0.10887096774193548,-0.6330645161290323,-0.06854838709677419,-0.5604838709677419,-0.06451612903225806,-0.4717741935483871,-0.07661290322580645,-0.5080645161290323,0.036290322580645164,-0.5282258064516129,0.05241935483870968,-0.45564516129032256,0.04435483870967742,-0.3790322580645161,0.028225806451612902,-0.46774193548387094,0.16532258064516128,-0.45564516129032256,0.16129032258064516,-0.3911290322580645,0.14919354838709678,-0.3346774193548387,0.13306451612903225
1,0.0,0.0,-0.040498442367601244,-0.18691588785046728,-0.19314641744548286,-0.34890965732087226,-0.308411214953271,-0.4953271028037383,-0.3333333333333333,-0.6292834890965732,-0.4423676012461059,-0.2523364485981308,-0.6884735202492211,-0.2803738317757009,-0.8629283489096573,-0.2834890965732087,-1.0,-0.2772585669781931,-0.470404984423676,-0.11526479750778816,-0.6199376947040498,-0.04361370716510903,-0.5109034267912772,-0.037383177570093455,-0.40186915887850466,-0.056074766355140186,-0.4517133956386293,0.03115264797507788,-0.5015576323987538,0.08099688473520249,-0.40809968847352024,0.07476635514018691,-0.32710280373831774,0.04984423676012461,-0.4143302180685358,0.17133956386292834,-0.4392523364485981,0.18691588785046728,-0.35514018691588783,0.1806853582554517,-0.29906542056074764,0.1557632398753894
1,0.0,0.0,-0.08860759493670886,-0.17088607594936708,-0.23839662447257384,-0.31856540084388185,-0.350210970464135,-0.44936708860759494,-0.3881856540084388,-0.5717299578059072,-0.45569620253164556,-0.21518987341772153,-0.70042194092827,-0.23628691983122363,-0.869198312236287,-0.23839662447257384,-1.0,-0.22784810126582278,-0.47257383966244726,-0.0949367088607595,-0.6012658227848101,-0.012658227848101266,-0.5063291139240507,-0.008438818565400843,-0.41139240506329117,-0.029535864978902954,-0.4451476793248945,0.0379746835443038,-0.5210970464135021,0.0949367088607595,-0.4451476793248945,0.08860759493670886,-0.3649789029535865,0.06329113924050633,-0.4008438818565401,0.16666666666666666,-0.45147679324894513,0.18354430379746836,-0.37763713080168776,0.1729957805907173,-0.3143459915611814,0.1518987341772152
1,0.0,0.0,-0.12025316455696203,-0.1751054852320675,-0.28270042194092826,-0.31645569620253167,-0.39029535864978904,-0.44936708860759494,-0.4219409282700422,-0.5759493670886076,-0.4873417721518987,-0.21940928270042195,-0.7257383966244726,-0.23417721518987342,-0.879746835443038,-0.2320675105485232,-1.0,-0.22362869198312235,-0.5,-0.09915611814345991,-0.6455696202531646,-0.014767932489451477,-0.5569620253164557,-0.006329113924050633,-0.4620253164556962,-0.027426160337552744,-0.47257383966244726,0.03164556962025317,-0.5654008438818565,0.09071729957805907,-0.4873417721518987,0.08860759493670886,-0.40717299578059074,0.06329113924050633,-0.4240506329113924,0.15611814345991562,-0.4873417721518987,0.18354430379746836,-0.41350210970464135,0.1729957805907173,-0.34810126582278483,0.1518987341772152
1,0.0,0.0,-0.12072892938496584,-0.1845102505694761,-0.27790432801822323,-0.31662870159453305,-0.3895216400911162,-0.43735763097949887,-0.4305239179954442,-0.5535307517084282,-0.49658314350797267,-0.21867881548974943,-0.7312072892938497,-0.23462414578587698,-0.8815489749430524,-0.23462414578587698,-1.0,-0.23006833712984054,-0.5079726651480638,-0.0888382687927107,-0.6765375854214123,-0.04555808656036447,-0.6013667425968109,-0.04555808656036447,-0.5079726651480638,-0.05922551252847381,-0.4760820045558087,0.04100227790432802,-0.592255125284738,0.07289293849658314,-0.5216400911161732,0.05694760820045558,-0.43735763097949887,0.03644646924829157,-0.42369020501138954,0.15261958997722094,-0.4988610478359909,0.16400911161731208,-0.43507972665148065,0.14578587699316628,-0.36674259681093396,0.1275626423690205
1,0.0,0.0,-0.11838006230529595,-0.20249221183800623,-0.26791277258566976,-0.3364485981308411,-0.3707165109034268,-0.46417445482866043,-0.40809968847352024,-0.5825545171339563,-0.5077881619937694,-0.2367601246105919,-0.7476635514018691,-0.26479750778816197,-0.8909657320872274,-0.2616822429906542,-1.0,-0.24922118380062305,-0.5295950155763239,-0.09968847352024922,-0.7227414330218068,-0.11214953271028037,-0.6697819314641744,-0.12461059190031153,-0.5887850467289719,-0.1308411214953271,-0.5109034267912772,0.03115264797507788,-0.6510903426791277,0.01557632398753894,-0.5981308411214953,-0.009345794392523364,-0.5171339563862928,-0.018691588785046728,-0.4797507788161994,0.14953271028037382,-0.5887850467289719,0.12149532710280374,-0.5482866043613707,0.09345794392523364,-0.48598130841121495,0.08099688473520249
1,0.0,0.0,-0.1037037037037037,-0.2,-0.2518518518518518,-0.3333333333333333,-0.35555555555555557,-0.46296296296296297,-0.3851851851851852,-0.5851851851851851,-0.5148148148148148,-0.23333333333333334,-0.7592592592592593,-0.24444444444444444,-0.8925925925925926,-0.23703703703703705,-1.0,-0.22592592592592592,-0.5407407407407407,-0.08888888888888889,-0.725925925925926,-0.06296296296296296,-0.6962962962962963,-0.07037037037037037,-0.6333333333333333,-0.07777777777777778,-0.5148148148148148,0.04814814814814815,-0.5481481481481482,0.04814814814814815,-0.4703703703703704,0.02962962962962963,-0.3925925925925926,0.014814814814814815,-0.4740740740740741,0.16296296296296298,-0.4666666666666667,0.14074074074074075,-0.3962962962962963,0.1259259259259259,-0.3333333333333333,0.1111111111111111
1,0.0,0.0,-0.08974358974358974,-0.2094017094017094,-0.23931623931623933,-0.3504273504273504,-0.34615384615384615,-0.47435897435897434,-0.3803418803418803,-0.5897435897435898,-0.5085470085470085,-0.23931623931623933,-0.7521367521367521,-0.24358974358974358,-0.8931623931623932,-0.23076923076923078,-1.0,-0.21794871794871795,-0.5384615384615384,-0.09401709401709402,-0.6794871794871795,-0.05555555555555555,-0.6196581196581197,-0.05982905982905983,-0.5384615384615384,-0.07692307692307693,-0.5128205128205128,0.042735042735042736,-0.5470085470085471,0.05555555555555555,-0.47863247863247865,0.038461538461538464,-0.4017094017094017,0.021367521367521368,-0.4700854700854701,0.16666666666666666,-0.45726495726495725,0.1581196581196581,-0.39316239316239315,0.14102564102564102,-0.3333333333333333,0.12393162393162394
1,0.0,0.0,-0.08056872037914692,-0.2132701421800948,-0.23222748815165878,-0.36018957345971564,-0.3412322274881517,-0.4786729857819905,-0.3744075829383886,-0.5924170616113744,-0.5118483412322274,-0.24644549763033174,-0.7582938388625592,-0.26540284360189575,-0.8957345971563981,-0.2559241706161137,-1.0,-0.24644549763033174,-0.5450236966824644,-0.10426540284360189,-0.6682464454976303,-0.061611374407582936,-0.6066350710900474,-0.052132701421800945,-0.5308056872037915,-0.05687203791469194,-0.5260663507109005,0.02843601895734597,-0.5260663507109005,0.04739336492890995,-0.4597156398104265,0.03317535545023697,-0.3886255924170616,0.018957345971563982,-0.4881516587677725,0.15639810426540285,-0.4597156398104265,0.14218009478672985,-0.3933649289099526,0.12796208530805686,-0.33175355450236965,0.11374407582938388
1,0.0,0.0,-0.06930693069306931,-0.21287128712871287,-0.21782178217821782,-0.36633663366336633,-0.3217821782178218,-0.4900990099009901,-0.3613861386138614,-0.6089108910891089,-0.5,-0.25742574257425743,-0.7425742574257426,-0.2722772277227723,-0.8910891089108911,-0.2623762376237624,-1.0,-0.24752475247524752,-0.5445544554455446,-0.1188118811881188,-0.6138613861386139,-0.07425742574257425,-0.5297029702970297,-0.06930693069306931,-0.44554455445544555,-0.07425742574257425,-0.5247524752475248,0.024752475247524754,-0.5099009900990099,0.034653465346534656,-0.4405940594059406,0.0297029702970297,-0.3712871287128713,0.019801980198019802,-0.49504950495049505,0.15346534653465346,-0.4603960396039604,0.1485148514851485,-0.39603960396039606,0.13861386138613863,-0.33663366336633666,0.12871287128712872
1,0.0,0.0,-0.06565656565656566,-0.20707070707070707,-0.21212121212121213,-0.35353535353535354,-0.32323232323232326,-0.4797979797979798,-0.36363636363636365,-0.5959595959595959,-0.51010101010101,-0.24242424242424243,-0.7424242424242424,-0.2474747474747475,-0.8939393939393939,-0.23232323232323232,-1.0,-0.21717171717171718,-0.5454545454545454,-0.09595959595959595,-0.5959595959595959,-0.045454545454545456,-0.5151515151515151,-0.030303030303030304,-0.43434343434343436,-0.04040404040404041,-0.5252525252525253,0.045454545454545456,-0.51010101010101,0.06060606060606061,-0.4393939393939394,0.05555555555555555,-0.3686868686868687,0.04040404040404041,-0.4898989898989899,0.1717171717171717,-0.45454545454545453,0.1717171717171717,-0.3888888888888889,0.16161616161616163,-0.3333333333333333,0.15151515151515152
1,0.0,0.0,-0.06598984771573604,-0.20812182741116753,-0.2131979695431472,-0.3553299492385787,-0.3197969543147208,-0.47715736040609136,-0.3604060913705584,-0.5888324873096447,-0.5076142131979695,-0.2436548223350254,-0.7411167512690355,-0.25380710659898476,-0.8883248730964467,-0.23857868020304568,-1.0,-0.2182741116751269,-0.5482233502538071,-0.10152284263959391,-0.5989847715736041,-0.04568527918781726,-0.5228426395939086,-0.030456852791878174,-0.4416243654822335,-0.04060913705583756,-0.5279187817258884,0.03553299492385787,-0.5126903553299492,0.06598984771573604,-0.4467005076142132,0.06091370558375635,-0.37055837563451777,0.04568527918781726,-0.49746192893401014,0.16751269035532995,-0.45685279187817257,0.17258883248730963,-0.39086294416243655,0.16243654822335024,-0.3299492385786802,0.15228426395939088
1,0.0,0.0,-0.044,-0.184,-0.192,-0.332,-0.308,-0.464,-0.348,-0.592,-0.472,-0.216,-0.704,-0.228,-0.872,-0.212,-1.0,-0.196,-0.492,-0.072,-0.64,-0.004,-0.544,-0.004,-0.44,-0.028,-0.468,0.068,-0.528,0.116,-0.448,0.112,-0.376,0.084,-0.424,0.2,-0.46,0.212,-0.384,0.208,-0.328,0.184
1,0.0,0.0,-0.13703703703703704,-0.2,-0.31851851851851853,-0.35185185185185186,-0.45185185185185184,-0.4740740740740741,-0.4925925925925926,-0.6,-0.5962962962962963,-0.2111111111111111,-0.7703703703703704,-0.21481481481481482,-0.9,-0.2,-1.0,-0.18888888888888888,-0.6444444444444445,-0.08148148148148149,-0.6592592592592592,-0.03333333333333333,-0.5814814814814815,-0.02962962962962963,-0.4962962962962963,-0.05555555555555555,-0.6370370370370371,0.05555555555555555,-0.6370370370370371,0.07407407407407407,-0.5740740740740741,0.08148148148148149,-0.5,0.05555555555555555,-0.6037037037037037,0.1814814814814815,-0.6148148148148148,0.2,-0.5592592592592592,0.18888888888888888,-0.4925925925925926,0.16296296296296298
1,0.0,0.0,-0.07220216606498195,-0.19133574007220217,-0.21660649819494585,-0.33212996389891697,-0.3285198555956679,-0.45126353790613716,-0.36823104693140796,-0.5740072202166066,-0.51985559566787,-0.20938628158844766,-0.740072202166065,-0.19855595667870035,-0.8880866425992779,-0.1624548736462094,-1.0,-0.1371841155234657,-0.5703971119133574,-0.07220216606498195,-0.5595667870036101,-0.018050541516245487,-0.47653429602888087,-0.01444043321299639,-0.40794223826714804,-0.036101083032490974,-0.5487364620938628,0.06498194945848375,-0.51985559566787,0.09386281588447654,-0.4548736462093863,0.08303249097472924,-0.3898916967509025,0.06498194945848375,-0.5126353790613718,0.19855595667870035,-0.48736462093862815,0.20577617328519857,-0.4259927797833935,0.18772563176895307,-0.37184115523465705,0.17328519855595667
1,0.0,0.0,-0.05555555555555555,-0.2,-0.2074074074074074,-0.34814814814814815,-0.32222222222222224,-0.4740740740740741,-0.3814814814814815,-0.5851851851851851,-0.4962962962962963,-0.21481481481481482,-0.737037037037037,-0.22592592592592592,-0.8851851851851852,-0.2037037037037037,-1.0,-0.17777777777777778,-0.5407407407407407,-0.08518518518518518,-0.5481481481481482,-0.037037037037037035,-0.45925925925925926,-0.03333333333333333,-0.3925925925925926,-0.05185185185185185,-0.5185185185185185,0.05185185185185185,-0.5222222222222223,0.07037037037037037,-0.45185185185185184,0.06666666666666667,-0.37777777777777777,0.04814814814814815,-0.48148148148148145,0.18518518518518517,-0.48518518518518516,0.17407407407407408,-0.4185185185185185,0.15555555555555556,-0.35555555555555557,0.13703703703703704
1,0.0,0.0,-0.08076923076923077,-0.17692307692307693,-0.23846153846153847,-0.3192307692307692,-0.35,-0.43846153846153846,-0.38461538461538464,-0.5538461538461539,-0.48846153846153845,-0.21923076923076923,-0.7346153846153847,-0.23461538461538461,-0.8884615384615384,-0.2230769230769231,-1.0,-0.2153846153846154,-0.5076923076923077,-0.1076923076923077,-0.5884615384615385,0.007692307692307693,-0.5,0.019230769230769232,-0.4269230769230769,-0.015384615384615385,-0.4807692307692308,0.015384615384615385,-0.5153846153846153,0.11538461538461539,-0.4346153846153846,0.11538461538461539,-0.36923076923076925,0.08461538461538462,-0.43846153846153846,0.14615384615384616,-0.46153846153846156,0.2076923076923077,-0.38846153846153847,0.20384615384615384,-0.3346153846153846,0.17692307692307693
1,0.0,0.0,-0.1033210332103321,-0.16605166051660517,-0.2730627306273063,-0.3025830258302583,-0.3874538745387454,-0.41697416974169743,-0.4280442804428044,-0.5239852398523985,-0.4833948339483395,-0.22878228782287824,-0.7269372693726938,-0.25092250922509224,-0.8782287822878229,-0.24354243542435425,-1.0,-0.23247232472324722,-0.4981549815498155,-0.12546125461254612,-0.6309963099630996,-0.014760147601476014,-0.5535055350553506,0.033210332103321034,-0.4833948339483395,0.033210332103321034,-0.4797047970479705,-0.01107011070110701,-0.5682656826568265,0.0959409594095941,-0.4907749077490775,0.11808118081180811,-0.41697416974169743,0.1033210332103321,-0.45018450184501846,0.11439114391143912,-0.5202952029520295,0.18081180811808117,-0.45387453874538747,0.1881918819188192,-0.3874538745387454,0.16605166051660517
1,0.0,0.0,-0.11235955056179775,-0.17228464419475656,-0.2808988764044944,-0.30711610486891383,-0.40074906367041196,-0.4232209737827715,-0.43820224719101125,-0.5393258426966292,-0.48314606741573035,-0.23595505617977527,-0.7228464419475655,-0.25842696629213485,-0.8764044943820225,-0.2546816479400749,-1.0,-0.24344569288389514,-0.49812734082397003,-0.12359550561797752,-0.6367041198501873,-0.0299625468164794,-0.550561797752809,-0.011235955056179775,-0.46441947565543074,-0.0299625468164794,-0.47191011235955055,0.0,-0.5730337078651685,0.07865168539325842,-0.4943820224719101,0.0898876404494382,-0.41947565543071164,0.06741573033707865,-0.4307116104868914,0.12734082397003746,-0.5131086142322098,0.17228464419475656,-0.4419475655430712,0.17228464419475656,-0.37453183520599254,0.15355805243445692
1,0.0,0.0,-0.12048192771084337,-0.1566265060240964,-0.285140562248996,-0.2891566265060241,-0.39357429718875503,-0.40562248995983935,-0.42971887550200805,-0.5301204819277109,-0.4979919678714859,-0.2289156626506024,-0.7309236947791165,-0.24899598393574296,-0.8835341365461847,-0.24899598393574296,-1.0,-0.24899598393574296,-0.5060240963855421,-0.1285140562248996,-0.6385542168674698,0.004016064257028112,-0.5622489959839357,0.040160642570281124,-0.4899598393574297,0.020080321285140562,-0.4819277108433735,-0.008032128514056224,-0.5742971887550201,0.10843373493975904,-0.5020080321285141,0.11646586345381527,-0.43775100401606426,0.08835341365461848,-0.4457831325301205,0.12048192771084337,-0.5301204819277109,0.1927710843373494,-0.46987951807228917,0.19678714859437751,-0.40963855421686746,0.18072289156626506
1,0.0,0.0,-0.11428571428571428,-0.15510204081632653,-0.2816326530612245,-0.2857142857142857,-0.40408163265306124,-0.39183673469387753,-0.44081632653061226,-0.5102040816326531,-0.5020408163265306,-0.23673469387755103,-0.7346938775510204,-0.2530612244897959,-0.8857142857142857,-0.2530612244897959,-1.0,-0.24489795918367346,-0.5142857142857142,-0.1510204081632653,-0.6571428571428571,0.012244897959183673,-0.5755102040816327,0.053061224489795916,-0.49795918367346936,0.036734693877551024,-0.49387755102040815,-0.04081632653061224,-0.5918367346938775,0.10204081632653061,-0.5061224489795918,0.11428571428571428,-0.43673469387755104,0.08163265306122448,-0.45714285714285713,0.08163265306122448,-0.5387755102040817,0.17551020408163265,-0.46122448979591835,0.17959183673469387,-0.39591836734693875,0.1510204081632653
2,0.0,0.0,0.07309941520467836,-0.1783625730994152,0.24561403508771928,-0.3128654970760234,0.3654970760233918,-0.43567251461988304,0.3888888888888889,-0.564327485380117,0.4853801169590643,-0.24561403508771928,0.7368421052631579,-0.23976608187134502,0.8888888888888888,-0.2222222222222222,1.0,-0.2046783625730994,0.5292397660818714,-0.13742690058479531,0.5730994152046783,0.008771929824561403,0.4824561403508772,0.02046783625730994,0.41228070175438597,-0.014619883040935672,0.5058479532163743,-0.0029239766081871343,0.5,0.09941520467836257,0.4269005847953216,0.1023391812865497,0.3654970760233918,0.06725146198830409,0.4649122807017544,0.11988304093567251,0.43567251461988304,0.19005847953216373,0.3684210526315789,0.19005847953216373,0.3128654970760234,0.15497076023391812
2,0.0,0.0,0.11073825503355705,-0.1912751677852349,0.28523489932885904,-0.3053691275167785,0.40268456375838924,-0.4261744966442953,0.4228187919463087,-0.5604026845637584,0.4966442953020134,-0.25838926174496646,0.7483221476510067,-0.23825503355704697,0.889261744966443,-0.21476510067114093,1.0,-0.19798657718120805,0.5335570469798657,-0.15771812080536912,0.6912751677852349,-0.0738255033557047,0.6711409395973155,-0.050335570469798654,0.6543624161073825,-0.050335570469798654,0.5234899328859061,-0.030201342281879196,0.5704697986577181,0.0436241610738255,0.5,0.04697986577181208,0.4429530201342282,0.020134228187919462,0.4899328859060403,0.09395973154362416,0.4798657718120805,0.1476510067114094,0.412751677852349,0.14093959731543623,0.35906040268456374,0.10738255033557047
2,0.0,0.0,0.1087866108786611,-0.19665271966527198,0.27615062761506276,-0.3138075313807531,0.3891213389121339,-0.42677824267782427,0.41841004184100417,-0.5564853556485355,0.49372384937238495,-0.27615062761506276,0.7615062761506276,-0.25523012552301255,0.899581589958159,-0.22594142259414227,1.0,-0.20502092050209206,0.5397489539748954,-0.17154811715481172,0.606694560669456,-0.03347280334728033,0.5188284518828452,-0.012552301255230125,0.4602510460251046,-0.03765690376569038,0.5230125523012552,-0.03347280334728033,0.5355648535564853,0.058577405857740586,0.4602510460251046,0.06276150627615062,0.40585774058577406,0.02510460251046025,0.4895397489539749,0.09205020920502092,0.46443514644351463,0.16736401673640167,0.39748953974895396,0.16317991631799164,0.3472803347280335,0.12133891213389121
2,0.0,0.0,0.09134615384615384,-0.19230769230769232,0.2548076923076923,-0.3269230769230769,0.36538461538461536,-0.4519230769230769,0.3798076923076923,-0.5865384615384616,0.4951923076923077,-0.25,0.75,-0.25,0.8942307692307693,-0.23557692307692307,1.0,-0.22115384615384615,0.5384615384615384,-0.13942307692307693,0.5961538461538461,0.0,0.5096153846153846,0.014423076923076924,0.44711538461538464,-0.009615384615384616,0.5192307692307693,0.0,0.5336538461538461,0.09615384615384616,0.46153846153846156,0.09615384615384616,0.40384615384615385,0.0625,0.4807692307692308,0.125,0.47115384615384615,0.1971153846153846,0.40865384615384615,0.19230769230769232,0.3557692307692308,0.15384615384615385
2,0.0,0.0,0.10101010101010101,-0.16666666666666666,0.26262626262626265,-0.29797979797979796,0.36363636363636365,-0.4292929292929293,0.3686868686868687,-0.5555555555555556,0.494949494949495,-0.23232323232323232,0.7474747474747475,-0.22727272727272727,0.8939393939393939,-0.20707070707070707,1.0,-0.19696969696969696,0.5353535353535354,-0.12121212121212122,0.6060606060606061,0.030303030303030304,0.5202020202020202,0.05555555555555555,0.46464646464646464,0.030303030303030304,0.5202020202020202,0.015151515151515152,0.5606060606060606,0.13131313131313133,0.5,0.1414141414141414,0.4444444444444444,0.10606060606060606,0.4898989898989899,0.13636363636363635,0.5202020202020202,0.22727272727272727,0.46464646464646464,0.23737373737373738,0.40404040404040403,0.20707070707070707
2,0.0,0.0,0.07179487179487179,-0.14871794871794872,0.2153846153846154,-0.2717948717948718,0.3128205128205128,-0.4,0.3333333333333333,-0.5282051282051282,0.47692307692307695,-0.2,0.7282051282051282,-0.19487179487179487,0.8871794871794871,-0.18974358974358974,1.0,-0.18974358974358974,0.5128205128205128,-0.1076923076923077,0.5384615384615384,0.046153846153846156,0.4461538461538462,0.05641025641025641,0.38461538461538464,0.020512820512820513,0.49230769230769234,0.015384615384615385,0.4717948717948718,0.13846153846153847,0.39487179487179486,0.13846153846153847,0.3333333333333333,0.09230769230769231,0.4512820512820513,0.13846153846153847,0.4153846153846154,0.2358974358974359,0.3384615384615385,0.22564102564102564,0.28717948717948716,0.1794871794871795
2,0.0,0.0,0.10152284263959391,-0.12690355329949238,0.2639593908629442,-0.2182741116751269,0.3553299492385787,-0.3350253807106599,0.3604060913705584,-0.4517766497461929,0.49238578680203043,-0.19289340101522842,0.7309644670050761,-0.19289340101522842,0.883248730964467,-0.18781725888324874,1.0,-0.17766497461928935,0.5228426395939086,-0.1065989847715736,0.5532994923857868,0.04568527918781726,0.4619289340101523,0.06091370558375635,0.40609137055837563,0.02030456852791878,0.49746192893401014,0.01015228426395939,0.5025380710659898,0.1319796954314721,0.4263959390862944,0.1319796954314721,0.36548223350253806,0.08629441624365482,0.4517766497461929,0.12690355329949238,0.4467005076142132,0.2233502538071066,0.3756345177664975,0.2131979695431472,0.3197969543147208,0.17258883248730963
2,0.0,0.0,0.1065989847715736,-0.14213197969543148,0.25888324873096447,-0.24873096446700507,0.34517766497461927,-0.3604060913705584,0.3553299492385787,-0.47715736040609136,0.4873096446700508,-0.20812182741116753,0.7309644670050761,-0.20304568527918782,0.883248730964467,-0.19796954314720813,1.0,-0.18781725888324874,0.5025380710659898,-0.13705583756345177,0.5736040609137056,0.025380710659898477,0.48223350253807107,0.04060913705583756,0.4213197969543147,0.005076142131979695,0.4720812182741117,-0.025380710659898477,0.5126903553299492,0.1065989847715736,0.4365482233502538,0.1065989847715736,0.38071065989847713,0.06598984771573604,0.4263959390862944,0.08121827411167512,0.4517766497461929,0.18781725888324874,0.38071065989847713,0.17766497461928935,0.3248730964467005,0.13705583756345177
2,0.0,0.0,0.11282051282051282,-0.1282051282051282,0.27692307692307694,-0.24102564102564103,0.37435897435897436,-0.3487179487179487,0.37435897435897436,-0.46153846153846156,0.48205128205128206,-0.21025641025641026,0.7282051282051282,-0.21025641025641026,0.882051282051282,-0.20512820512820512,1.0,-0.20512820512820512,0.49230769230769234,-0.1282051282051282,0.6,0.041025641025641026,0.5128205128205128,0.06666666666666667,0.4461538461538462,0.035897435897435895,0.46153846153846156,-0.015384615384615385,0.5333333333333333,0.11794871794871795,0.4564102564102564,0.12307692307692308,0.39487179487179486,0.08717948717948718,0.4153846153846154,0.09230769230769231,0.4564102564102564,0.18974358974358974,0.38461538461538464,0.18974358974358974,0.3282051282051282,0.15384615384615385
2,0.0,0.0,0.11794871794871795,-0.13846153846153847,0.28717948717948716,-0.24102564102564103,0.38974358974358975,-0.3487179487179487,0.39487179487179486,-0.4564102564102564,0.47692307692307695,-0.2205128205128205,0.7333333333333333,-0.22564102564102564,0.882051282051282,-0.22564102564102564,1.0,-0.22564102564102564,0.48205128205128206,-0.14358974358974358,0.5897435897435898,0.0,0.5076923076923077,0.020512820512820513,0.4512820512820513,-0.010256410256410256,0.4512820512820513,-0.02564102564102564,0.5230769230769231,0.08717948717948718,0.4512820512820513,0.09230769230769231,0.4,0.05641025641025641,0.40512820512820513,0.08205128205128205,0.4564102564102564,0.17435897435897435,0.38974358974358975,0.16923076923076924,0.3384615384615385,0.13333333333333333
2,0.0,0.0,0.11917098445595854,-0.13989637305699482,0.29533678756476683,-0.24870466321243523,0.39896373056994816,-0.35751295336787564,0.40932642487046633,-0.47150259067357514,0.48186528497409326,-0.24352331606217617,0.7305699481865285,-0.24870466321243523,0.8808290155440415,-0.24870466321243523,1.0,-0.24870466321243523,0.48186528497409326,-0.17616580310880828,0.5958549222797928,0.0051813471502590676,0.5181347150259067,0.04145077720207254,0.46113989637305697,0.015544041450777202,0.45077720207253885,-0.07253886010362694,0.533678756476684,0.08808290155440414,0.46113989637305697,0.09844559585492228,0.40932642487046633,0.06217616580310881,0.40932642487046633,0.03626943005181347,0.47150259067357514,0.16062176165803108,0.40414507772020725,0.16580310880829016,0.3471502590673575,0.12435233160621761
2,0.0,0.0,0.12299465240641712,-0.12834224598930483,0.31016042780748665,-0.25133689839572193,0.42245989304812837,-0.3582887700534759,0.44919786096256686,-0.47593582887700536,0.48128342245989303,-0.25133689839572193,0.732620320855615,-0.26737967914438504,0.8823529411764706,-0.27807486631016043,1.0,-0.28342245989304815,0.47593582887700536,-0.1925133689839572,0.6256684491978609,0.0053475935828877,0.5454545454545454,0.0481283422459893,0.47593582887700536,0.026737967914438502,0.4385026737967914,-0.09090909090909091,0.5454545454545454,0.08021390374331551,0.47058823529411764,0.09090909090909091,0.40641711229946526,0.053475935828877004,0.39037433155080214,0.016042780748663103,0.45989304812834225,0.13903743315508021,0.39037433155080214,0.1443850267379679,0.3315508021390374,0.10695187165775401
2,0.0,0.0,0.13812154696132597,-0.13259668508287292,0.3314917127071823,-0.24861878453038674,0.4530386740331492,-0.35911602209944754,0.48066298342541436,-0.4861878453038674,0.48066298342541436,-0.2596685082872928,0.7348066298342542,-0.27624309392265195,0.8839779005524862,-0.287292817679558,1.0,-0.2983425414364641,0.4696132596685083,-0.1878453038674033,0.6408839779005525,0.0055248618784530384,0.5580110497237569,0.049723756906077346,0.49171270718232046,0.022099447513812154,0.430939226519337,-0.08287292817679558,0.5580110497237569,0.08839779005524862,0.47513812154696133,0.09392265193370165,0.4198895027624309,0.055248618784530384,0.3812154696132597,0.027624309392265192,0.46408839779005523,0.14917127071823205,0.39226519337016574,0.14917127071823205,0.3314917127071823,0.10497237569060773
2,0.0,0.0,0.14606741573033707,-0.1348314606741573,0.34269662921348315,-0.25842696629213485,0.46629213483146065,-0.37640449438202245,0.4943820224719101,-0.5112359550561798,0.4887640449438202,-0.2752808988764045,0.7359550561797753,-0.29213483146067415,0.8820224719101124,-0.3089887640449438,1.0,-0.3258426966292135,0.47191011235955055,-0.21348314606741572,0.6348314606741573,0.0056179775280898875,0.5561797752808989,0.0449438202247191,0.4943820224719101,0.02247191011235955,0.43258426966292135,-0.11235955056179775,0.5561797752808989,0.08426966292134831,0.47191011235955055,0.0898876404494382,0.4157303370786517,0.0449438202247191,0.37640449438202245,-0.0056179775280898875,0.46629213483146065,0.1348314606741573,0.39325842696629215,0.1404494382022472,0.33707865168539325,0.10112359550561797
2,0.0,0.0,0.15254237288135594,-0.13559322033898305,0.3615819209039548,-0.2542372881355932,0.4858757062146893,-0.3728813559322034,0.5141242937853108,-0.5084745762711864,0.4745762711864407,-0.2598870056497175,0.7288135593220338,-0.2824858757062147,0.8757062146892656,-0.2994350282485876,1.0,-0.3107344632768362,0.4632768361581921,-0.192090395480226,0.632768361581921,0.005649717514124294,0.559322033898305,0.05084745762711865,0.4971751412429379,0.02824858757062147,0.423728813559322,-0.0903954802259887,0.5536723163841808,0.0903954802259887,0.480225988700565,0.1016949152542373,0.423728813559322,0.062146892655367235,0.3728813559322034,0.01694915254237288,0.4632768361581921,0.15254237288135594,0.3954802259887006,0.1638418079096045,0.3446327683615819,0.11864406779661017
2,0.0,0.0,0.14673913043478262,-0.14130434782608695,0.3532608695652174,-0.266304347826087,0.47282608695652173,-0.391304347826087,0.4945652173913043,-0.5271739130434783,0.4673913043478261,-0.25,0.7228260869565217,-0.2608695652173913,0.8804347826086957,-0.2717391304347826,1.0,-0.2826086956521739,0.46195652173913043,-0.16847826086956522,0.6413043478260869,0.010869565217391304,0.5597826086956522,0.043478260869565216,0.4945652173913043,0.0,0.42391304347826086,-0.05434782608695652,0.5489130434782609,0.09782608695652174,0.4782608695652174,0.09782608695652174,0.42391304347826086,0.04891304347826087,0.375,0.05434782608695652,0.45108695652173914,0.15760869565217392,0.3858695652173913,0.15760869565217392,0.33695652173913043,0.11956521739130435
2,0.0,0.0,0.09090909090909091,-0.15656565656565657,0.2878787878787879,-0.3181818181818182,0.4393939393939394,-0.4444444444444444,0.4696969696969697,-0.5959595959595959,0.41414141414141414,-0.25757575757575757,0.696969696969697,-0.2676767676767677,0.8636363636363636,-0.26262626262626265,1.0,-0.2676767676767677,0.41414141414141414,-0.16161616161616163,0.5909090909090909,-0.005050505050505051,0.5151515151515151,0.025252525252525252,0.4444444444444444,-0.005050505050505051,0.3787878787878788,-0.030303030303030304,0.5202020202020202,0.10101010101010101,0.45454545454545453,0.1111111111111111,0.3838383838383838,0.0707070707070707,0.3434343434343434,0.09595959595959595,0.4595959595959596,0.18686868686868688,0.3838383838383838,0.1919191919191919,0.31313131313131315,0.15656565656565657
2,0.0,0.0,0.10619469026548672,-0.15486725663716813,0.29646017699115046,-0.2920353982300885,0.42920353982300885,-0.42035398230088494,0.4557522123893805,-0.5575221238938053,0.45132743362831856,-0.23008849557522124,0.7079646017699115,-0.22123893805309736,0.8716814159292036,-0.2079646017699115,1.0,-0.20353982300884957,0.4469026548672566,-0.12389380530973451,0.6106194690265486,0.03982300884955752,0.5221238938053098,0.06637168141592921,0.43805309734513276,0.022123893805309734,0.40707964601769914,0.008849557522123894,0.5221238938053098,0.1592920353982301,0.4424778761061947,0.1592920353982301,0.37168141592920356,0.10619469026548672,0.3495575221238938,0.1415929203539823,0.4424778761061947,0.24778761061946902,0.3584070796460177,0.23893805309734514,0.2920353982300885,0.18584070796460178
2,0.0,0.0,0.11610486891385768,-0.13108614232209737,0.2958801498127341,-0.24719101123595505,0.41947565543071164,-0.3595505617977528,0.4606741573033708,-0.4794007490636704,0.4307116104868914,-0.19850187265917604,0.6966292134831461,-0.18726591760299627,0.8689138576779026,-0.16104868913857678,1.0,-0.149812734082397,0.41947565543071164,-0.09363295880149813,0.5955056179775281,0.052434456928838954,0.5205992509363296,0.08239700374531835,0.4419475655430712,0.03745318352059925,0.3782771535580524,0.03745318352059925,0.5168539325842697,0.1760299625468165,0.449438202247191,0.18726591760299627,0.37453183520599254,0.13857677902621723,0.3295880149812734,0.16853932584269662,0.44569288389513106,0.2808988764044944,0.3707865168539326,0.2808988764044944,0.299625468164794,0.22846441947565543
2,0.0,0.0,0.21120689655172414,-0.1853448275862069,0.5,-0.34913793103448276,0.6896551724137931,-0.4956896551724138,0.75,-0.6767241379310345,0.7586206896551724,-0.25862068965517243,1.0,0.008620689655172414,0.9267241379310345,0.09913793103448276,0.8448275862068966,0.07758620689655173,0.7155172413793104,-0.09913793103448276,0.8879310344827587,0.21982758620689655,0.7629310344827587,0.2413793103448276,0.6724137931034483,0.14655172413793102,0.6379310344827587,0.07758620689655173,0.7672413793103449,0.35344827586206895,0.6681034482758621,0.34051724137931033,0.5775862068965517,0.2413793103448276,0.5474137931034483,0.25,0.6379310344827587,0.4482758620689655,0.5344827586206896,0.43103448275862066,0.46120689655172414,0.3448275862068966
2,0.0,0.0,0.13623188405797101,-0.1536231884057971,0.32463768115942027,-0.2608695652173913,0.4579710144927536,-0.3739130434782609,0.4927536231884058,-0.5072463768115942,0.5130434782608696,-0.21159420289855072,0.7391304347826086,-0.14202898550724638,0.8840579710144928,-0.11594202898550725,1.0,-0.11304347826086956,0.5043478260869565,-0.11304347826086956,0.6028985507246377,0.11884057971014493,0.5072463768115942,0.1391304347826087,0.4405797101449275,0.0782608695652174,0.45507246376811594,0.017391304347826087,0.5072463768115942,0.21739130434782608,0.42028985507246375,0.22028985507246376,0.36231884057971014,0.1565217391304348,0.391304347826087,0.14782608695652175,0.41739130434782606,0.28695652173913044,0.3333333333333333,0.2753623188405797,0.2811594202898551,0.2144927536231884
2,0.0,0.0,0.11627906976744186,-0.13953488372093023,0.3,-0.24186046511627907,0.4255813953488372,-0.34418604651162793,0.46511627906976744,-0.46744186046511627,0.5069767441860465,-0.18604651162790697,0.7372093023255814,-0.1325581395348837,0.8837209302325582,-0.11162790697674418,1.0,-0.10697674418604651,0.5046511627906977,-0.09069767441860466,0.5906976744186047,0.12325581395348838,0.5023255813953489,0.14651162790697675,0.4372093023255814,0.09302325581395349,0.45348837209302323,0.03488372093023256,0.5069767441860465,0.22325581395348837,0.4232558139534884,0.2186046511627907,0.36511627906976746,0.15348837209302327,0.3883720930232558,0.1511627906976744,0.4116279069767442,0.29069767441860467,0.3302325581395349,0.27906976744186046,0.27209302325581397,0.22093023255813954
2,0.0,0.0,0.10085836909871244,-0.12660944206008584,0.27253218884120173,-0.2317596566523605,0.38626609442060084,-0.3369098712446352,0.4206008583690987,-0.4570815450643777,0.48068669527896996,-0.17381974248927037,0.723175965665236,-0.13090128755364808,0.8819742489270386,-0.1072961373390558,1.0,-0.09871244635193133,0.4871244635193133,-0.0815450643776824,0.5493562231759657,0.10515021459227468,0.45278969957081544,0.11373390557939914,0.3927038626609442,0.060085836909871244,0.44635193133047213,0.03648068669527897,0.4742489270386266,0.19313304721030042,0.3927038626609442,0.18240343347639484,0.33261802575107297,0.1223175965665236,0.3927038626609442,0.14377682403433475,0.4012875536480687,0.2575107296137339,0.31759656652360513,0.2446351931330472,0.26180257510729615,0.19098712446351931
2,0.0,0.0,0.09957627118644068,-0.13771186440677965,0.2711864406779661,-0.2478813559322034,0.3983050847457627,-0.3411016949152542,0.4343220338983051,-0.4597457627118644,0.4788135593220339,-0.1885593220338983,0.7351694915254238,-0.1461864406779661,0.8834745762711864,-0.11864406779661017,1.0,-0.09745762711864407,0.4851694915254237,-0.0847457627118644,0.586864406779661,0.11228813559322035,0.4936440677966102,0.13135593220338984,0.4216101694915254,0.08898305084745763,0.4364406779661017,0.04025423728813559,0.5042372881355932,0.19491525423728814,0.4258474576271186,0.1885593220338983,0.3538135593220339,0.13771186440677965,0.3792372881355932,0.15466101694915255,0.4152542372881356,0.2542372881355932,0.3389830508474576,0.2478813559322034,0.2796610169491525,0.19915254237288135
2,0.0,0.0,0.12783505154639174,-0.13814432989690723,0.30721649484536084,-0.23505154639175257,0.4268041237113402,-0.334020618556701,0.4742268041237113,-0.44536082474226807,0.4845360824742268,-0.18144329896907216,0.7402061855670103,-0.15051546391752577,0.8865979381443299,-0.12164948453608247,1.0,-0.10309278350515463,0.49072164948453606,-0.088659793814433,0.6144329896907217,0.07010309278350516,0.534020618556701,0.0865979381443299,0.4577319587628866,0.04536082474226804,0.4515463917525773,0.032989690721649485,0.5195876288659794,0.16082474226804125,0.44536082474226807,0.16288659793814433,0.3835051546391753,0.11958762886597939,0.3938144329896907,0.14432989690721648,0.4288659793814433,0.23917525773195877,0.3628865979381443,0.2329896907216495,0.30721649484536084,0.19175257731958764
2,0.0,0.0,0.1278825995807128,-0.13626834381551362,0.31027253668763105,-0.24109014675052412,0.429769392033543,-0.33542976939203356,0.4716981132075472,-0.44863731656184486,0.5052410901467506,-0.19916142557651992,0.750524109014675,-0.15932914046121593,0.8930817610062893,-0.1320754716981132,1.0,-0.1111111111111111,0.5052410901467506,-0.11320754716981132,0.6184486373165619,0.06918238993710692,0.5283018867924528,0.08176100628930817,0.4591194968553459,0.03563941299790356,0.4612159329140461,0.0020964360587002098,0.5324947589098532,0.1530398322851153,0.4528301886792453,0.14675052410901468,0.389937106918239,0.09643605870020965,0.4025157232704403,0.11320754716981132,0.44654088050314467,0.2180293501048218,0.3752620545073375,0.20964360587002095,0.32075471698113206,0.16142557651991615
2,0.0,0.0,0.14761904761904762,-0.1619047619047619,0.32857142857142857,-0.25,0.4357142857142857,-0.3404761904761905,0.47619047619047616,-0.45714285714285713,0.530952380952381,-0.2119047619047619,0.7690476190476191,-0.16666666666666666,0.9023809523809524,-0.14047619047619048,1.0,-0.12142857142857143,0.5333333333333333,-0.11428571428571428,0.6309523809523809,0.09285714285714286,0.5523809523809524,0.11428571428571428,0.4976190476190476,0.06904761904761905,0.49047619047619045,0.0,0.5428571428571428,0.15476190476190477,0.4714285714285714,0.15,0.42142857142857143,0.09523809523809523,0.4357142857142857,0.1,0.4595238095238095,0.2,0.3952380952380952,0.19047619047619047,0.34523809523809523,0.1357142857142857
2,0.0,0.0,0.14540816326530612,-0.16326530612244897,0.32653061224489793,-0.2576530612244898,0.4336734693877551,-0.3469387755102041,0.46938775510204084,-0.45663265306122447,0.5382653061224489,-0.2193877551020408,0.7678571428571429,-0.1760204081632653,0.9005102040816326,-0.14540816326530612,1.0,-0.12755102040816327,0.5408163265306123,-0.13520408163265307,0.6505102040816326,0.058673469387755105,0.5663265306122449,0.07142857142857142,0.5,0.02295918367346939,0.4897959183673469,-0.025510204081632654,0.5637755102040817,0.13010204081632654,0.4872448979591837,0.125,0.43112244897959184,0.07142857142857142,0.42091836734693877,0.07142857142857142,0.461734693877551,0.18112244897959184,0.3979591836734694,0.1760204081632653,0.3469387755102041,0.12244897959183673
2,0.0,0.0,0.14029850746268657,-0.16119402985074627,0.3253731343283582,-0.2626865671641791,0.4507462686567164,-0.3522388059701492,0.49850746268656715,-0.4626865671641791,0.5253731343283582,-0.22686567164179106,0.7582089552238805,-0.191044776119403,0.8955223880597015,-0.16716417910447762,1.0,-0.14626865671641792,0.5283582089552239,-0.15223880597014924,0.6925373134328359,0.056716417910447764,0.6298507462686567,0.11343283582089553,0.5701492537313433,0.11044776119402985,0.4925373134328358,-0.05373134328358209,0.582089552238806,0.13134328358208955,0.5074626865671642,0.14029850746268657,0.4507462686567164,0.09850746268656717,0.43283582089552236,0.04776119402985075,0.4746268656716418,0.1791044776119403,0.408955223880597,0.1791044776119403,0.3611940298507463,0.12835820895522387
2,0.0,0.0,0.09950248756218906,-0.16417910447761194,0.29850746268656714,-0.2885572139303483,0.4427860696517413,-0.417910447761194,0.48756218905472637,-0.5671641791044776,0.527363184079602,-0.18407960199004975,0.746268656716418,-0.12437810945273632,0.8855721393034826,-0.1044776119402985,1.0,-0.1044776119402985,0.5323383084577115,-0.06467661691542288,0.6467661691542289,0.14427860696517414,0.5472636815920398,0.1791044776119403,0.46766169154228854,0.13432835820895522,0.48756218905472637,0.07960199004975124,0.5621890547263682,0.263681592039801,0.46766169154228854,0.2736318407960199,0.39303482587064675,0.21393034825870647,0.417910447761194,0.21890547263681592,0.4626865671641791,0.3582089552238806,0.3681592039800995,0.35323383084577115,0.29850746268656714,0.2885572139303483
2,0.0,0.0,0.14144736842105263,-0.16447368421052633,0.3190789473684211,-0.2598684210526316,0.4407894736842105,-0.34868421052631576,0.4868421052631579,-0.4605263157894737,0.5394736842105263,-0.23026315789473684,0.7730263157894737,-0.20394736842105263,0.9046052631578947,-0.18421052631578946,1.0,-0.17105263157894737,0.5526315789473685,-0.14144736842105263,0.7006578947368421,0.07236842105263158,0.6480263157894737,0.14473684210526316,0.5921052631578947,0.14473684210526316,0.5197368421052632,-0.029605263157894735,0.6085526315789473,0.17105263157894737,0.5427631578947368,0.19407894736842105,0.4901315789473684,0.15460526315789475,0.46710526315789475,0.0756578947368421,0.506578947368421,0.2236842105263158,0.4407894736842105,0.22697368421052633,0.3815789473684211,0.17434210526315788
2,0.0,0.0,0.13716814159292035,-0.1592920353982301,0.3407079646017699,-0.26991150442477874,0.4778761061946903,-0.39823008849557523,0.5132743362831859,-0.5265486725663717,0.5486725663716814,-0.1902654867256637,0.7522123893805309,-0.13274336283185842,0.8938053097345132,-0.10176991150442478,1.0,-0.09292035398230089,0.5707964601769911,-0.05752212389380531,0.672566371681416,0.11504424778761062,0.5796460176991151,0.1415929203539823,0.4911504424778761,0.10176991150442478,0.5486725663716814,0.08849557522123894,0.6371681415929203,0.24778761061946902,0.5663716814159292,0.25663716814159293,0.4823008849557522,0.2079646017699115,0.5,0.22566371681415928,0.5796460176991151,0.3274336283185841,0.5132743362831859,0.3407079646017699,0.43805309734513276,0.3053097345132743
2,0.0,0.0,0.13240418118466898,-0.14982578397212543,0.30662020905923343,-0.24390243902439024,0.42857142857142855,-0.34146341463414637,0.47038327526132406,-0.46689895470383275,0.519163763066202,-0.18118466898954705,0.7560975609756098,-0.16376306620209058,0.8954703832752613,-0.13937282229965156,1.0,-0.12195121951219512,0.5400696864111498,-0.08710801393728224,0.6167247386759582,0.0975609756097561,0.519163763066202,0.11846689895470383,0.44947735191637633,0.08013937282229965,0.5121951219512195,0.03484320557491289,0.5644599303135889,0.1951219512195122,0.4843205574912892,0.1986062717770035,0.4250871080139373,0.14982578397212543,0.47038327526132406,0.14285714285714285,0.5087108013937283,0.27526132404181186,0.43205574912891986,0.28222996515679444,0.37282229965156793,0.23693379790940766
2,0.0,0.0,0.12547528517110265,-0.1634980988593156,0.2965779467680608,-0.23574144486692014,0.41825095057034223,-0.33079847908745247,0.44866920152091255,-0.44866920152091255,0.5209125475285171,-0.18250950570342206,0.7566539923954373,-0.14068441064638784,0.8935361216730038,-0.11406844106463879,1.0,-0.08745247148288973,0.5475285171102662,-0.07224334600760456,0.5665399239543726,0.07984790874524715,0.4790874524714829,0.09125475285171103,0.42585551330798477,0.057034220532319393,0.5095057034220533,0.057034220532319393,0.49809885931558934,0.1596958174904943,0.43346007604562736,0.1634980988593156,0.3916349809885932,0.12547528517110265,0.4524714828897338,0.17490494296577946,0.42585551330798477,0.2585551330798479,0.3688212927756654,0.25475285171102663,0.3269961977186312,0.21673003802281368
2,0.0,0.0,0.08906882591093117,-0.15384615384615385,0.2388663967611336,-0.2388663967611336,0.3603238866396761,-0.3319838056680162,0.41295546558704455,-0.43724696356275305,0.4939271255060729,-0.15384615384615385,0.7327935222672065,-0.10931174089068826,0.8866396761133604,-0.07692307692307693,1.0,-0.05263157894736842,0.5101214574898786,-0.06882591093117409,0.5506072874493927,0.08906882591093117,0.46558704453441296,0.09716599190283401,0.4008097165991903,0.06072874493927125,0.46963562753036436,0.044534412955465584,0.48582995951417,0.15789473684210525,0.41295546558704455,0.15789473684210525,0.3562753036437247,0.1214574898785425,0.41700404858299595,0.14979757085020243,0.4089068825910931,0.22672064777327935,0.3481781376518219,0.22267206477732793,0.29554655870445345,0.1902834008097166
2,0.0,0.0,0.08189655172413793,-0.14224137931034483,0.22844827586206898,-0.2543103448275862,0.34051724137931033,-0.36637931034482757,0.3577586206896552,-0.49137931034482757,0.46551724137931033,-0.16379310344827586,0.7327586206896551,-0.1336206896551724,0.8879310344827587,-0.11206896551724138,1.0,-0.09051724137931035,0.4827586206896552,-0.04741379310344827,0.5431034482758621,0.09051724137931035,0.44396551724137934,0.08620689655172414,0.375,0.04741379310344827,0.4353448275862069,0.08189655172413793,0.46551724137931033,0.1853448275862069,0.3879310344827586,0.17672413793103448,0.31896551724137934,0.13793103448275862,0.3793103448275862,0.2025862068965517,0.3793103448275862,0.2672413793103448,0.30603448275862066,0.2543103448275862,0.24568965517241378,0.21551724137931033
2,0.0,0.0,0.08733624454148471,-0.1222707423580786,0.2445414847161572,-0.2314410480349345,0.3537117903930131,-0.3406113537117904,0.37554585152838427,-0.462882096069869,0.45414847161572053,-0.13973799126637554,0.7292576419213974,-0.1091703056768559,0.8864628820960698,-0.07860262008733625,1.0,-0.0611353711790393,0.4672489082969432,-0.043668122270742356,0.5283842794759825,0.13537117903930132,0.4279475982532751,0.13973799126637554,0.3624454148471616,0.09170305676855896,0.42358078602620086,0.07860262008733625,0.45414847161572053,0.21397379912663755,0.37117903930131,0.2096069868995633,0.30131004366812225,0.16593886462882096,0.37554585152838427,0.19213973799126638,0.388646288209607,0.28820960698689957,0.31004366812227074,0.27510917030567683,0.2445414847161572,0.2314410480349345
2,0.0,0.0,0.09333333333333334,-0.1111111111111111,0.26222222222222225,-0.21777777777777776,0.37777777777777777,-0.31555555555555553,0.39111111111111113,-0.43555555555555553,0.47555555555555556,-0.1511111111111111,0.7333333333333333,-0.12,0.8844444444444445,-0.10222222222222223,1.0,-0.08888888888888889,0.4711111111111111,-0.06222222222222222,0.52,0.1288888888888889,0.4266666666666667,0.13333333333333333,0.37333333333333335,0.08444444444444445,0.4177777777777778,0.05333333333333334,0.4488888888888889,0.2088888888888889,0.3688888888888889,0.2,0.31555555555555553,0.1511111111111111,0.35555555555555557,0.16444444444444445,0.38222222222222224,0.28,0.30666666666666664,0.26666666666666666,0.24444444444444444,0.21777777777777776
2,0.0,0.0,0.11210762331838565,-0.1210762331838565,0.28699551569506726,-0.21973094170403587,0.4125560538116592,-0.3183856502242152,0.4484304932735426,-0.43946188340807174,0.4663677130044843,-0.18385650224215247,0.7219730941704036,-0.16591928251121077,0.8789237668161435,-0.14798206278026907,1.0,-0.13004484304932734,0.4663677130044843,-0.1031390134529148,0.5605381165919282,0.08968609865470852,0.47533632286995514,0.11210762331838565,0.4125560538116592,0.07174887892376682,0.4170403587443946,0.008968609865470852,0.47085201793721976,0.17040358744394618,0.3991031390134529,0.16591928251121077,0.3452914798206278,0.12556053811659193,0.35874439461883406,0.1210762331838565,0.38565022421524664,0.242152466367713,0.3183856502242152,0.23318385650224216,0.26905829596412556,0.18834080717488788
2,0.0,0.0,0.20155038759689922,-0.17829457364341086,0.5271317829457365,-0.34108527131782945,0.7286821705426356,-0.4806201550387597,0.7829457364341085,-0.6589147286821705,0.8062015503875969,-0.24031007751937986,1.0,0.07751937984496124,0.8992248062015504,0.14728682170542637,0.7906976744186046,0.08527131782945736,0.7829457364341085,-0.09302325581395349,0.9534883720930233,0.2248062015503876,0.8372093023255814,0.26356589147286824,0.7441860465116279,0.18604651162790697,0.7131782945736435,0.06976744186046512,0.8527131782945736,0.3488372093023256,0.7441860465116279,0.3488372093023256,0.6511627906976745,0.26356589147286824,0.6124031007751938,0.2248062015503876,0.7054263565891473,0.43410852713178294,0.6046511627906976,0.4263565891472868,0.5193798449612403,0.34108527131782945
2,0.0,0.0,0.12334801762114538,-0.12334801762114538,0.3039647577092511,-0.21145374449339208,0.43171806167400884,-0.3039647577092511,0.47577092511013214,-0.41409691629955947,0.4713656387665198,-0.19383259911894274,0.7312775330396476,-0.1762114537444934,0.8810572687224669,-0.16299559471365638,1.0,-0.15859030837004406,0.4713656387665198,-0.1145374449339207,0.5859030837004405,0.07048458149779736,0.5066079295154186,0.09251101321585903,0.44493392070484583,0.05726872246696035,0.42731277533039647,-0.00881057268722467,0.5066079295154186,0.14977973568281938,0.43171806167400884,0.14977973568281938,0.3832599118942731,0.11013215859030837,0.3744493392070485,0.09691629955947137,0.43171806167400884,0.22026431718061673,0.36123348017621143,0.21585903083700442,0.31277533039647576,0.1762114537444934
2,0.0,0.0,0.13392857142857142,-0.11607142857142858,0.32589285714285715,-0.20089285714285715,0.45982142857142855,-0.2857142857142857,0.5044642857142857,-0.4017857142857143,0.4955357142857143,-0.20535714285714285,0.7410714285714286,-0.20535714285714285,0.8839285714285714,-0.19642857142857142,1.0,-0.19196428571428573,0.49107142857142855,-0.14732142857142858,0.6116071428571429,0.049107142857142856,0.5223214285714286,0.08035714285714286,0.45535714285714285,0.044642857142857144,0.44642857142857145,-0.05357142857142857,0.5401785714285714,0.12946428571428573,0.45535714285714285,0.12946428571428573,0.4017857142857143,0.08928571428571429,0.38839285714285715,0.044642857142857144,0.45089285714285715,0.19196428571428573,0.3794642857142857,0.1875,0.33035714285714285,0.14285714285714285
2,0.0,0.0,0.14622641509433962,-0.12735849056603774,0.3490566037735849,-0.21226415094339623,0.4811320754716981,-0.2971698113207547,0.5141509433962265,-0.419811320754717,0.49528301886792453,-0.2358490566037736,0.7405660377358491,-0.2358490566037736,0.8820754716981132,-0.24056603773584906,1.0,-0.24528301886792453,0.4811320754716981,-0.17452830188679244,0.6226415094339622,0.02358490566037736,0.5424528301886793,0.04716981132075472,0.47641509433962265,0.009433962264150943,0.4386792452830189,-0.07547169811320754,0.5424528301886793,0.09433962264150944,0.46226415094339623,0.08962264150943396,0.4056603773584906,0.04245283018867924,0.3867924528301887,0.018867924528301886,0.4528301886792453,0.14622641509433962,0.38207547169811323,0.14622641509433962,0.330188679245283,0.10377358490566038
2,0.0,0.0,0.12972972972972974,-0.11891891891891893,0.34054054054054056,-0.2,0.4756756756756757,-0.31351351351351353,0.5081081081081081,-0.44324324324324327,0.4756756756756757,-0.2,0.7027027027027027,-0.16756756756756758,0.8702702702702703,-0.16756756756756758,1.0,-0.1783783783783784,0.4702702702702703,-0.14594594594594595,0.6270270270270271,0.10810810810810811,0.5459459459459459,0.16756756756756758,0.4648648648648649,0.14594594594594595,0.42702702702702705,-0.04864864864864865,0.5351351351351351,0.1837837837837838,0.4486486486486487,0.22162162162162163,0.3837837837837838,0.1837837837837838,0.3567567567567568,0.05405405405405406,0.42702702702702705,0.23243243243243245,0.3567567567567568,0.25405405405405407,0.3027027027027027,0.22162162162162163
2,0.0,0.0,0.14622641509433962,-0.12264150943396226,0.33962264150943394,-0.21226415094339623,0.4669811320754717,-0.2971698113207547,0.5094339622641509,-0.419811320754717,0.5,-0.22169811320754718,0.7452830188679245,-0.21226415094339623,0.8867924528301887,-0.2169811320754717,1.0,-0.2169811320754717,0.4858490566037736,-0.16981132075471697,0.6226415094339622,0.06132075471698113,0.5283018867924528,0.08962264150943396,0.45754716981132076,0.04716981132075472,0.4386792452830189,-0.07547169811320754,0.5330188679245284,0.1320754716981132,0.4528301886792453,0.1320754716981132,0.39622641509433965,0.08018867924528301,0.37735849056603776,0.018867924528301886,0.4386792452830189,0.17452830188679244,0.36792452830188677,0.1792452830188679,0.32075471698113206,0.1320754716981132
2,0.0,0.0,0.1504424778761062,-0.12831858407079647,0.35398230088495575,-0.2345132743362832,0.4778761061946903,-0.3185840707964602,0.5176991150442478,-0.42035398230088494,0.4557522123893805,-0.20353982300884957,0.7123893805309734,-0.19911504424778761,0.8716814159292036,-0.18584070796460178,1.0,-0.18584070796460178,0.4469026548672566,-0.11504424778761062,0.588495575221239,-0.004424778761061947,0.5398230088495575,0.02654867256637168,0.49557522123893805,0.008849557522123894,0.40707964601769914,-0.008849557522123894,0.5221238938053098,0.084070796460177,0.4646017699115044,0.10176991150442478,0.415929203539823,0.07964601769911504,0.35398230088495575,0.09292035398230089,0.43805309734513276,0.15486725663716813,0.3893805309734513,0.16371681415929204,0.3407079646017699,0.1504424778761062
1,0.0,0.0,-0.07024793388429752,-0.21074380165289255,-0.21074380165289255,-0.3760330578512397,-0.3140495867768595,-0.512396694214876,-0.3512396694214876,-0.6363636363636364,-0.48760330578512395,-0.28512396694214875,-0.7396694214876033,-0.30578512396694213,-0.8842975206611571,-0.30165289256198347,-1.0,-0.30165289256198347,-0.5289256198347108,-0.14049586776859505,-0.7148760330578512,-0.10743801652892562,-0.7272727272727273,-0.09504132231404959,-0.7024793388429752,-0.09090909090909091,-0.5165289256198347,0.0,-0.5082644628099173,0.01652892561983471,-0.4297520661157025,0.008264462809917356,-0.359504132231405,-0.004132231404958678,-0.4834710743801653,0.128099173553719,-0.44214876033057854,0.11570247933884298,-0.3677685950413223,0.11570247933884298,-0.3140495867768595,0.10743801652892562
1,0.0,0.0,-0.0743801652892562,-0.21487603305785125,-0.21487603305785125,-0.3760330578512397,-0.32644628099173556,-0.512396694214876,-0.359504132231405,-0.6322314049586777,-0.512396694214876,-0.28512396694214875,-0.7520661157024794,-0.2975206611570248,-0.8925619834710744,-0.29338842975206614,-1.0,-0.2892561983471074,-0.5537190082644629,-0.13636363636363635,-0.731404958677686,-0.09917355371900827,-0.743801652892562,-0.09917355371900827,-0.7148760330578512,-0.10743801652892562,-0.5330578512396694,0.0,-0.5413223140495868,0.012396694214876033,-0.4628099173553719,-0.008264462809917356,-0.384297520661157,-0.02066115702479339,-0.49586776859504134,0.1322314049586777,-0.45867768595041325,0.11570247933884298,-0.3884297520661157,0.09917355371900827,-0.32644628099173556,0.09504132231404959
1,0.0,0.0,-0.07468879668049792,-0.2074688796680498,-0.21991701244813278,-0.37344398340248963,-0.3236514522821577,-0.5103734439834025,-0.3651452282157676,-0.6307053941908713,-0.5103734439834025,-0.2821576763485477,-0.7551867219917012,-0.2987551867219917,-0.8921161825726142,-0.2987551867219917,-1.0,-0.2987551867219917,-0.5518672199170125,-0.13692946058091288,-0.7510373443983402,-0.1078838174273859,-0.8423236514522822,-0.0995850622406639,-0.8879668049792531,-0.0995850622406639,-0.5352697095435685,0.004149377593360996,-0.5394190871369294,0.02074688796680498,-0.4605809128630705,0.008298755186721992,-0.37344398340248963,-0.008298755186721992,-0.5020746887966805,0.13692946058091288,-0.4605809128630705,0.12863070539419086,-0.38589211618257263,0.12448132780082988,-0.31950207468879666,0.11618257261410789
1,0.0,0.0,-0.0653061224489796,-0.2163265306122449,-0.22448979591836735,-0.37142857142857144,-0.34285714285714286,-0.5061224489795918,-0.3673469387755102,-0.6285714285714286,-0.5020408163265306,-0.2938775510204082,-0.7306122448979592,-0.3224489795918367,-0.8816326530612245,-0.3306122448979592,-1.0,-0.3306122448979592,-0.5551020408163265,-0.1673469387755102,-0.5755102040816327,-0.08979591836734693,-0.4897959183673469,-0.07346938775510205,-0.4122448979591837,-0.08163265306122448,-0.5387755102040817,-0.02857142857142857,-0.5142857142857142,0.02040816326530612,-0.4448979591836735,0.024489795918367346,-0.37551020408163266,0.012244897959183673,-0.5061224489795918,0.10612244897959183,-0.46530612244897956,0.11836734693877551,-0.39183673469387753,0.11836734693877551,-0.3346938775510204,0.11428571428571428
1,0.0,0.0,-0.16877637130801687,-0.16877637130801687,-0.3670886075949367,-0.25316455696202533,-0.5063291139240507,-0.27848101265822783,-0.5780590717299579,-0.26582278481012656,-0.5274261603375527,-0.29535864978902954,-0.7637130801687764,-0.189873417721519,-0.8987341772151899,-0.11392405063291139,-1.0,-0.05485232067510549,-0.5569620253164557,-0.18143459915611815,-0.8016877637130801,-0.02531645569620253,-0.8607594936708861,0.0759493670886076,-0.8945147679324894,0.13924050632911392,-0.5485232067510548,-0.0379746835443038,-0.7932489451476793,0.10548523206751055,-0.8649789029535865,0.19831223628691982,-0.9156118143459916,0.25316455696202533,-0.5232067510548524,0.11392405063291139,-0.7257383966244726,0.22784810126582278,-0.8185654008438819,0.31223628691983124,-0.8987341772151899,0.3755274261603376
1,0.0,0.0,-0.05531914893617021,-0.2170212765957447,-0.18723404255319148,-0.3829787234042553,-0.2851063829787234,-0.5148936170212766,-0.3191489361702128,-0.6297872340425532,-0.48936170212765956,-0.2851063829787234,-0.7276595744680852,-0.3446808510638298,-0.8851063829787233,-0.3659574468085106,-1.0,-0.3872340425531915,-0.5361702127659574,-0.15319148936170213,-0.7957446808510639,-0.11063829787234042,-0.7319148936170212,-0.059574468085106386,-0.6425531914893617,-0.04680851063829787,-0.5361702127659574,-0.00851063829787234,-0.774468085106383,0.03829787234042553,-0.6978723404255319,0.06808510638297872,-0.6085106382978723,0.06808510638297872,-0.502127659574468,0.13617021276595745,-0.6808510638297872,0.1829787234042553,-0.625531914893617,0.19574468085106383,-0.5446808510638298,0.18723404255319148
1,0.0,0.0,-0.09486166007905138,-0.1976284584980237,-0.2490118577075099,-0.34782608695652173,-0.35177865612648224,-0.4743083003952569,-0.391304347826087,-0.5849802371541502,-0.5098814229249012,-0.233201581027668,-0.7430830039525692,-0.28063241106719367,-0.8893280632411067,-0.2964426877470356,-1.0,-0.308300395256917,-0.541501976284585,-0.11067193675889328,-0.7944664031620553,-0.06324110671936758,-0.7351778656126482,-0.011857707509881422,-0.6482213438735178,0.0,-0.525691699604743,0.023715415019762844,-0.766798418972332,0.07905138339920949,-0.7035573122529645,0.1067193675889328,-0.6245059288537549,0.10276679841897234,-0.4782608695652174,0.15019762845849802,-0.6521739130434783,0.20553359683794467,-0.6086956521739131,0.2134387351778656,-0.5375494071146245,0.19367588932806323
1,0.0,0.0,-0.08906882591093117,-0.20242914979757085,-0.242914979757085,-0.3441295546558704,-0.3562753036437247,-0.46153846153846156,-0.3967611336032389,-0.5708502024291497,-0.5141700404858299,-0.21862348178137653,-0.7489878542510121,-0.2631578947368421,-0.8906882591093117,-0.26720647773279355,-1.0,-0.27530364372469635,-0.5425101214574899,-0.10121457489878542,-0.7854251012145749,-0.044534412955465584,-0.7489878542510121,0.020242914979757085,-0.680161943319838,0.04048582995951417,-0.5222672064777328,0.032388663967611336,-0.7530364372469636,0.09716599190283401,-0.7044534412955465,0.13360323886639677,-0.631578947368421,0.12955465587044535,-0.46963562753036436,0.16194331983805668,-0.6518218623481782,0.23076923076923078,-0.6194331983805668,0.2388663967611336,-0.5546558704453441,0.22267206477732793
1,0.0,0.0,-0.1346153846153846,-0.14102564102564102,-0.32371794871794873,-0.25,-0.46794871794871795,-0.33974358974358976,-0.5352564102564102,-0.44551282051282054,-0.48717948717948717,-0.0673076923076923,-0.7307692307692307,-0.08333333333333333,-0.8846153846153846,-0.08653846153846154,-1.0,-0.08653846153846154,-0.47435897435897434,0.060897435897435896,-0.6923076923076923,0.16666666666666666,-0.6025641025641025,0.16025641025641027,-0.5096153846153846,0.13141025641025642,-0.4230769230769231,0.1762820512820513,-0.6121794871794872,0.28205128205128205,-0.5352564102564102,0.25961538461538464,-0.4551282051282051,0.21794871794871795,-0.3525641025641026,0.28525641025641024,-0.5128205128205128,0.3557692307692308,-0.4551282051282051,0.3269230769230769,-0.38782051282051283,0.2948717948717949
1,0.0,0.0,-0.14330218068535824,-0.14330218068535824,-0.32710280373831774,-0.24922118380062305,-0.4766355140186916,-0.3395638629283489,-0.5482866043613707,-0.4392523364485981,-0.4984423676012461,-0.056074766355140186,-0.735202492211838,-0.0529595015576324,-0.8878504672897196,-0.04672897196261682,-1.0,-0.03426791277258567,-0.48909657320872274,0.06853582554517133,-0.6822429906542056,0.16510903426791276,-0.5981308411214953,0.1557632398753894,-0.4984423676012461,0.12461059190031153,-0.43613707165109034,0.1838006230529595,-0.5981308411214953,0.2803738317757009,-0.5233644859813084,0.2554517133956386,-0.4485981308411215,0.21806853582554517,-0.3613707165109034,0.2834890965732087,-0.4953271028037383,0.35514018691588783,-0.4423676012461059,0.32710280373831774,-0.38006230529595014,0.2897196261682243
1,0.0,0.0,-0.17445482866043613,-0.13395638629283488,-0.3862928348909657,-0.2118380062305296,-0.5451713395638629,-0.2803738317757009,-0.6199376947040498,-0.37383177570093457,-0.49221183800623053,-0.021806853582554516,-0.7383177570093458,-0.021806853582554516,-0.8878504672897196,-0.009345794392523364,-1.0,0.006230529595015576,-0.4672897196261682,0.11214953271028037,-0.7102803738317757,0.21806853582554517,-0.6355140186915887,0.20249221183800623,-0.5358255451713395,0.16822429906542055,-0.40186915887850466,0.22429906542056074,-0.6105919003115264,0.3302180685358255,-0.5451713395638629,0.29283489096573206,-0.46417445482866043,0.2523364485981308,-0.3177570093457944,0.3146417445482866,-0.4797507788161994,0.3956386292834891,-0.43613707165109034,0.35514018691588783,-0.3707165109034268,0.3115264797507788
1,0.0,0.0,-0.10320284697508897,-0.1494661921708185,-0.31316725978647686,-0.27402135231316727,-0.46619217081850534,-0.36298932384341637,-0.5587188612099644,-0.47686832740213525,-0.43416370106761565,-0.1494661921708185,-0.6868327402135231,-0.17437722419928825,-0.8683274021352313,-0.18861209964412812,-1.0,-0.199288256227758,-0.4128113879003559,-0.0035587188612099642,-0.701067615658363,0.09608540925266904,-0.6370106761565836,0.09608540925266904,-0.5266903914590747,0.0711743772241993,-0.3594306049822064,0.1387900355871886,-0.6156583629893239,0.24555160142348753,-0.5551601423487544,0.2099644128113879,-0.45907473309608543,0.16725978647686832,-0.2846975088967972,0.26334519572953735,-0.5088967971530249,0.3274021352313167,-0.45907473309608543,0.29537366548042704,-0.3736654804270463,0.2597864768683274
1,0.0,0.0,-0.16666666666666666,-0.13095238095238096,-0.37202380952380953,-0.2261904761904762,-0.5238095238095238,-0.3005952380952381,-0.6011904761904762,-0.39285714285714285,-0.46130952380952384,-0.13392857142857142,-0.7172619047619048,-0.14583333333333334,-0.875,-0.14285714285714285,-1.0,-0.13988095238095238,-0.44345238095238093,-0.008928571428571428,-0.7142857142857143,0.08928571428571429,-0.6309523809523809,0.09523809523809523,-0.5238095238095238,0.07142857142857142,-0.39880952380952384,0.11607142857142858,-0.6369047619047619,0.2113095238095238,-0.5654761904761905,0.19642857142857142,-0.4791666666666667,0.16071428571428573,-0.34523809523809523,0.23214285714285715,-0.5416666666666666,0.29464285714285715,-0.4880952380952381,0.26785714285714285,-0.41369047619047616,0.23511904761904762
1,0.0,0.0,-0.14836795252225518,-0.142433234421365,-0.34124629080118696,-0.2433234421364985,-0.4836795252225519,-0.34421364985163205,-0.5341246290801187,-0.45103857566765576,-0.486646884272997,-0.09792284866468842,-0.7329376854599406,-0.06231454005934718,-0.884272997032641,-0.026706231454005934,-1.0,0.002967359050445104,-0.4658753709198813,0.02373887240356083,-0.5756676557863502,0.09198813056379822,-0.486646884272997,0.07418397626112759,-0.39762611275964393,0.03857566765578635,-0.4094955489614243,0.142433234421365,-0.5014836795252225,0.19287833827893175,-0.42136498516320475,0.1661721068249258,-0.34421364985163205,0.13353115727002968,-0.34421364985163205,0.2522255192878338,-0.4391691394658754,0.27002967359050445,-0.36795252225519287,0.2403560830860534,-0.29673590504451036,0.21068249258160238
1,0.0,0.0,-0.138328530259366,-0.13256484149855907,-0.3285302593659942,-0.23054755043227665,-0.4755043227665706,-0.3227665706051873,-0.5417867435158501,-0.42939481268011526,-0.47262247838616717,-0.11239193083573487,-0.723342939481268,-0.0893371757925072,-0.8789625360230547,-0.07204610951008646,-1.0,-0.05187319884726225,-0.45244956772334294,0.008645533141210375,-0.579250720461095,0.10086455331412104,-0.49279538904899134,0.08645533141210375,-0.4092219020172911,0.04899135446685879,-0.4034582132564842,0.12968299711815562,-0.5014409221902018,0.1930835734870317,-0.42363112391930835,0.1786743515850144,-0.3515850144092219,0.1440922190201729,-0.34293948126801155,0.2420749279538905,-0.43515850144092216,0.27953890489913547,-0.3631123919308357,0.25360230547550433,-0.29971181556195964,0.22478386167146974
1,0.0,0.0,-0.1301775147928994,-0.15680473372781065,-0.30177514792899407,-0.23372781065088757,-0.4260355029585799,-0.3254437869822485,-0.4467455621301775,-0.4289940828402367,-0.46745562130177515,-0.14792899408284024,-0.7189349112426036,-0.15976331360946747,-0.878698224852071,-0.16272189349112426,-1.0,-0.15384615384615385,-0.47041420118343197,-0.01775147928994083,-0.6035502958579881,0.008875739644970414,-0.5236686390532544,0.0,-0.4378698224852071,-0.011834319526627219,-0.4349112426035503,0.10650887573964497,-0.5236686390532544,0.11834319526627218,-0.45857988165680474,0.10059171597633136,-0.38461538461538464,0.08875739644970414,-0.3816568047337278,0.21597633136094674,-0.46449704142011833,0.21005917159763313,-0.40532544378698226,0.1834319526627219,-0.34023668639053256,0.16863905325443787
1,0.0,0.0,-0.12058823529411765,-0.19705882352941176,-0.27058823529411763,-0.3382352941176471,-0.38823529411764707,-0.4852941176470588,-0.4117647058823529,-0.6205882352941177,-0.47941176470588237,-0.15294117647058825,-0.7264705882352941,-0.17058823529411765,-0.8823529411764706,-0.17941176470588235,-1.0,-0.17941176470588235,-0.5029411764705882,0.0029411764705882353,-0.5911764705882353,-0.058823529411764705,-0.5176470588235295,-0.08529411764705883,-0.4264705882352941,-0.07941176470588235,-0.47352941176470587,0.1264705882352941,-0.5205882352941177,0.047058823529411764,-0.4588235294117647,0.020588235294117647,-0.37941176470588234,0.023529411764705882,-0.4264705882352941,0.22058823529411764,-0.45588235294117646,0.13823529411764707,-0.4,0.11176470588235295,-0.34411764705882353,0.11470588235294117
1,0.0,0.0,-0.12103746397694524,-0.1930835734870317,-0.276657060518732,-0.3314121037463977,-0.40057636887608067,-0.4697406340057637,-0.4409221902017291,-0.5994236311239193,-0.4812680115273775,-0.1440922190201729,-0.7262247838616714,-0.1585014409221902,-0.8818443804034583,-0.1642651296829971,-1.0,-0.16714697406340057,-0.49855907780979825,0.008645533141210375,-0.5936599423631124,-0.040345821325648415,-0.515850144092219,-0.06628242074927954,-0.42363112391930835,-0.069164265129683,-0.46397694524495675,0.13256484149855907,-0.5187319884726225,0.06628242074927954,-0.45244956772334294,0.040345821325648415,-0.3746397694524496,0.037463976945244955,-0.41786743515850144,0.23054755043227665,-0.45244956772334294,0.1585014409221902,-0.3919308357348703,0.12968299711815562,-0.3314121037463977,0.1239193083573487
1,0.0,0.0,-0.11764705882352941,-0.18529411764705883,-0.27941176470588236,-0.32941176470588235,-0.40588235294117647,-0.4441176470588235,-0.45588235294117646,-0.5617647058823529,-0.47941176470588237,-0.12352941176470589,-0.7264705882352941,-0.15,-0.8823529411764706,-0.16470588235294117,-1.0,-0.17058823529411765,-0.4852941176470588,0.020588235294117647,-0.6882352941176471,0.014705882352941176,-0.611764705882353,-0.029411764705882353,-0.5088235294117647,-0.04411764705882353,-0.45294117647058824,0.14411764705882352,-0.638235294117647,0.13823529411764707,-0.5705882352941176,0.08823529411764706,-0.4823529411764706,0.07352941176470588,-0.4,0.24705882352941178,-0.55,0.25882352941176473,-0.5147058823529411,0.21176470588235294,-0.45588235294117646,0.19117647058823528
1,0.0,0.0,-0.1148036253776435,-0.1782477341389728,-0.27794561933534745,-0.3202416918429003,-0.40483383685800606,-0.4350453172205438,-0.459214501510574,-0.552870090634441,-0.48036253776435045,-0.1148036253776435,-0.7280966767371602,-0.1540785498489426,-0.8821752265861027,-0.1691842900302115,-1.0,-0.1661631419939577,-0.48036253776435045,0.030211480362537766,-0.7129909365558912,0.03625377643504532,-0.6132930513595166,0.00906344410876133,-0.4954682779456193,0.0,-0.4380664652567976,0.1540785498489426,-0.649546827794562,0.1661631419939577,-0.552870090634441,0.13293051359516617,-0.4561933534743202,0.11782477341389729,-0.3806646525679758,0.256797583081571,-0.5438066465256798,0.283987915407855,-0.49244712990936557,0.24471299093655588,-0.4259818731117825,0.22356495468277945
1,0.0,0.0,-0.0851063829787234,-0.2375886524822695,-0.24468085106382978,-0.4432624113475177,-0.3475177304964539,-0.624113475177305,-0.35106382978723405,-0.776595744680851,-0.4858156028368794,-0.30141843971631205,-0.7304964539007093,-0.4574468085106383,-0.8794326241134752,-0.5425531914893617,-1.0,-0.5957446808510638,-0.549645390070922,-0.1453900709219858,-0.8120567375886525,-0.23404255319148937,-0.6950354609929078,-0.23404255319148937,-0.5638297872340425,-0.19858156028368795,-0.5531914893617021,0.0,-0.7943262411347518,-0.07092198581560284,-0.6843971631205674,-0.07801418439716312,-0.5709219858156028,-0.05319148936170213,-0.524822695035461,0.1276595744680851,-0.723404255319149,0.09574468085106383,-0.6560283687943262,0.0673758865248227,-0.5780141843971631,0.07446808510638298
1,0.0,0.0,-0.15512465373961218,-0.12742382271468145,-0.3656509695290859,-0.2077562326869806,-0.5235457063711911,-0.27977839335180055,-0.6038781163434903,-0.3739612188365651,-0.48753462603878117,0.013850415512465374,-0.7313019390581718,0.038781163434903045,-0.8836565096952909,0.0664819944598338,-1.0,0.09418282548476455,-0.4515235457063712,0.14681440443213298,-0.6759002770083102,0.24653739612188366,-0.5983379501385041,0.21052631578947367,-0.49584487534626037,0.17174515235457063,-0.3850415512465374,0.2520775623268698,-0.5817174515235457,0.3490304709141274,-0.5152354570637119,0.30193905817174516,-0.43213296398891965,0.25761772853185594,-0.30193905817174516,0.33518005540166207,-0.4598337950138504,0.4265927977839335,-0.4293628808864266,0.3878116343490305,-0.37119113573407203,0.3490304709141274
1,0.0,0.0,-0.21067415730337077,-0.0898876404494382,-0.4410112359550562,-0.1151685393258427,-0.6207865168539326,-0.14887640449438203,-0.7275280898876404,-0.21629213483146068,-0.5168539325842697,0.1404494382022472,-0.7528089887640449,0.2443820224719101,-0.898876404494382,0.31179775280898875,-1.0,0.36797752808988765,-0.44662921348314605,0.2696629213483146,-0.6404494382022472,0.42696629213483145,-0.5898876404494382,0.36797752808988765,-0.5084269662921348,0.29775280898876405,-0.34831460674157305,0.36235955056179775,-0.5224719101123596,0.5140449438202247,-0.4859550561797753,0.449438202247191,-0.42134831460674155,0.3792134831460674,-0.24157303370786518,0.4241573033707865,-0.38202247191011235,0.550561797752809,-0.3707865168539326,0.5,-0.32865168539325845,0.44662921348314605
1,0.0,0.0,-0.1032258064516129,-0.16451612903225807,-0.3,-0.267741935483871,-0.43870967741935485,-0.35161290322580646,-0.5193548387096775,-0.45161290322580644,-0.4806451612903226,-0.05806451612903226,-0.7193548387096774,-0.07096774193548387,-0.8838709677419355,-0.06451612903225806,-1.0,-0.05806451612903226,-0.45483870967741935,0.09032258064516129,-0.6935483870967742,0.17419354838709677,-0.6258064516129033,0.16129032258064516,-0.5193548387096775,0.13225806451612904,-0.3870967741935484,0.2129032258064516,-0.6,0.3064516129032258,-0.5387096774193548,0.267741935483871,-0.4483870967741935,0.22580645161290322,-0.2967741935483871,0.3096774193548387,-0.47419354838709676,0.3870967741935484,-0.43870967741935485,0.34838709677419355,-0.3709677419354839,0.3096774193548387
1,0.0,0.0,-0.17765042979942694,-0.1346704871060172,-0.36962750716332377,-0.20916905444126074,-0.5186246418338109,-0.27793696275071633,-0.5931232091690545,-0.3638968481375358,-0.5071633237822349,-0.02005730659025788,-0.7507163323782235,-0.014326647564469915,-0.8968481375358166,-0.011461318051575931,-1.0,-0.0057306590257879654,-0.4813753581661891,0.1174785100286533,-0.7191977077363897,0.20057306590257878,-0.6475644699140402,0.16332378223495703,-0.5472779369627507,0.1174785100286533,-0.42406876790830944,0.23209169054441262,-0.6389684813753582,0.3037249283667622,-0.5730659025787965,0.2607449856733524,-0.4899713467048711,0.22349570200573066,-0.3524355300859599,0.32664756446991405,-0.5100286532951289,0.3954154727793696,-0.4785100286532951,0.3553008595988539,-0.4269340974212034,0.31805157593123207
1,0.0,0.0,-0.1289198606271777,-0.14982578397212543,-0.29965156794425085,-0.22996515679442509,-0.44947735191637633,-0.289198606271777,-0.5679442508710801,-0.34843205574912894,-0.43902439024390244,-0.041811846689895474,-0.6898954703832753,-0.020905923344947737,-0.867595818815331,0.003484320557491289,-1.0,0.027874564459930314,-0.3902439024390244,0.10801393728222997,-0.5679442508710801,0.18815331010452963,-0.6759581881533101,0.2613240418118467,-0.7421602787456446,0.3240418118466899,-0.30662020905923343,0.22996515679442509,-0.47735191637630664,0.3205574912891986,-0.578397212543554,0.3797909407665505,-0.6480836236933798,0.4250871080139373,-0.1951219512195122,0.3170731707317073,-0.30662020905923343,0.41114982578397213,-0.37630662020905925,0.45993031358885017,-0.43205574912891986,0.4912891986062718
1,0.0,0.0,-0.17994100294985252,-0.10324483775811209,-0.3805309734513274,-0.16224188790560473,-0.5309734513274337,-0.22123893805309736,-0.6106194690265486,-0.3008849557522124,-0.45427728613569324,0.0029498525073746312,-0.7286135693215339,0.02654867256637168,-0.8908554572271387,0.061946902654867256,-1.0,0.0855457227138643,-0.40117994100294985,0.12094395280235988,-0.6873156342182891,0.2536873156342183,-0.7404129793510325,0.31563421828908556,-0.7256637168141593,0.3303834808259587,-0.3274336283185841,0.22713864306784662,-0.5899705014749262,0.37168141592920356,-0.6519174041297935,0.41887905604719766,-0.6548672566371682,0.4218289085545723,-0.24188790560471976,0.31563421828908556,-0.41297935103244837,0.4306784660766962,-0.46607669616519176,0.4631268436578171,-0.4778761061946903,0.46607669616519176
1,0.0,0.0,-0.12429378531073447,-0.13559322033898305,-0.3050847457627119,-0.23163841807909605,-0.4519774011299435,-0.3163841807909605,-0.5310734463276836,-0.4124293785310734,-0.5141242937853108,-0.07909604519774012,-0.7457627118644068,-0.096045197740113,-0.8926553672316384,-0.0903954802259887,-1.0,-0.0847457627118644,-0.519774011299435,0.03954802259887006,-0.5875706214689266,0.14689265536723164,-0.4971751412429379,0.15254237288135594,-0.4293785310734463,0.11864406779661017,-0.4745762711864407,0.15819209039548024,-0.4858757062146893,0.2542372881355932,-0.4124293785310734,0.23728813559322035,-0.3559322033898305,0.1977401129943503,-0.4180790960451977,0.2711864406779661,-0.4180790960451977,0.3333333333333333,-0.3502824858757062,0.3107344632768362,-0.3050847457627119,0.2768361581920904
1,0.0,0.0,-0.07272727272727272,-0.14545454545454545,-0.26666666666666666,-0.296969696969697,-0.40606060606060607,-0.4121212121212121,-0.4727272727272727,-0.5393939393939394,-0.4727272727272727,-0.1696969696969697,-0.7090909090909091,-0.20606060606060606,-0.8727272727272727,-0.23030303030303031,-1.0,-0.2545454545454545,-0.46060606060606063,-0.06060606060606061,-0.6424242424242425,0.06666666666666667,-0.5393939393939394,0.07878787878787878,-0.44242424242424244,0.04242424242424243,-0.42424242424242425,0.06060606060606061,-0.5515151515151515,0.18181818181818182,-0.46060606060606063,0.17575757575757575,-0.38181818181818183,0.12727272727272726,-0.3696969696969697,0.18181818181818182,-0.49696969696969695,0.26666666666666666,-0.4121212121212121,0.2545454545454545,-0.3333333333333333,0.21818181818181817
1,0.0,0.0,-0.09815950920245399,-0.18404907975460122,-0.2883435582822086,-0.26993865030674846,-0.43558282208588955,-0.25766871165644173,-0.5153374233128835,-0.20245398773006135,-0.4785276073619632,-0.2822085889570552,-0.7423312883435583,-0.36809815950920244,-0.8895705521472392,-0.3987730061349693,-1.0,-0.4049079754601227,-0.49079754601226994,-0.15337423312883436,-0.6257668711656442,-0.10429447852760736,-0.5030674846625767,-0.1165644171779141,-0.3987730061349693,-0.15337423312883436,-0.4662576687116564,-0.018404907975460124,-0.5398773006134969,0.024539877300613498,-0.4294478527607362,-0.006134969325153374,-0.3496932515337423,-0.049079754601226995,-0.4110429447852761,0.11042944785276074,-0.4785276073619632,0.1411042944785276,-0.39263803680981596,0.10429447852760736,-0.32515337423312884,0.06134969325153374
1,0.0,0.0,-0.11794871794871795,-0.14358974358974358,-0.29743589743589743,-0.2717948717948718,-0.4256410256410256,-0.38974358974358975,-0.4717948717948718,-0.5076923076923077,-0.49230769230769234,-0.1641025641025641,-0.7230769230769231,-0.20512820512820512,-0.8769230769230769,-0.2205128205128205,-1.0,-0.22564102564102564,-0.48205128205128206,-0.046153846153846156,-0.6461538461538462,0.046153846153846156,-0.5538461538461539,0.041025641025641026,-0.46153846153846156,0.015384615384615385,-0.441025641025641,0.07179487179487179,-0.5538461538461539,0.15384615384615385,-0.4717948717948718,0.13333333333333333,-0.4,0.09743589743589744,-0.38461538461538464,0.18461538461538463,-0.49743589743589745,0.24102564102564103,-0.4256410256410256,0.2153846153846154,-0.3641025641025641,0.18461538461538463
1,0.0,0.0,-0.09844559585492228,-0.16580310880829016,-0.26424870466321243,-0.29533678756476683,-0.38860103626943004,-0.40414507772020725,-0.44559585492227977,-0.5233160621761658,-0.48704663212435234,-0.15025906735751296,-0.7357512953367875,-0.21761658031088082,-0.8860103626943006,-0.24352331606217617,-1.0,-0.26424870466321243,-0.5077720207253886,-0.03626943005181347,-0.772020725388601,0.010362694300518135,-0.6994818652849741,0.05181347150259067,-0.6062176165803109,0.05181347150259067,-0.48704663212435234,0.08290155440414508,-0.7202072538860104,0.14507772020725387,-0.6476683937823834,0.16580310880829016,-0.5595854922279793,0.15544041450777202,-0.44041450777202074,0.20207253886010362,-0.616580310880829,0.27461139896373055,-0.5751295336787565,0.27979274611398963,-0.5129533678756477,0.25906735751295334
1,0.0,0.0,-0.09947643979057591,-0.16753926701570682,-0.2617801047120419,-0.29842931937172773,-0.38219895287958117,-0.4031413612565445,-0.4397905759162304,-0.5078534031413613,-0.49214659685863876,-0.13089005235602094,-0.7277486910994765,-0.18848167539267016,-0.8848167539267016,-0.21465968586387435,-1.0,-0.23036649214659685,-0.5078534031413613,-0.010471204188481676,-0.7696335078534031,0.04712041884816754,-0.7277486910994765,0.08900523560209424,-0.6492146596858639,0.10471204188481675,-0.4869109947643979,0.11518324607329843,-0.7225130890052356,0.17801047120418848,-0.6701570680628273,0.19895287958115182,-0.5863874345549738,0.193717277486911,-0.4397905759162304,0.2356020942408377,-0.612565445026178,0.3089005235602094,-0.5863874345549738,0.3193717277486911,-0.5287958115183246,0.3036649214659686
1,0.0,0.0,-0.11855670103092783,-0.15463917525773196,-0.30412371134020616,-0.27319587628865977,-0.4381443298969072,-0.3711340206185567,-0.4948453608247423,-0.4690721649484536,-0.4896907216494845,-0.08762886597938144,-0.7268041237113402,-0.11855670103092783,-0.8814432989690721,-0.11855670103092783,-1.0,-0.11855670103092783,-0.4948453608247423,0.04639175257731959,-0.7474226804123711,0.11855670103092783,-0.6855670103092784,0.13402061855670103,-0.5773195876288659,0.12886597938144329,-0.4536082474226804,0.17010309278350516,-0.6804123711340206,0.24742268041237114,-0.6185567010309279,0.2422680412371134,-0.5257731958762887,0.22164948453608246,-0.3865979381443299,0.27835051546391754,-0.5515463917525774,0.3556701030927835,-0.520618556701031,0.33505154639175255,-0.4587628865979381,0.30927835051546393
1,0.0,0.0,-0.140625,-0.16145833333333334,-0.3333333333333333,-0.2864583333333333,-0.4739583333333333,-0.3854166666666667,-0.5364583333333334,-0.4895833333333333,-0.4895833333333333,-0.09895833333333333,-0.7395833333333334,-0.13020833333333334,-0.8854166666666666,-0.140625,-1.0,-0.14583333333333334,-0.4895833333333333,0.03125,-0.7604166666666666,0.09375,-0.6770833333333334,0.08333333333333333,-0.5625,0.07291666666666667,-0.4479166666666667,0.15104166666666666,-0.6927083333333334,0.21875,-0.6145833333333334,0.19270833333333334,-0.5208333333333334,0.171875,-0.3854166666666667,0.2604166666666667,-0.5677083333333334,0.328125,-0.53125,0.296875,-0.4635416666666667,0.2708333333333333
1,0.0,0.0,-0.13368983957219252,-0.1657754010695187,-0.32085561497326204,-0.2994652406417112,-0.45989304812834225,-0.4117647058823529,-0.5080213903743316,-0.5347593582887701,-0.46524064171123,-0.20320855614973263,-0.732620320855615,-0.20855614973262032,-0.8823529411764706,-0.20320855614973263,-1.0,-0.19786096256684493,-0.47058823529411764,-0.06951871657754011,-0.679144385026738,-0.016042780748663103,-0.5935828877005348,-0.016042780748663103,-0.49732620320855614,-0.03208556149732621,-0.44385026737967914,0.06951871657754011,-0.6310160427807486,0.10160427807486631,-0.5614973262032086,0.10160427807486631,-0.47058823529411764,0.09090909090909091,-0.40641711229946526,0.19786096256684493,-0.5775401069518716,0.21390374331550802,-0.5080213903743316,0.19786096256684493,-0.42245989304812837,0.18716577540106952
1,0.0,0.0,-0.11049723756906077,-0.17679558011049723,-0.287292817679558,-0.30939226519337015,-0.4198895027624309,-0.4419889502762431,-0.46408839779005523,-0.5580110497237569,-0.4696132596685083,-0.1878453038674033,-0.7237569060773481,-0.18232044198895028,-0.8784530386740331,-0.16574585635359115,-1.0,-0.14917127071823205,-0.47513812154696133,-0.06077348066298342,-0.6077348066298343,-0.011049723756906077,-0.5193370165745856,-0.016574585635359115,-0.425414364640884,-0.03314917127071823,-0.4419889502762431,0.0718232044198895,-0.5469613259668509,0.09392265193370165,-0.4696132596685083,0.08839779005524862,-0.3812154696132597,0.0718232044198895,-0.39779005524861877,0.1878453038674033,-0.4972375690607735,0.1878453038674033,-0.4198895027624309,0.1712707182320442,-0.3425414364640884,0.15469613259668508
1,0.0,0.0,-0.11413043478260869,-0.17391304347826086,-0.28804347826086957,-0.31521739130434784,-0.41304347826086957,-0.44565217391304346,-0.45108695652173914,-0.5652173913043478,-0.4782608695652174,-0.1956521739130435,-0.7228260869565217,-0.1956521739130435,-0.875,-0.18478260869565216,-1.0,-0.17391304347826086,-0.483695652173913,-0.07065217391304347,-0.6086956521739131,-0.03260869565217391,-0.5163043478260869,-0.03804347826086957,-0.42391304347826086,-0.04891304347826087,-0.45652173913043476,0.059782608695652176,-0.5489130434782609,0.07608695652173914,-0.47282608695652173,0.07065217391304347,-0.391304347826087,0.059782608695652176,-0.41304347826086957,0.1793478260869565,-0.5,0.17391304347826086,-0.42391304347826086,0.15760869565217392,-0.3532608695652174,0.14673913043478262
1,0.0,0.0,-0.04375,-0.16875,-0.20625,-0.35,-0.325,-0.5,-0.3625,-0.65,-0.43125,-0.2375,-0.68125,-0.24375,-0.85625,-0.24375,-1.0,-0.24375,-0.43125,-0.1125,-0.6125,-0.04375,-0.50625,-0.03125,-0.4,-0.05,-0.40625,0.025,-0.5625,0.0875,-0.46875,0.09375,-0.36875,0.0625,-0.3625,0.1625,-0.5125,0.19375,-0.425,0.19375,-0.33125,0.175
1,0.0,0.0,-0.09550561797752809,-0.1853932584269663,-0.25280898876404495,-0.34831460674157305,-0.3595505617977528,-0.4943820224719101,-0.38764044943820225,-0.6179775280898876,-0.48314606741573035,-0.25842696629213485,-0.7247191011235955,-0.2752808988764045,-0.8820224719101124,-0.2752808988764045,-1.0,-0.2696629213483146,-0.5056179775280899,-0.14606741573033707,-0.6123595505617978,-0.06741573033707865,-0.5224719101123596,-0.06179775280898876,-0.43820224719101125,-0.08426966292134831,-0.47752808988764045,-0.011235955056179775,-0.5674157303370787,0.03932584269662921,-0.48314606741573035,0.0449438202247191,-0.4101123595505618,0.016853932584269662,-0.4438202247191011,0.11235955056179775,-0.5224719101123596,0.1348314606741573,-0.4438202247191011,0.12921348314606743,-0.37640449438202245,0.11235955056179775
1,0.0,0.0,-0.06976744186046512,-0.20930232558139536,-0.22674418604651161,-0.3953488372093023,-0.32558139534883723,-0.5581395348837209,-0.36046511627906974,-0.686046511627907,-0.5,-0.29069767441860467,-0.7325581395348837,-0.31976744186046513,-0.8837209302325582,-0.31976744186046513,-1.0,-0.31976744186046513,-0.5406976744186046,-0.16279069767441862,-0.5697674418604651,-0.12790697674418605,-0.47674418604651164,-0.11627906976744186,-0.3953488372093023,-0.11627906976744186,-0.5232558139534884,-0.029069767441860465,-0.5348837209302325,-0.011627906976744186,-0.45348837209302323,-0.005813953488372093,-0.37790697674418605,-0.011627906976744186,-0.4941860465116279,0.09883720930232558,-0.4941860465116279,0.09883720930232558,-0.4186046511627907,0.09302325581395349,-0.3488372093023256,0.0872093023255814
1,0.0,0.0,-0.06666666666666667,-0.21818181818181817,-0.21818181818181817,-0.4,-0.3212121212121212,-0.5575757575757576,-0.3515151515151515,-0.6848484848484848,-0.5151515151515151,-0.2787878787878788,-0.7454545454545455,-0.3151515151515151,-0.8909090909090909,-0.3151515151515151,-1.0,-0.3090909090909091,-0.5575757575757576,-0.14545454545454545,-0.5818181818181818,-0.10909090909090909,-0.48484848484848486,-0.10303030303030303,-0.4,-0.10303030303030303,-0.5272727272727272,-0.012121212121212121,-0.5454545454545454,0.0,-0.45454545454545453,0.0,-0.37575757575757573,0.0,-0.4909090909090909,0.10909090909090909,-0.509090909090909,0.10909090909090909,-0.4303030303030303,0.10303030303030303,-0.3575757575757576,0.09696969696969697
1,0.0,0.0,-0.0880503144654088,-0.22012578616352202,-0.2389937106918239,-0.39622641509433965,-0.3522012578616352,-0.5408805031446541,-0.389937106918239,-0.6666666666666666,-0.5408805031446541,-0.22641509433962265,-0.7547169811320755,-0.23270440251572327,-0.8930817610062893,-0.2138364779874214,-1.0,-0.20754716981132076,-0.5786163522012578,-0.0880503144654088,-0.5471698113207547,-0.06918238993710692,-0.4591194968553459,-0.06918238993710692,-0.389937106918239,-0.06918238993710692,-0.5471698113207547,0.0440251572327044,-0.5094339622641509,0.0440251572327044,-0.4339622641509434,0.031446540880503145,-0.36477987421383645,0.025157232704402517,-0.4968553459119497,0.16352201257861634,-0.4716981132075472,0.1509433962264151,-0.4025157232704403,0.1320754716981132,-0.34591194968553457,0.11949685534591195
1,0.0,0.0,-0.09554140127388536,-0.2356687898089172,-0.267515923566879,-0.40764331210191085,-0.4012738853503185,-0.5605095541401274,-0.46496815286624205,-0.6878980891719745,-0.5923566878980892,-0.24203821656050956,-0.7770700636942676,-0.2484076433121019,-0.9044585987261147,-0.2356687898089172,-1.0,-0.21656050955414013,-0.6242038216560509,-0.11464968152866242,-0.6242038216560509,-0.08280254777070063,-0.535031847133758,-0.08280254777070063,-0.4713375796178344,-0.10191082802547771,-0.5859872611464968,0.012738853503184714,-0.5796178343949044,0.01910828025477707,-0.5031847133757962,0.012738853503184714,-0.4394904458598726,-0.006369426751592357,-0.535031847133758,0.12738853503184713,-0.5159235668789809,0.12738853503184713,-0.4394904458598726,0.11464968152866242,-0.3821656050955414,0.08917197452229299
1,0.0,0.0,-0.11409395973154363,-0.22818791946308725,-0.28187919463087246,-0.4161073825503356,-0.40939597315436244,-0.5704697986577181,-0.4563758389261745,-0.7046979865771812,-0.5906040268456376,-0.20134228187919462,-0.7785234899328859,-0.2080536912751678,-0.9060402684563759,-0.18791946308724833,-1.0,-0.174496644295302,-0.6241610738255033,-0.06040268456375839,-0.6174496644295302,-0.013422818791946308,-0.5436241610738255,-0.013422818791946308,-0.47651006711409394,-0.040268456375838924,-0.5906040268456376,0.0738255033557047,-0.5637583892617449,0.09395973154362416,-0.4966442953020134,0.08053691275167785,-0.436241610738255,0.053691275167785234,-0.5369127516778524,0.19463087248322147,-0.4899328859060403,0.20134228187919462,-0.42953020134228187,0.174496644295302,-0.37583892617449666,0.1476510067114094
1,0.0,0.0,-0.05844155844155844,-0.23376623376623376,-0.22077922077922077,-0.42207792207792205,-0.34415584415584416,-0.577922077922078,-0.37012987012987014,-0.7142857142857143,-0.5324675324675324,-0.2727272727272727,-0.7467532467532467,-0.3051948051948052,-0.8896103896103896,-0.2987012987012987,-1.0,-0.2922077922077922,-0.5909090909090909,-0.13636363636363635,-0.5909090909090909,-0.09090909090909091,-0.5064935064935064,-0.08441558441558442,-0.42857142857142855,-0.09090909090909091,-0.5714285714285714,0.006493506493506494,-0.551948051948052,0.01948051948051948,-0.474025974025974,0.012987012987012988,-0.4090909090909091,0.0,-0.5324675324675324,0.13636363636363635,-0.5064935064935064,0.12987012987012986,-0.43506493506493504,0.11688311688311688,-0.38311688311688313,0.1038961038961039
1,0.0,0.0,-0.08024691358024691,-0.2222222222222222,-0.24074074074074073,-0.4012345679012346,-0.35802469135802467,-0.5493827160493827,-0.41358024691358025,-0.6728395061728395,-0.5555555555555556,-0.21604938271604937,-0.7530864197530864,-0.24074074074074073,-0.8888888888888888,-0.2345679012345679,-1.0,-0.2345679012345679,-0.5925925925925926,-0.08024691358024691,-0.5617283950617284,-0.07407407407407407,-0.4691358024691358,-0.08024691358024691,-0.4012345679012346,-0.07407407407407407,-0.5493827160493827,0.04938271604938271,-0.5185185185185185,0.037037037037037035,-0.4382716049382716,0.030864197530864196,-0.3765432098765432,0.024691358024691357,-0.4876543209876543,0.16666666666666666,-0.4691358024691358,0.1419753086419753,-0.4012345679012346,0.12345679012345678,-0.3395061728395062,0.1111111111111111
1,0.0,0.0,-0.08875739644970414,-0.23076923076923078,-0.2603550295857988,-0.40236686390532544,-0.38461538461538464,-0.5325443786982249,-0.4378698224852071,-0.6568047337278107,-0.5502958579881657,-0.1952662721893491,-0.7514792899408284,-0.21893491124260356,-0.8875739644970414,-0.22485207100591717,-1.0,-0.22485207100591717,-0.5798816568047337,-0.05325443786982249,-0.5739644970414202,-0.05325443786982249,-0.47928994082840237,-0.05917159763313609,-0.40828402366863903,-0.05325443786982249,-0.5325443786982249,0.07100591715976332,-0.5207100591715976,0.0650887573964497,-0.4437869822485207,0.05325443786982249,-0.378698224852071,0.047337278106508875,-0.47337278106508873,0.1893491124260355,-0.46745562130177515,0.17751479289940827,-0.39644970414201186,0.15384615384615385,-0.3431952662721893,0.13609467455621302
1,0.0,0.0,-0.10614525139664804,-0.21787709497206703,-0.27932960893854747,-0.3743016759776536,-0.41899441340782123,-0.5083798882681564,-0.48044692737430167,-0.6312849162011173,-0.553072625698324,-0.1564245810055866,-0.7541899441340782,-0.16759776536312848,-0.8938547486033519,-0.16759776536312848,-1.0,-0.1564245810055866,-0.5642458100558659,-0.00558659217877095,-0.5586592178770949,-0.0335195530726257,-0.4692737430167598,-0.055865921787709494,-0.4022346368715084,-0.0446927374301676,-0.5139664804469274,0.11731843575418995,-0.4972067039106145,0.0782122905027933,-0.41899441340782123,0.055865921787709494,-0.3575418994413408,0.05027932960893855,-0.441340782122905,0.22346368715083798,-0.43575418994413406,0.1787709497206704,-0.3687150837988827,0.15083798882681565,-0.3128491620111732,0.13966480446927373
1,0.0,0.0,-0.10614525139664804,-0.22346368715083798,-0.27932960893854747,-0.3854748603351955,-0.41899441340782123,-0.5083798882681564,-0.48044692737430167,-0.6312849162011173,-0.5418994413407822,-0.16201117318435754,-0.7541899441340782,-0.18435754189944134,-0.8938547486033519,-0.1787709497206704,-1.0,-0.17318435754189945,-0.5698324022346368,-0.00558659217877095,-0.5363128491620112,-0.0223463687150838,-0.45251396648044695,-0.0335195530726257,-0.3854748603351955,-0.027932960893854747,-0.5195530726256983,0.12290502793296089,-0.48044692737430167,0.09497206703910614,-0.40782122905027934,0.0670391061452514,-0.35195530726256985,0.061452513966480445,-0.44692737430167595,0.2346368715083799,-0.41899441340782123,0.19553072625698323,-0.3575418994413408,0.16201117318435754,-0.30726256983240224,0.15083798882681565
1,0.0,0.0,-0.09444444444444444,-0.2111111111111111,-0.2722222222222222,-0.36666666666666664,-0.4222222222222222,-0.4888888888888889,-0.48333333333333334,-0.6111111111111112,-0.5277777777777778,-0.15,-0.7555555555555555,-0.17222222222222222,-0.8888888888888888,-0.16666666666666666,-1.0,-0.15555555555555556,-0.5555555555555556,0.011111111111111112,-0.55,-0.044444444444444446,-0.45,-0.06666666666666667,-0.37222222222222223,-0.06111111111111111,-0.5055555555555555,0.14444444444444443,-0.49444444444444446,0.08333333333333333,-0.4111111111111111,0.06111111111111111,-0.3388888888888889,0.05555555555555555,-0.4444444444444444,0.25,-0.43333333333333335,0.2,-0.36666666666666664,0.16666666666666666,-0.3055555555555556,0.15555555555555556
1,0.0,0.0,-0.09444444444444444,-0.2111111111111111,-0.2833333333333333,-0.3611111111111111,-0.42777777777777776,-0.4777777777777778,-0.4777777777777778,-0.6,-0.5222222222222223,-0.14444444444444443,-0.75,-0.16111111111111112,-0.8888888888888888,-0.15,-1.0,-0.14444444444444443,-0.55,0.016666666666666666,-0.5166666666666667,-0.027777777777777776,-0.43333333333333335,-0.044444444444444446,-0.36666666666666664,-0.05,-0.49444444444444446,0.1388888888888889,-0.4666666666666667,0.08333333333333333,-0.3888888888888889,0.06111111111111111,-0.3277777777777778,0.05555555555555555,-0.4222222222222222,0.24444444444444444,-0.40555555555555556,0.19444444444444445,-0.34444444444444444,0.16111111111111112,-0.29444444444444445,0.15
1,0.0,0.0,-0.12637362637362637,-0.18681318681318682,-0.3021978021978022,-0.3131868131868132,-0.43956043956043955,-0.4340659340659341,-0.510989010989011,-0.5494505494505495,-0.510989010989011,-0.11538461538461539,-0.7472527472527473,-0.11538461538461539,-0.8901098901098901,-0.1043956043956044,-1.0,-0.09340659340659341,-0.510989010989011,0.038461538461538464,-0.5714285714285714,-0.005494505494505495,-0.4835164835164835,-0.027472527472527472,-0.4065934065934066,-0.03296703296703297,-0.46153846153846156,0.15934065934065933,-0.5054945054945055,0.10989010989010989,-0.42857142857142855,0.08791208791208792,-0.35714285714285715,0.08241758241758242,-0.3956043956043956,0.25824175824175827,-0.43956043956043955,0.2087912087912088,-0.3791208791208791,0.1813186813186813,-0.31868131868131866,0.17032967032967034
1,0.0,0.0,-0.1366120218579235,-0.18579234972677597,-0.31693989071038253,-0.30601092896174864,-0.453551912568306,-0.4262295081967213,-0.5191256830601093,-0.5409836065573771,-0.5136612021857924,-0.1092896174863388,-0.7486338797814208,-0.1092896174863388,-0.8907103825136612,-0.09289617486338798,-1.0,-0.08196721311475409,-0.5136612021857924,0.04371584699453552,-0.5846994535519126,0.00546448087431694,-0.5081967213114754,-0.01639344262295082,-0.4262295081967213,-0.0273224043715847,-0.4644808743169399,0.15846994535519127,-0.5081967213114754,0.1092896174863388,-0.4426229508196721,0.08196721311475409,-0.37158469945355194,0.07650273224043716,-0.3989071038251366,0.25136612021857924,-0.43169398907103823,0.19672131147540983,-0.3770491803278688,0.16939890710382513,-0.3224043715846995,0.16393442622950818
1,0.0,0.0,-0.13513513513513514,-0.17297297297297298,-0.32432432432432434,-0.2864864864864865,-0.4540540540540541,-0.40540540540540543,-0.5027027027027027,-0.5297297297297298,-0.5135135135135135,-0.11891891891891893,-0.745945945945946,-0.11891891891891893,-0.8864864864864865,-0.11351351351351352,-1.0,-0.0972972972972973,-0.5135135135135135,0.021621621621621623,-0.6054054054054054,0.02702702702702703,-0.5243243243243243,0.005405405405405406,-0.44324324324324327,-0.010810810810810811,-0.4648648648648649,0.14594594594594595,-0.5243243243243243,0.12972972972972974,-0.4594594594594595,0.10270270270270271,-0.3891891891891892,0.0918918918918919,-0.40540540540540543,0.24324324324324326,-0.4486486486486487,0.22162162162162163,-0.3945945945945946,0.1891891891891892,-0.34054054054054056,0.16756756756756758
1,0.0,0.0,-0.125,-0.18181818181818182,-0.30113636363636365,-0.3181818181818182,-0.4318181818181818,-0.44886363636363635,-0.48295454545454547,-0.5625,-0.5,-0.18181818181818182,-0.7386363636363636,-0.19318181818181818,-0.8863636363636364,-0.19318181818181818,-1.0,-0.18181818181818182,-0.5113636363636364,-0.045454545454545456,-0.625,-0.022727272727272728,-0.5397727272727273,-0.03409090909090909,-0.45454545454545453,-0.045454545454545456,-0.4715909090909091,0.07954545454545454,-0.5511363636363636,0.09090909090909091,-0.48295454545454547,0.07954545454545454,-0.4034090909090909,0.06818181818181818,-0.42613636363636365,0.1875,-0.4943181818181818,0.19318181818181818,-0.4318181818181818,0.16477272727272727,-0.36363636363636365,0.14772727272727273
1,0.0,0.0,-0.12643678160919541,-0.1839080459770115,-0.3045977011494253,-0.3218390804597701,-0.43103448275862066,-0.4540229885057471,-0.47701149425287354,-0.5747126436781609,-0.5,-0.1896551724137931,-0.735632183908046,-0.21264367816091953,-0.8850574712643678,-0.21264367816091953,-1.0,-0.20689655172413793,-0.5114942528735632,-0.06321839080459771,-0.6206896551724138,-0.028735632183908046,-0.5402298850574713,-0.040229885057471264,-0.4482758620689655,-0.05172413793103448,-0.47701149425287354,0.06321839080459771,-0.5517241379310345,0.08620689655172414,-0.47701149425287354,0.06896551724137931,-0.40229885057471265,0.05172413793103448,-0.43103448275862066,0.1724137931034483,-0.4942528735632184,0.1839080459770115,-0.42528735632183906,0.16091954022988506,-0.3620689655172414,0.13793103448275862
1,0.0,0.0,-0.10919540229885058,-0.1896551724137931,-0.29310344827586204,-0.3390804597701149,-0.41379310344827586,-0.46551724137931033,-0.45977011494252873,-0.5804597701149425,-0.5057471264367817,-0.21264367816091953,-0.735632183908046,-0.22413793103448276,-0.8850574712643678,-0.22413793103448276,-1.0,-0.22413793103448276,-0.5229885057471264,-0.08620689655172414,-0.5919540229885057,-0.05172413793103448,-0.5057471264367817,-0.04597701149425287,-0.42528735632183906,-0.05172413793103448,-0.4885057471264368,0.034482758620689655,-0.5517241379310345,0.05172413793103448,-0.47126436781609193,0.05172413793103448,-0.39655172413793105,0.040229885057471264,-0.4425287356321839,0.14942528735632185,-0.4942528735632184,0.15517241379310345,-0.43103448275862066,0.13793103448275862,-0.3620689655172414,0.1206896551724138
1,0.0,0.0,-0.09883720930232558,-0.19767441860465115,-0.27906976744186046,-0.3546511627906977,-0.4069767441860465,-0.47674418604651164,-0.45348837209302323,-0.5930232558139535,-0.5232558139534884,-0.21511627906976744,-0.7441860465116279,-0.23837209302325582,-0.8895348837209303,-0.23255813953488372,-1.0,-0.22674418604651161,-0.5465116279069767,-0.0872093023255814,-0.5872093023255814,-0.06395348837209303,-0.5,-0.06976744186046512,-0.4186046511627907,-0.08139534883720931,-0.5174418604651163,0.040697674418604654,-0.5406976744186046,0.046511627906976744,-0.45930232558139533,0.029069767441860465,-0.38372093023255816,0.023255813953488372,-0.47093023255813954,0.1511627906976744,-0.4941860465116279,0.13953488372093023,-0.4186046511627907,0.11627906976744186,-0.3546511627906977,0.10465116279069768
1,0.0,0.0,-0.11173184357541899,-0.2011173184357542,-0.2905027932960894,-0.3407821229050279,-0.4245810055865922,-0.4581005586592179,-0.4692737430167598,-0.5754189944134078,-0.5363128491620112,-0.21787709497206703,-0.7430167597765364,-0.2346368715083799,-0.888268156424581,-0.22346368715083798,-1.0,-0.20670391061452514,-0.5586592178770949,-0.08379888268156424,-0.6145251396648045,-0.061452513966480445,-0.5307262569832403,-0.0670391061452514,-0.45251396648044695,-0.0782122905027933,-0.5307262569832403,0.03910614525139665,-0.5642458100558659,0.03910614525139665,-0.49162011173184356,0.0223463687150838,-0.41899441340782123,0.01675977653631285,-0.48044692737430167,0.1452513966480447,-0.4972067039106145,0.1340782122905028,-0.4301675977653631,0.11173184357541899,-0.3743016759776536,0.1005586592178771
1,0.0,0.0,-0.11363636363636363,-0.1875,-0.30113636363636365,-0.32954545454545453,-0.42613636363636365,-0.4602272727272727,-0.45454545454545453,-0.5795454545454546,-0.5454545454545454,-0.19886363636363635,-0.7556818181818182,-0.20454545454545456,-0.8920454545454546,-0.1875,-1.0,-0.17045454545454544,-0.5625,-0.07386363636363637,-0.5965909090909091,-0.011363636363636364,-0.5113636363636364,-0.017045454545454544,-0.4431818181818182,-0.045454545454545456,-0.5284090909090909,0.045454545454545456,-0.5454545454545454,0.09659090909090909,-0.4715909090909091,0.08522727272727272,-0.4090909090909091,0.0625,-0.48295454545454547,0.16477272727272727,-0.4943181818181818,0.1875,-0.42613636363636365,0.17045454545454544,-0.36363636363636365,0.14772727272727273
1,0.0,0.0,-0.10119047619047619,-0.20238095238095238,-0.2857142857142857,-0.34523809523809523,-0.4107142857142857,-0.47619047619047616,-0.4523809523809524,-0.5952380952380952,-0.5535714285714286,-0.19047619047619047,-0.7619047619047619,-0.19642857142857142,-0.8988095238095238,-0.18452380952380953,-1.0,-0.17261904761904762,-0.5773809523809523,-0.05952380952380952,-0.5714285714285714,-0.005952380952380952,-0.49404761904761907,-0.005952380952380952,-0.4226190476190476,-0.02976190476190476,-0.5416666666666666,0.06547619047619048,-0.5178571428571429,0.09523809523809523,-0.4523809523809524,0.08333333333333333,-0.3869047619047619,0.05952380952380952,-0.48214285714285715,0.18452380952380953,-0.4642857142857143,0.19642857142857142,-0.40476190476190477,0.17857142857142858,-0.35119047619047616,0.15476190476190477
1,0.0,0.0,-0.08433734939759036,-0.20481927710843373,-0.25903614457831325,-0.35542168674698793,-0.3855421686746988,-0.4879518072289157,-0.42771084337349397,-0.6144578313253012,-0.5481927710843374,-0.21084337349397592,-0.7590361445783133,-0.22289156626506024,-0.8975903614457831,-0.21084337349397592,-1.0,-0.19879518072289157,-0.5783132530120482,-0.0783132530120482,-0.5903614457831325,-0.024096385542168676,-0.5,-0.018072289156626505,-0.42771084337349397,-0.04216867469879518,-0.5421686746987951,0.05421686746987952,-0.5481927710843374,0.09036144578313253,-0.46987951807228917,0.08433734939759036,-0.39759036144578314,0.060240963855421686,-0.4879518072289157,0.1686746987951807,-0.4879518072289157,0.1927710843373494,-0.41566265060240964,0.1746987951807229,-0.35542168674698793,0.1566265060240964
1,0.0,0.0,-0.1,-0.19411764705882353,-0.27647058823529413,-0.3352941176470588,-0.3941176470588235,-0.4647058823529412,-0.43529411764705883,-0.5941176470588235,-0.5352941176470588,-0.18823529411764706,-0.7470588235294118,-0.19411764705882353,-0.888235294117647,-0.18823529411764706,-1.0,-0.18235294117647058,-0.5529411764705883,-0.058823529411764705,-0.6,-0.0058823529411764705,-0.5117647058823529,-0.01764705882352941,-0.43529411764705883,-0.041176470588235294,-0.5176470588235295,0.06470588235294118,-0.5352941176470588,0.1,-0.4588235294117647,0.08235294117647059,-0.38823529411764707,0.058823529411764705,-0.4647058823529412,0.18235294117647058,-0.4764705882352941,0.2,-0.40588235294117647,0.18235294117647058,-0.34705882352941175,0.1588235294117647
1,0.0,0.0,-0.12568306010928962,-0.19672131147540983,-0.31693989071038253,-0.32786885245901637,-0.4644808743169399,-0.4207650273224044,-0.5300546448087432,-0.5300546448087432,-0.5245901639344263,-0.12568306010928962,-0.7377049180327869,-0.09289617486338798,-0.8852459016393442,-0.07650273224043716,-1.0,-0.0546448087431694,-0.5191256830601093,-0.01092896174863388,-0.5901639344262295,0.0,-0.5081967213114754,-0.01092896174863388,-0.4426229508196721,-0.01092896174863388,-0.4644808743169399,0.08196721311475409,-0.5245901639344263,0.08743169398907104,-0.453551912568306,0.07103825136612021,-0.39344262295081966,0.06557377049180328,-0.39344262295081966,0.15846994535519127,-0.453551912568306,0.17486338797814208,-0.3989071038251366,0.15300546448087432,-0.34972677595628415,0.14207650273224043
1,0.0,0.0,-0.12105263157894737,-0.2,-0.32105263157894737,-0.33157894736842103,-0.4631578947368421,-0.4368421052631579,-0.531578947368421,-0.5421052631578948,-0.5421052631578948,-0.11578947368421053,-0.7421052631578947,-0.11052631578947368,-0.8894736842105263,-0.09473684210526316,-1.0,-0.07894736842105263,-0.5421052631578948,0.021052631578947368,-0.5473684210526316,0.005263157894736842,-0.46842105263157896,-0.010526315789473684,-0.4052631578947368,-0.005263157894736842,-0.4842105263157895,0.13157894736842105,-0.49473684210526314,0.11052631578947368,-0.42105263157894735,0.08947368421052632,-0.3631578947368421,0.08421052631578947,-0.4105263157894737,0.22631578947368422,-0.4263157894736842,0.20526315789473684,-0.3631578947368421,0.1736842105263158,-0.30526315789473685,0.1631578947368421
1,0.0,0.0,-0.13131313131313133,-0.1717171717171717,-0.3282828282828283,-0.29292929292929293,-0.4898989898989899,-0.3787878787878788,-0.5656565656565656,-0.48484848484848486,-0.51010101010101,-0.06565656565656566,-0.7373737373737373,-0.04040404040404041,-0.8838383838383839,-0.015151515151515152,-1.0,0.010101010101010102,-0.494949494949495,0.05555555555555555,-0.6464646464646465,0.10606060606060606,-0.6212121212121212,0.12626262626262627,-0.5757575757575758,0.14646464646464646,-0.45454545454545453,0.16161616161616163,-0.5858585858585859,0.20707070707070707,-0.5656565656565656,0.21717171717171718,-0.5303030303030303,0.22727272727272727,-0.3888888888888889,0.24242424242424243,-0.5,0.29797979797979796,-0.5,0.30808080808080807,-0.494949494949495,0.3181818181818182
1,0.0,0.0,-0.1306532663316583,-0.19597989949748743,-0.3165829145728643,-0.2964824120603015,-0.48743718592964824,-0.37185929648241206,-0.592964824120603,-0.46733668341708545,-0.5025125628140703,-0.04020100502512563,-0.7437185929648241,-0.020100502512562814,-0.8944723618090452,0.0,-1.0,0.02512562814070352,-0.47738693467336685,0.12562814070351758,-0.6984924623115578,0.1457286432160804,-0.6432160804020101,0.09045226130653267,-0.542713567839196,0.06030150753768844,-0.41708542713567837,0.23618090452261306,-0.6180904522613065,0.2562814070351759,-0.5728643216080402,0.20100502512562815,-0.48743718592964824,0.18090452261306533,-0.35175879396984927,0.271356783919598,-0.507537688442211,0.271356783919598,-0.47738693467336685,0.271356783919598,-0.41708542713567837,0.271356783919598
1,0.0,0.0,-0.14795918367346939,-0.18877551020408162,-0.35714285714285715,-0.2857142857142857,-0.5306122448979592,-0.34183673469387754,-0.6122448979591837,-0.4336734693877551,-0.5051020408163265,-0.025510204081632654,-0.7397959183673469,0.030612244897959183,-0.8877551020408163,0.0663265306122449,-1.0,0.10204081632653061,-0.4846938775510204,0.09183673469387756,-0.6530612244897959,0.14795918367346939,-0.673469387755102,0.1326530612244898,-0.6581632653061225,0.12244897959183673,-0.4387755102040816,0.16326530612244897,-0.5918367346938775,0.21428571428571427,-0.6071428571428571,0.19387755102040816,-0.6071428571428571,0.1836734693877551,-0.3877551020408163,0.20408163265306123,-0.5153061224489796,0.2602040816326531,-0.5306122448979592,0.25510204081632654,-0.5357142857142857,0.25
1,0.0,0.0,-0.155,-0.165,-0.365,-0.245,-0.55,-0.305,-0.655,-0.39,-0.495,-0.005,-0.745,0.04,-0.89,0.075,-1.0,0.095,-0.465,0.135,-0.67,0.185,-0.685,0.16,-0.64,0.135,-0.405,0.225,-0.585,0.25,-0.585,0.215,-0.54,0.185,-0.355,0.25,-0.495,0.25,-0.5,0.25,-0.48,0.235
2,0.0,0.0,0.14,-0.155,0.315,-0.265,0.445,-0.355,0.505,-0.44,0.515,-0.115,0.75,-0.11,0.895,-0.1,1.0,-0.095,0.505,-0.005,0.665,0.11,0.585,0.12,0.495,0.085,0.455,0.115,0.585,0.21,0.52,0.21,0.445,0.175,0.385,0.22,0.495,0.295,0.435,0.28,0.37,0.245
2,0.0,0.0,0.14492753623188406,-0.15458937198067632,0.3285024154589372,-0.2608695652173913,0.45893719806763283,-0.36231884057971014,0.5072463768115942,-0.46859903381642515,0.5120772946859904,-0.12077294685990338,0.7439613526570048,-0.1111111111111111,0.8888888888888888,-0.10144927536231885,1.0,-0.0966183574879227,0.5072463768115942,-0.00966183574879227,0.6666666666666666,0.11594202898550725,0.5845410628019324,0.12560386473429952,0.4927536231884058,0.08695652173913043,0.45410628019323673,0.10628019323671498,0.5893719806763285,0.21256038647342995,0.5217391304347826,0.21256038647342995,0.4444444444444444,0.178743961352657,0.3864734299516908,0.21739130434782608,0.5024154589371981,0.2898550724637681,0.4396135265700483,0.2753623188405797,0.3719806763285024,0.24154589371980675
2,0.0,0.0,0.14883720930232558,-0.15813953488372093,0.3395348837209302,-0.2651162790697674,0.4697674418604651,-0.3627906976744186,0.5162790697674419,-0.4744186046511628,0.5116279069767442,-0.11627906976744186,0.7488372093023256,-0.11162790697674418,0.8930232558139535,-0.10697674418604651,1.0,-0.10232558139534884,0.5023255813953489,-0.013953488372093023,0.6697674418604651,0.12558139534883722,0.586046511627907,0.13953488372093023,0.5023255813953489,0.10232558139534884,0.4558139534883721,0.10697674418604651,0.5953488372093023,0.22325581395348837,0.5255813953488372,0.22325581395348837,0.4511627906976744,0.18604651162790697,0.39069767441860465,0.21395348837209302,0.5116279069767442,0.29767441860465116,0.44651162790697674,0.28837209302325584,0.3813953488372093,0.24651162790697675
2,0.0,0.0,0.13963963963963963,-0.15765765765765766,0.32882882882882886,-0.26126126126126126,0.46396396396396394,-0.35585585585585583,0.5135135135135135,-0.46396396396396394,0.5045045045045045,-0.11261261261261261,0.7432432432432432,-0.1036036036036036,0.8873873873873874,-0.0990990990990991,1.0,-0.0945945945945946,0.4954954954954955,-0.0045045045045045045,0.6756756756756757,0.13963963963963963,0.5900900900900901,0.15315315315315314,0.5,0.11711711711711711,0.44594594594594594,0.11261261261261261,0.5945945945945946,0.23873873873873874,0.5225225225225225,0.23873873873873874,0.44144144144144143,0.1981981981981982,0.3738738738738739,0.22072072072072071,0.5045045045045045,0.31981981981981983,0.4369369369369369,0.30180180180180183,0.36936936936936937,0.25675675675675674
2,0.0,0.0,0.14163090128755365,-0.15879828326180256,0.3261802575107296,-0.2575107296137339,0.4592274678111588,-0.3562231759656652,0.5107296137339056,-0.4678111587982833,0.5021459227467812,-0.11158798283261803,0.7381974248927039,-0.1072961373390558,0.8884120171673819,-0.10300429184549356,1.0,-0.09871244635193133,0.49356223175965663,0.004291845493562232,0.6866952789699571,0.13304721030042918,0.6137339055793991,0.15021459227467812,0.5278969957081545,0.12446351931330472,0.44206008583690987,0.12017167381974249,0.6094420600858369,0.23605150214592274,0.5450643776824035,0.2317596566523605,0.4678111587982833,0.1888412017167382,0.37339055793991416,0.22746781115879827,0.5064377682403434,0.3133047210300429,0.44635193133047213,0.296137339055794,0.3776824034334764,0.24892703862660945
2,0.0,0.0,0.12890625,-0.1640625,0.31640625,-0.26171875,0.45703125,-0.3515625,0.51953125,-0.453125,0.5078125,-0.0859375,0.74609375,-0.07421875,0.890625,-0.06640625,1.0,-0.05859375,0.5,0.04296875,0.67578125,0.16796875,0.6015625,0.17578125,0.51171875,0.140625,0.4453125,0.1640625,0.59765625,0.26953125,0.52734375,0.26171875,0.453125,0.22265625,0.37109375,0.26953125,0.49609375,0.34765625,0.43359375,0.3203125,0.3671875,0.28125
2,0.0,0.0,0.12949640287769784,-0.15827338129496402,0.32014388489208634,-0.24820143884892087,0.46402877697841727,-0.34172661870503596,0.5323741007194245,-0.44964028776978415,0.49640287769784175,-0.07194244604316546,0.7302158273381295,-0.05755395683453238,0.8884892086330936,-0.04316546762589928,1.0,-0.02877697841726619,0.4784172661870504,0.05755395683453238,0.6654676258992805,0.17266187050359713,0.5971223021582733,0.16906474820143885,0.5071942446043165,0.12949640287769784,0.4172661870503597,0.17625899280575538,0.5863309352517986,0.2805755395683453,0.5287769784172662,0.26258992805755393,0.44964028776978415,0.22302158273381295,0.34172661870503596,0.27697841726618705,0.4856115107913669,0.3669064748201439,0.4460431654676259,0.34172661870503596,0.381294964028777,0.2949640287769784
2,0.0,0.0,0.12460063897763578,-0.1597444089456869,0.30990415335463256,-0.24920127795527156,0.45686900958466453,-0.3354632587859425,0.5303514376996805,-0.43769968051118213,0.49201277955271566,-0.06389776357827476,0.731629392971246,-0.038338658146964855,0.8849840255591054,-0.019169329073482427,1.0,0.0,0.46645367412140576,0.07028753993610223,0.6645367412140575,0.1757188498402556,0.5846645367412141,0.16613418530351437,0.48562300319488816,0.12460063897763578,0.402555910543131,0.18849840255591055,0.5846645367412141,0.2779552715654952,0.5143769968051118,0.25878594249201275,0.4249201277955272,0.22044728434504793,0.3194888178913738,0.28753993610223644,0.4696485623003195,0.3738019169329074,0.43450479233226835,0.34824281150159747,0.3706070287539936,0.30670926517571884
2,0.0,0.0,0.11918604651162791,-0.15988372093023256,0.313953488372093,-0.2558139534883721,0.4680232558139535,-0.3430232558139535,0.5406976744186046,-0.4563953488372093,0.4796511627906977,-0.06395348837209303,0.7209302325581395,-0.0377906976744186,0.8808139534883721,-0.020348837209302327,1.0,-0.00872093023255814,0.4563953488372093,0.0755813953488372,0.6627906976744186,0.1686046511627907,0.5901162790697675,0.1569767441860465,0.4941860465116279,0.12790697674418605,0.3953488372093023,0.2005813953488372,0.5784883720930233,0.28488372093023256,0.5116279069767442,0.2616279069767442,0.43023255813953487,0.22965116279069767,0.313953488372093,0.3081395348837209,0.46511627906976744,0.38372093023255816,0.42151162790697677,0.35174418604651164,0.3546511627906977,0.311046511627907
2,0.0,0.0,0.13368983957219252,-0.16310160427807488,0.3235294117647059,-0.24866310160427807,0.48128342245989303,-0.3315508021390374,0.5588235294117647,-0.4385026737967914,0.48128342245989303,-0.05080213903743316,0.7272727272727273,-0.013368983957219251,0.8877005347593583,0.0106951871657754,1.0,0.034759358288770054,0.4572192513368984,0.08823529411764706,0.6577540106951871,0.17647058823529413,0.5882352941176471,0.16310160427807488,0.48663101604278075,0.13368983957219252,0.393048128342246,0.21122994652406418,0.5748663101604278,0.2887700534759358,0.5106951871657754,0.2647058823529412,0.42513368983957217,0.23529411764705882,0.31283422459893045,0.3155080213903743,0.46524064171123,0.393048128342246,0.42513368983957217,0.36363636363636365,0.3582887700534759,0.32620320855614976
2,0.0,0.0,0.12590799031476999,-0.15738498789346247,0.3171912832929782,-0.2469733656174334,0.4721549636803874,-0.32929782082324455,0.5569007263922519,-0.42857142857142855,0.46731234866828086,-0.05811138014527845,0.7215496368038741,-0.009685230024213076,0.8813559322033898,0.01694915254237288,1.0,0.043583535108958835,0.4406779661016949,0.0847457627118644,0.6585956416464891,0.18159806295399517,0.576271186440678,0.15738498789346247,0.46973365617433416,0.11864406779661017,0.3728813559322034,0.2106537530266344,0.5690072639225182,0.29055690072639223,0.49878934624697335,0.2639225181598063,0.4067796610169492,0.22760290556900725,0.29055690072639223,0.3171912832929782,0.46246973365617433,0.39951573849878935,0.423728813559322,0.36803874092009686,0.35108958837772397,0.324455205811138
2,0.0,0.0,0.13800904977375567,-0.1515837104072398,0.3257918552036199,-0.23076923076923078,0.4841628959276018,-0.3009049773755656,0.5678733031674208,-0.3914027149321267,0.4751131221719457,-0.05429864253393665,0.7307692307692307,-0.011312217194570135,0.8846153846153846,0.013574660633484163,1.0,0.03619909502262444,0.45248868778280543,0.08144796380090498,0.6606334841628959,0.18099547511312217,0.583710407239819,0.16968325791855204,0.4819004524886878,0.13122171945701358,0.38461538461538464,0.20135746606334842,0.5723981900452488,0.2828054298642534,0.504524886877828,0.2647058823529412,0.41402714932126694,0.22850678733031674,0.29638009049773756,0.3009049773755656,0.46153846153846156,0.38461538461538464,0.4276018099547511,0.36199095022624433,0.36199095022624433,0.3212669683257919
2,0.0,0.0,0.14953271028037382,-0.1308411214953271,0.34345794392523366,-0.21495327102803738,0.49065420560747663,-0.28738317757009346,0.572429906542056,-0.37850467289719625,0.4929906542056075,-0.05841121495327103,0.7383177570093458,-0.04439252336448598,0.8878504672897196,-0.035046728971962614,1.0,-0.030373831775700934,0.4742990654205608,0.0630841121495327,0.6869158878504673,0.16355140186915887,0.6144859813084113,0.1705607476635514,0.5210280373831776,0.1378504672897196,0.4135514018691589,0.17289719626168223,0.6098130841121495,0.26635514018691586,0.544392523364486,0.25934579439252337,0.4602803738317757,0.22429906542056074,0.3364485981308411,0.2733644859813084,0.5,0.3621495327102804,0.4672897196261682,0.34813084112149534,0.40420560747663553,0.3107476635514019
2,0.0,0.0,0.1411192214111922,-0.145985401459854,0.3236009732360097,-0.25060827250608275,0.46472019464720193,-0.34306569343065696,0.537712895377129,-0.43795620437956206,0.49148418491484186,-0.13138686131386862,0.7420924574209246,-0.170316301703163,0.8905109489051095,-0.1897810218978102,1.0,-0.20681265206812652,0.49148418491484186,-0.0072992700729927005,0.7153284671532847,0.06082725060827251,0.6399026763990268,0.0705596107055961,0.5425790754257908,0.051094890510948905,0.44525547445255476,0.1192214111922141,0.6447688564476886,0.17761557177615572,0.5742092457420924,0.17274939172749393,0.48905109489051096,0.15085158150851583,0.3795620437956204,0.2360097323600973,0.5571776155717761,0.2846715328467153,0.51338199513382,0.26763990267639903,0.44525547445255476,0.24087591240875914
2,0.0,0.0,0.13440860215053763,-0.17204301075268819,0.30913978494623656,-0.30376344086021506,0.43548387096774194,-0.41935483870967744,0.5,-0.521505376344086,0.5053763440860215,-0.1989247311827957,0.7526881720430108,-0.260752688172043,0.8951612903225806,-0.29838709677419356,1.0,-0.3333333333333333,0.521505376344086,-0.08602150537634409,0.75,-0.02956989247311828,0.6801075268817204,0.0,0.5833333333333334,0.0,0.4946236559139785,0.043010752688172046,0.706989247311828,0.08333333333333333,0.6290322580645161,0.09946236559139784,0.5456989247311828,0.09408602150537634,0.4435483870967742,0.1639784946236559,0.6317204301075269,0.1935483870967742,0.5752688172043011,0.1935483870967742,0.5026881720430108,0.1827956989247312
2,0.0,0.0,0.027450980392156862,-0.23137254901960785,0.16862745098039217,-0.4117647058823529,0.30196078431372547,-0.5647058823529412,0.3333333333333333,-0.7176470588235294,0.43137254901960786,-0.3137254901960784,0.6941176470588235,-0.4392156862745098,0.8745098039215686,-0.5137254901960784,1.0,-0.5607843137254902,0.47843137254901963,-0.1607843137254902,0.7411764705882353,-0.12941176470588237,0.6705882352941176,-0.08235294117647059,0.5450980392156862,-0.06274509803921569,0.47058823529411764,0.00784313725490196,0.7058823529411765,0.03137254901960784,0.6274509803921569,0.058823529411764705,0.5176470588235295,0.06274509803921569,0.44313725490196076,0.1607843137254902,0.6431372549019608,0.1803921568627451,0.5764705882352941,0.1843137254901961,0.4745098039215686,0.17647058823529413
2,0.0,0.0,0.11356466876971609,-0.20504731861198738,0.2870662460567823,-0.36908517350157727,0.416403785488959,-0.501577287066246,0.4637223974763407,-0.6214511041009464,0.5110410094637224,-0.29652996845425866,0.7570977917981072,-0.3943217665615142,0.8958990536277602,-0.444794952681388,1.0,-0.4952681388012618,0.5520504731861199,-0.17665615141955837,0.7854889589905363,-0.15772870662460567,0.7066246056782335,-0.11987381703470032,0.6088328075709779,-0.10725552050473186,0.5457413249211357,-0.03785488958990536,0.7602523659305994,-0.022082018927444796,0.6782334384858044,-0.006309148264984227,0.5867507886435331,-0.006309148264984227,0.5173501577287066,0.10094637223974763,0.7034700315457413,0.10410094637223975,0.637223974763407,0.10410094637223975,0.5520504731861199,0.0946372239747634
2,0.0,0.0,0.10071942446043165,-0.23381294964028776,0.2697841726618705,-0.420863309352518,0.3920863309352518,-0.5611510791366906,0.4352517985611511,-0.6870503597122302,0.5215827338129496,-0.37050359712230213,0.7589928057553957,-0.48201438848920863,0.89568345323741,-0.5503597122302158,1.0,-0.6079136690647482,0.579136690647482,-0.25539568345323743,0.8237410071942446,-0.24100719424460432,0.7482014388489209,-0.1906474820143885,0.6474820143884892,-0.16906474820143885,0.5899280575539568,-0.1079136690647482,0.8093525179856115,-0.10431654676258993,0.7230215827338129,-0.07553956834532374,0.6330935251798561,-0.06474820143884892,0.5719424460431655,0.039568345323741004,0.7733812949640287,0.03597122302158273,0.697841726618705,0.046762589928057555,0.6079136690647482,0.0539568345323741
2,0.0,0.0,0.08333333333333333,-0.23809523809523808,0.24206349206349206,-0.43253968253968256,0.36904761904761907,-0.5833333333333334,0.4087301587301587,-0.7182539682539683,0.503968253968254,-0.39285714285714285,0.753968253968254,-0.5238095238095238,0.8968253968253969,-0.5952380952380952,1.0,-0.6547619047619048,0.5714285714285714,-0.2698412698412698,0.8253968253968254,-0.27380952380952384,0.7738095238095238,-0.21031746031746032,0.6825396825396826,-0.1746031746031746,0.5912698412698413,-0.11904761904761904,0.8293650793650794,-0.12698412698412698,0.7619047619047619,-0.0873015873015873,0.6706349206349206,-0.06746031746031746,0.5873015873015873,0.027777777777777776,0.7817460317460317,0.015873015873015872,0.7261904761904762,0.03571428571428571,0.6388888888888888,0.04365079365079365
2,0.0,0.0,0.07936507936507936,-0.2261904761904762,0.23809523809523808,-0.4126984126984127,0.36904761904761907,-0.5595238095238095,0.4087301587301587,-0.6904761904761905,0.5119047619047619,-0.3611111111111111,0.75,-0.4880952380952381,0.8928571428571429,-0.5515873015873016,1.0,-0.6031746031746031,0.5753968253968254,-0.23015873015873015,0.8015873015873016,-0.23809523809523808,0.7420634920634921,-0.1865079365079365,0.6507936507936508,-0.15873015873015872,0.5873015873015873,-0.07936507936507936,0.7896825396825397,-0.08333333333333333,0.7261904761904762,-0.05952380952380952,0.6309523809523809,-0.051587301587301584,0.5714285714285714,0.06349206349206349,0.746031746031746,0.05952380952380952,0.6865079365079365,0.06349206349206349,0.6031746031746031,0.05952380952380952
2,0.0,0.0,0.09433962264150944,-0.2,0.26037735849056604,-0.3622641509433962,0.39245283018867927,-0.5056603773584906,0.4377358490566038,-0.630188679245283,0.5132075471698113,-0.2641509433962264,0.7471698113207547,-0.35471698113207545,0.8905660377358491,-0.4,1.0,-0.4339622641509434,0.5547169811320755,-0.1320754716981132,0.7622641509433963,-0.10566037735849057,0.6830188679245283,-0.0830188679245283,0.5811320754716981,-0.07924528301886792,0.5471698113207547,0.007547169811320755,0.7358490566037735,0.03018867924528302,0.6641509433962264,0.033962264150943396,0.5735849056603773,0.033962264150943396,0.5169811320754717,0.13962264150943396,0.6792452830188679,0.15471698113207547,0.6188679245283019,0.1471698113207547,0.539622641509434,0.13962264150943396
2,0.0,0.0,0.14336917562724014,-0.16129032258064516,0.34050179211469533,-0.25448028673835127,0.5017921146953405,-0.3333333333333333,0.5663082437275986,-0.43010752688172044,0.5017921146953405,-0.08960573476702509,0.7491039426523297,-0.07885304659498207,0.8960573476702509,-0.07168458781362007,1.0,-0.06451612903225806,0.4946236559139785,0.035842293906810034,0.6810035842293907,0.12186379928315412,0.6093189964157706,0.11827956989247312,0.5232974910394266,0.08960573476702509,0.44802867383512546,0.16129032258064516,0.6308243727598566,0.24014336917562723,0.5698924731182796,0.22580645161290322,0.4874551971326165,0.1971326164874552,0.37992831541218636,0.26881720430107525,0.5340501792114696,0.34050179211469533,0.4910394265232975,0.31899641577060933,0.4229390681003584,0.2831541218637993
2,0.0,0.0,0.16356877323420074,-0.15613382899628253,0.3643122676579926,-0.23048327137546468,0.5315985130111525,-0.2862453531598513,0.6133828996282528,-0.379182156133829,0.516728624535316,-0.03717472118959108,0.7546468401486989,0.007434944237918215,0.895910780669145,0.03345724907063197,1.0,0.05204460966542751,0.49814126394052044,0.09293680297397769,0.6579925650557621,0.19330855018587362,0.587360594795539,0.17472118959107807,0.5018587360594795,0.137546468401487,0.4312267657992565,0.21189591078066913,0.5910780669144982,0.30855018587360594,0.5353159851301115,0.2825278810408922,0.45724907063197023,0.241635687732342,0.34944237918215615,0.31226765799256506,0.4944237918215613,0.39776951672862454,0.44609665427509293,0.3643122676579926,0.379182156133829,0.31970260223048325
2,0.0,0.0,0.17870722433460076,-0.13307984790874525,0.39543726235741444,-0.17870722433460076,0.5703422053231939,-0.21292775665399238,0.6577946768060836,-0.29277566539923955,0.5171102661596958,0.026615969581749048,0.752851711026616,0.10266159695817491,0.8935361216730038,0.1482889733840304,1.0,0.18631178707224336,0.4866920152091255,0.1482889733840304,0.6273764258555133,0.2889733840304182,0.55893536121673,0.26996197718631176,0.4828897338403042,0.22053231939163498,0.4068441064638783,0.2585551330798479,0.5475285171102662,0.39543726235741444,0.49429657794676807,0.3688212927756654,0.4220532319391635,0.311787072243346,0.3155893536121673,0.34600760456273766,0.4296577946768061,0.467680608365019,0.3916349809885932,0.4296577946768061,0.33460076045627374,0.3688212927756654
2,0.0,0.0,0.183206106870229,-0.12213740458015267,0.3969465648854962,-0.16030534351145037,0.5687022900763359,-0.1946564885496183,0.6603053435114504,-0.2786259541984733,0.5114503816793893,0.04198473282442748,0.7480916030534351,0.1183206106870229,0.8931297709923665,0.16793893129770993,1.0,0.20610687022900764,0.4770992366412214,0.16030534351145037,0.6183206106870229,0.30916030534351147,0.5458015267175572,0.29389312977099236,0.4732824427480916,0.24045801526717558,0.3969465648854962,0.2633587786259542,0.5343511450381679,0.40458015267175573,0.4770992366412214,0.37786259541984735,0.4122137404580153,0.32061068702290074,0.3053435114503817,0.3511450381679389,0.4198473282442748,0.4770992366412214,0.37786259541984735,0.44274809160305345,0.3244274809160305,0.37786259541984735
2,0.0,0.0,0.16115702479338842,-0.1446280991735537,0.35537190082644626,-0.25206611570247933,0.48760330578512395,-0.359504132231405,0.5413223140495868,-0.47520661157024796,0.5041322314049587,-0.17355371900826447,0.756198347107438,-0.17768595041322313,0.8925619834710744,-0.18181818181818182,1.0,-0.19008264462809918,0.5,-0.0743801652892562,0.6735537190082644,0.05371900826446281,0.5909090909090909,0.05785123966942149,0.5082644628099173,0.02066115702479339,0.45454545454545453,0.04132231404958678,0.6074380165289256,0.15289256198347106,0.5371900826446281,0.1446280991735537,0.4628099173553719,0.11570247933884298,0.4049586776859504,0.15289256198347106,0.5330578512396694,0.22727272727272727,0.4669421487603306,0.21074380165289255,0.40082644628099173,0.18181818181818182
2,0.0,0.0,0.13656387665198239,-0.16299559471365638,0.32599118942731276,-0.28634361233480177,0.4581497797356828,-0.3920704845814978,0.5110132158590308,-0.5022026431718062,0.5022026431718062,-0.22026431718061673,0.748898678414097,-0.21145374449339208,0.8898678414096917,-0.2026431718061674,1.0,-0.19823788546255505,0.5110132158590308,-0.11894273127753303,0.6475770925110133,0.00881057268722467,0.5638766519823789,0.022026431718061675,0.4845814977973568,-0.013215859030837005,0.47577092511013214,0.004405286343612335,0.5947136563876652,0.10572687224669604,0.5198237885462555,0.11013215859030837,0.44933920704845814,0.08370044052863436,0.43171806167400884,0.12334801762114538,0.5418502202643172,0.1894273127753304,0.4713656387665198,0.18502202643171806,0.4008810572687225,0.16299559471365638
2,0.0,0.0,0.11274509803921569,-0.18137254901960784,0.29411764705882354,-0.30392156862745096,0.4215686274509804,-0.4166666666666667,0.44607843137254904,-0.5392156862745098,0.5,-0.20588235294117646,0.75,-0.20098039215686275,0.8921568627450981,-0.18137254901960784,1.0,-0.16666666666666666,0.5245098039215687,-0.10294117647058823,0.6078431372549019,0.004901960784313725,0.5294117647058824,0.004901960784313725,0.46078431372549017,-0.024509803921568627,0.49019607843137253,0.024509803921568627,0.5343137254901961,0.08823529411764706,0.47058823529411764,0.08333333333333333,0.4068627450980392,0.06372549019607843,0.44607843137254904,0.15196078431372548,0.4803921568627451,0.18627450980392157,0.4166666666666667,0.17647058823529413,0.35784313725490197,0.1568627450980392
2,0.0,0.0,0.1111111111111111,-0.20202020202020202,0.29292929292929293,-0.3282828282828283,0.42424242424242425,-0.4444444444444444,0.4595959595959596,-0.5606060606060606,0.51010101010101,-0.20202020202020202,0.7424242424242424,-0.18181818181818182,0.8888888888888888,-0.16161616161616163,1.0,-0.14646464646464646,0.5303030303030303,-0.0707070707070707,0.5757575757575758,-0.030303030303030304,0.494949494949495,-0.04040404040404041,0.4292929292929293,-0.05555555555555555,0.4898989898989899,0.06060606060606061,0.5050505050505051,0.06565656565656566,0.4393939393939394,0.050505050505050504,0.37373737373737376,0.04040404040404041,0.4393939393939394,0.17676767676767677,0.43434343434343436,0.16666666666666666,0.3686868686868687,0.14646464646464646,0.3181818181818182,0.13636363636363635
2,0.0,0.0,0.07253886010362694,-0.23316062176165803,0.24352331606217617,-0.37823834196891193,0.38860103626943004,-0.49740932642487046,0.43523316062176165,-0.616580310880829,0.5025906735751295,-0.22279792746113988,0.7357512953367875,-0.21761658031088082,0.8911917098445595,-0.20725388601036268,1.0,-0.19689119170984457,0.5284974093264249,-0.06735751295336788,0.5595854922279793,-0.10880829015544041,0.47150259067357514,-0.12953367875647667,0.39896373056994816,-0.11398963730569948,0.49222797927461137,0.06217616580310881,0.5077720207253886,0.0,0.43523316062176165,-0.02072538860103627,0.3626943005181347,-0.010362694300518135,0.43523316062176165,0.17098445595854922,0.44559585492227977,0.10880829015544041,0.37823834196891193,0.08808290155440414,0.32124352331606215,0.09844559585492228
2,0.0,0.0,0.06806282722513089,-0.24083769633507854,0.2356020942408377,-0.39267015706806285,0.38219895287958117,-0.5078534031413613,0.42408376963350786,-0.6387434554973822,0.4973821989528796,-0.2356020942408377,0.7382198952879581,-0.24083769633507854,0.8900523560209425,-0.23036649214659685,1.0,-0.2198952879581152,0.5287958115183246,-0.07853403141361257,0.5445026178010471,-0.13089005235602094,0.45549738219895286,-0.1518324607329843,0.387434554973822,-0.13612565445026178,0.4869109947643979,0.05759162303664921,0.49214659685863876,-0.020942408376963352,0.418848167539267,-0.03664921465968586,0.3507853403141361,-0.02617801047120419,0.4293193717277487,0.16230366492146597,0.4293193717277487,0.09424083769633508,0.36649214659685864,0.07329842931937172,0.3089005235602094,0.07853403141361257
2,0.0,0.0,0.0891089108910891,-0.21287128712871287,0.2623762376237624,-0.3613861386138614,0.4158415841584158,-0.47029702970297027,0.46534653465346537,-0.594059405940594,0.4900990099009901,-0.21782178217821782,0.7425742574257426,-0.22277227722772278,0.8910891089108911,-0.21782178217821782,1.0,-0.21287128712871287,0.5099009900990099,-0.06930693069306931,0.7029702970297029,-0.0297029702970297,0.6287128712871287,-0.034653465346534656,0.5297029702970297,-0.04455445544554455,0.4900990099009901,0.06435643564356436,0.6435643564356436,0.0891089108910891,0.5792079207920792,0.07425742574257425,0.49504950495049505,0.06435643564356436,0.4504950495049505,0.1782178217821782,0.5742574257425742,0.18811881188118812,0.5148514851485149,0.16831683168316833,0.4405940594059406,0.15346534653465346
2,0.0,0.0,0.08823529411764706,-0.2107843137254902,0.2549019607843137,-0.35784313725490197,0.39215686274509803,-0.47549019607843135,0.4411764705882353,-0.5980392156862745,0.4852941176470588,-0.20588235294117646,0.7352941176470589,-0.22549019607843138,0.8872549019607843,-0.23039215686274508,1.0,-0.22549019607843138,0.4950980392156863,-0.058823529411764705,0.7647058823529411,0.004901960784313725,0.7058823529411765,0.00980392156862745,0.6127450980392157,0.0,0.46568627450980393,0.07352941176470588,0.7009803921568627,0.1323529411764706,0.6372549019607843,0.11764705882352941,0.5441176470588235,0.09803921568627451,0.4166666666666667,0.18627450980392157,0.6029411764705882,0.23039215686274508,0.553921568627451,0.20588235294117646,0.47058823529411764,0.17647058823529413
2,0.0,0.0,0.09523809523809523,-0.20476190476190476,0.2619047619047619,-0.3380952380952381,0.3952380952380952,-0.45714285714285713,0.44285714285714284,-0.5714285714285714,0.48095238095238096,-0.17142857142857143,0.7428571428571429,-0.18095238095238095,0.8904761904761904,-0.18571428571428572,1.0,-0.1761904761904762,0.4857142857142857,-0.02857142857142857,0.7476190476190476,0.02857142857142857,0.719047619047619,0.023809523809523808,0.6476190476190476,0.014285714285714285,0.4523809523809524,0.09523809523809523,0.6761904761904762,0.1619047619047619,0.638095238095238,0.14285714285714285,0.5666666666666667,0.11428571428571428,0.3904761904761905,0.2,0.5619047619047619,0.2714285714285714,0.5523809523809524,0.2523809523809524,0.5095238095238095,0.21904761904761905
2,0.0,0.0,0.102803738317757,-0.205607476635514,0.27102803738317754,-0.35046728971962615,0.40186915887850466,-0.4672897196261682,0.4485981308411215,-0.5794392523364486,0.48130841121495327,-0.17289719626168223,0.7429906542056075,-0.18691588785046728,0.897196261682243,-0.19158878504672897,1.0,-0.19158878504672897,0.48598130841121495,-0.03271028037383177,0.7616822429906542,0.028037383177570093,0.719626168224299,0.028037383177570093,0.6355140186915887,0.018691588785046728,0.4532710280373832,0.08878504672897196,0.6962616822429907,0.16355140186915887,0.6401869158878505,0.14485981308411214,0.5560747663551402,0.12149532710280374,0.397196261682243,0.19626168224299065,0.5841121495327103,0.27102803738317754,0.5514018691588785,0.24766355140186916,0.48598130841121495,0.2102803738317757
2,0.0,0.0,0.102803738317757,-0.205607476635514,0.2757009345794392,-0.35046728971962615,0.40654205607476634,-0.4719626168224299,0.4485981308411215,-0.5887850467289719,0.4953271028037383,-0.17757009345794392,0.7429906542056075,-0.19158878504672897,0.897196261682243,-0.19626168224299065,1.0,-0.18691588785046728,0.5,-0.037383177570093455,0.7616822429906542,0.028037383177570093,0.705607476635514,0.02336448598130841,0.616822429906542,0.014018691588785047,0.4672897196261682,0.08878504672897196,0.6962616822429907,0.16355140186915887,0.6355140186915887,0.14018691588785046,0.5514018691588785,0.11214953271028037,0.40654205607476634,0.19626168224299065,0.5887850467289719,0.26635514018691586,0.5514018691588785,0.2383177570093458,0.48130841121495327,0.19626168224299065
2,0.0,0.0,0.09345794392523364,-0.205607476635514,0.2616822429906542,-0.35046728971962615,0.397196261682243,-0.4672897196261682,0.4439252336448598,-0.5794392523364486,0.49065420560747663,-0.17757009345794392,0.7476635514018691,-0.19626168224299065,0.897196261682243,-0.19626168224299065,1.0,-0.19158878504672897,0.4953271028037383,-0.04672897196261682,0.7523364485981309,0.03271028037383177,0.7149532710280374,0.03271028037383177,0.6355140186915887,0.028037383177570093,0.46261682242990654,0.0794392523364486,0.6822429906542056,0.16355140186915887,0.6261682242990654,0.14485981308411214,0.5420560747663551,0.11682242990654206,0.40654205607476634,0.19158878504672897,0.5841121495327103,0.2616822429906542,0.5420560747663551,0.2336448598130841,0.4719626168224299,0.20093457943925233
2,0.0,0.0,0.09004739336492891,-0.2037914691943128,0.26540284360189575,-0.3412322274881517,0.41706161137440756,-0.45023696682464454,0.46445497630331756,-0.5687203791469194,0.4976303317535545,-0.1943127962085308,0.7393364928909952,-0.2037914691943128,0.8909952606635071,-0.1990521327014218,1.0,-0.1943127962085308,0.5165876777251185,-0.052132701421800945,0.7014218009478673,-0.004739336492890996,0.6255924170616114,-0.004739336492890996,0.5308056872037915,-0.018957345971563982,0.4881516587677725,0.08056872037914692,0.6587677725118484,0.12322274881516587,0.5971563981042654,0.10900473933649289,0.5118483412322274,0.09004739336492891,0.44549763033175355,0.1895734597156398,0.5829383886255924,0.21800947867298578,0.5260663507109005,0.1990521327014218,0.45023696682464454,0.17535545023696683
2,0.0,0.0,0.08292682926829269,-0.2048780487804878,0.25365853658536586,-0.36097560975609755,0.3951219512195122,-0.47804878048780486,0.43414634146341463,-0.5951219512195122,0.4878048780487805,-0.22926829268292684,0.7365853658536585,-0.23902439024390243,0.8878048780487805,-0.22926829268292684,1.0,-0.21951219512195122,0.5073170731707317,-0.09268292682926829,0.6585365853658537,-0.04878048780487805,0.5804878048780487,-0.05365853658536585,0.4975609756097561,-0.05853658536585366,0.48292682926829267,0.03902439024390244,0.6146341463414634,0.06829268292682927,0.551219512195122,0.05365853658536585,0.47317073170731705,0.04390243902439024,0.44878048780487806,0.16097560975609757,0.551219512195122,0.16585365853658537,0.4926829268292683,0.14634146341463414,0.4195121951219512,0.13170731707317074
2,0.0,0.0,0.06532663316582915,-0.22613065326633167,0.23115577889447236,-0.3869346733668342,0.3768844221105528,-0.5125628140703518,0.41708542713567837,-0.6381909547738693,0.4824120603015075,-0.271356783919598,0.7286432160804021,-0.2864321608040201,0.8844221105527639,-0.2814070351758794,1.0,-0.27638190954773867,0.5226130653266332,-0.12060301507537688,0.5879396984924623,-0.1507537688442211,0.5025125628140703,-0.1658291457286432,0.4271356783919598,-0.1507537688442211,0.49748743718592964,0.01507537688442211,0.542713567839196,-0.04020100502512563,0.4723618090452261,-0.05025125628140704,0.3969849246231156,-0.04020100502512563,0.45226130653266333,0.1306532663316583,0.47738693467336685,0.08040201005025126,0.4120603015075377,0.06532663316582915,0.35175879396984927,0.07035175879396985
2,0.0,0.0,0.07253886010362694,-0.23834196891191708,0.23834196891191708,-0.39378238341968913,0.38341968911917096,-0.5181347150259067,0.41450777202072536,-0.6373056994818653,0.47668393782383417,-0.26424870466321243,0.7253886010362695,-0.27461139896373055,0.8808290155440415,-0.2694300518134715,1.0,-0.25906735751295334,0.5181347150259067,-0.10880829015544041,0.538860103626943,-0.15544041450777202,0.45595854922279794,-0.17098445595854922,0.39378238341968913,-0.15025906735751296,0.48704663212435234,0.025906735751295335,0.49222797927461137,-0.04145077720207254,0.42487046632124353,-0.05181347150259067,0.35751295336787564,-0.03626943005181347,0.44041450777202074,0.13989637305699482,0.44041450777202074,0.08290155440414508,0.37823834196891193,0.06735751295336788,0.32124352331606215,0.07772020725388601
2,0.0,0.0,0.11224489795918367,-0.20918367346938777,0.3112244897959184,-0.30612244897959184,0.4744897959183674,-0.3877551020408163,0.5357142857142857,-0.5,0.5153061224489796,-0.14285714285714285,0.75,-0.08673469387755102,0.8928571428571429,-0.04591836734693878,1.0,0.0,0.5153061224489796,0.00510204081632653,0.5459183673469388,-0.015306122448979591,0.4744897959183674,-0.05102040816326531,0.40816326530612246,-0.05612244897959184,0.45408163265306123,0.12755102040816327,0.47959183673469385,0.07142857142857142,0.41836734693877553,0.04591836734693878,0.3520408163265306,0.04591836734693878,0.3826530612244898,0.21428571428571427,0.3979591836734694,0.1683673469387755,0.336734693877551,0.1377551020408163,0.2857142857142857,0.1326530612244898
2,0.0,0.0,0.16847826086956522,-0.1956521739130435,0.3967391304347826,-0.24456521739130435,0.5815217391304348,-0.2826086956521739,0.6739130434782609,-0.375,0.5597826086956522,-0.016304347826086956,0.7771739130434783,0.11413043478260869,0.907608695652174,0.20108695652173914,1.0,0.27717391304347827,0.5217391304347826,0.125,0.5434782608695652,0.13043478260869565,0.47282608695652173,0.07608695652173914,0.4076086956521739,0.05434782608695652,0.42934782608695654,0.22826086956521738,0.44565217391304346,0.19021739130434784,0.3858695652173913,0.14673913043478262,0.32065217391304346,0.11956521739130435,0.32608695652173914,0.29891304347826086,0.33152173913043476,0.2608695652173913,0.27717391304347827,0.21195652173913043,0.22282608695652173,0.18478260869565216
2,0.0,0.0,0.16756756756756758,-0.1837837837837838,0.40540540540540543,-0.22162162162162163,0.5945945945945946,-0.24324324324324326,0.6972972972972973,-0.33513513513513515,0.5567567567567567,0.0,0.7783783783783784,0.14594594594594595,0.9081081081081082,0.24324324324324326,1.0,0.31891891891891894,0.5135135135135135,0.14054054054054055,0.5405405405405406,0.17297297297297298,0.4702702702702703,0.11891891891891893,0.4,0.08108108108108109,0.41621621621621624,0.24324324324324326,0.43783783783783786,0.22162162162162163,0.372972972972973,0.1783783783783784,0.3081081081081081,0.14594594594594595,0.31351351351351353,0.31891891891891894,0.31891891891891894,0.2864864864864865,0.2594594594594595,0.23783783783783785,0.21081081081081082,0.2
2,0.0,0.0,0.18579234972677597,-0.18579234972677597,0.4207650273224044,-0.20765027322404372,0.6174863387978142,-0.22950819672131148,0.7213114754098361,-0.31693989071038253,0.5683060109289617,0.01639344262295082,0.7814207650273224,0.17486338797814208,0.907103825136612,0.2786885245901639,1.0,0.3551912568306011,0.5245901639344263,0.16393442622950818,0.5355191256830601,0.17486338797814208,0.46994535519125685,0.12021857923497267,0.40437158469945356,0.08743169398907104,0.4207650273224044,0.26229508196721313,0.43169398907103823,0.22950819672131148,0.37158469945355194,0.18579234972677597,0.30601092896174864,0.15300546448087432,0.3114754098360656,0.3333333333333333,0.30601092896174864,0.2896174863387978,0.2568306010928962,0.24043715846994534,0.20218579234972678,0.20765027322404372
2,0.0,0.0,0.1076923076923077,-0.2205128205128205,0.29743589743589743,-0.358974358974359,0.4358974358974359,-0.46153846153846156,0.48205128205128206,-0.5794871794871795,0.5282051282051282,-0.20512820512820512,0.7538461538461538,-0.20512820512820512,0.8923076923076924,-0.2,1.0,-0.19487179487179487,0.5435897435897435,-0.05641025641025641,0.5743589743589743,-0.10256410256410256,0.49743589743589745,-0.11794871794871795,0.4256410256410256,-0.10256410256410256,0.49743589743589745,0.07179487179487179,0.517948717948718,0.005128205128205128,0.4461538461538462,-0.010256410256410256,0.37435897435897436,0.0,0.441025641025641,0.17435897435897435,0.4461538461538462,0.11282051282051282,0.38461538461538464,0.08717948717948718,0.31794871794871793,0.08717948717948718
2,0.0,0.0,0.07567567567567568,-0.22702702702702704,0.23783783783783785,-0.4,0.3621621621621622,-0.5405405405405406,0.3837837837837838,-0.6810810810810811,0.4972972972972973,-0.2972972972972973,0.7351351351351352,-0.35135135135135137,0.8864864864864865,-0.3783783783783784,1.0,-0.3945945945945946,0.5459459459459459,-0.16216216216216217,0.5837837837837838,-0.16216216216216217,0.4972972972972973,-0.16216216216216217,0.42702702702702705,-0.14594594594594595,0.5297297297297298,-0.021621621621621623,0.5297297297297298,-0.043243243243243246,0.4648648648648649,-0.04864864864864865,0.3945945945945946,-0.03783783783783784,0.4918918918918919,0.10270270270270271,0.4810810810810811,0.08108108108108109,0.41621621621621624,0.07027027027027027,0.3567567567567568,0.07027027027027027
2,0.0,0.0,0.06741573033707865,-0.21910112359550563,0.21910112359550563,-0.4101123595505618,0.33146067415730335,-0.5730337078651685,0.34831460674157305,-0.7078651685393258,0.4943820224719101,-0.33707865168539325,0.7359550561797753,-0.4157303370786517,0.8876404494382022,-0.449438202247191,1.0,-0.47191011235955055,0.5561797752808989,-0.20786516853932585,0.6179775280898876,-0.16292134831460675,0.5280898876404494,-0.1404494382022472,0.4438202247191011,-0.1404494382022472,0.550561797752809,-0.06741573033707865,0.5730337078651685,-0.03932584269662921,0.5,-0.033707865168539325,0.42134831460674155,-0.033707865168539325,0.5224719101123596,0.06741573033707865,0.5280898876404494,0.08426966292134831,0.4550561797752809,0.07865168539325842,0.39325842696629215,0.07303370786516854
2,0.0,0.0,0.09248554913294797,-0.20809248554913296,0.24277456647398843,-0.4046242774566474,0.34104046242774566,-0.5664739884393064,0.3468208092485549,-0.6936416184971098,0.4913294797687861,-0.3583815028901734,0.7341040462427746,-0.44508670520231214,0.884393063583815,-0.4913294797687861,1.0,-0.5202312138728323,0.5491329479768786,-0.24855491329479767,0.6589595375722543,-0.1907514450867052,0.5722543352601156,-0.1676300578034682,0.4797687861271676,-0.1676300578034682,0.5664739884393064,-0.10982658959537572,0.6242774566473989,-0.06936416184971098,0.5549132947976878,-0.05202312138728324,0.4682080924855491,-0.046242774566473986,0.5606936416184971,0.028901734104046242,0.5895953757225434,0.057803468208092484,0.5144508670520231,0.06358381502890173,0.4393063583815029,0.057803468208092484
2,0.0,0.0,0.03787878787878788,-0.2196969696969697,0.1893939393939394,-0.4318181818181818,0.3106060606060606,-0.6287878787878788,0.32575757575757575,-0.7954545454545454,0.4696969696969697,-0.3939393939393939,0.696969696969697,-0.4772727272727273,0.8636363636363636,-0.5303030303030303,1.0,-0.5833333333333334,0.553030303030303,-0.25757575757575757,0.6818181818181818,-0.17424242424242425,0.5757575757575758,-0.13636363636363635,0.45454545454545453,-0.14393939393939395,0.5757575757575758,-0.09848484848484848,0.6439393939393939,-0.030303030303030304,0.5606060606060606,-0.007575757575757576,0.45454545454545453,-0.015151515151515152,0.5757575757575758,0.06818181818181818,0.5984848484848485,0.11363636363636363,0.5075757575757576,0.12121212121212122,0.42424242424242425,0.11363636363636363
2,0.0,0.0,0.07926829268292683,-0.2073170731707317,0.23780487804878048,-0.4024390243902439,0.3475609756097561,-0.5670731707317073,0.3475609756097561,-0.7073170731707317,0.4817073170731707,-0.36585365853658536,0.7439024390243902,-0.4573170731707317,0.8963414634146342,-0.5,1.0,-0.5365853658536586,0.5304878048780488,-0.25609756097560976,0.7073170731707317,-0.17682926829268292,0.6158536585365854,-0.1402439024390244,0.5121951219512195,-0.14634146341463414,0.5365853658536586,-0.11585365853658537,0.6463414634146342,-0.054878048780487805,0.5670731707317073,-0.036585365853658534,0.47560975609756095,-0.036585365853658534,0.524390243902439,0.03048780487804878,0.5914634146341463,0.06707317073170732,0.5121951219512195,0.07317073170731707,0.4329268292682927,0.06097560975609756
2,0.0,0.0,0.09876543209876543,-0.2037037037037037,0.2716049382716049,-0.3950617283950617,0.38271604938271603,-0.5555555555555556,0.3888888888888889,-0.6975308641975309,0.4876543209876543,-0.37037037037037035,0.7407407407407407,-0.4506172839506173,0.8888888888888888,-0.4876543209876543,1.0,-0.5246913580246914,0.5370370370370371,-0.2654320987654321,0.6975308641975309,-0.19753086419753085,0.6111111111111112,-0.16666666666666666,0.5123456790123457,-0.16666666666666666,0.5555555555555556,-0.12345679012345678,0.6666666666666666,-0.07407407407407407,0.5925925925925926,-0.04938271604938271,0.5,-0.05555555555555555,0.5493827160493827,0.012345679012345678,0.6296296296296297,0.043209876543209874,0.5617283950617284,0.05555555555555555,0.48148148148148145,0.04938271604938271
2,0.0,0.0,0.03418803418803419,-0.2222222222222222,0.19658119658119658,-0.4358974358974359,0.3162393162393162,-0.6239316239316239,0.3418803418803419,-0.7948717948717948,0.46153846153846156,-0.38461538461538464,0.7008547008547008,-0.4700854700854701,0.8717948717948718,-0.5213675213675214,1.0,-0.5726495726495726,0.5384615384615384,-0.24786324786324787,0.6837606837606838,-0.1794871794871795,0.5726495726495726,-0.13675213675213677,0.4444444444444444,-0.1452991452991453,0.5555555555555556,-0.08547008547008547,0.6324786324786325,-0.02564102564102564,0.5384615384615384,-0.008547008547008548,0.4358974358974359,-0.017094017094017096,0.5384615384615384,0.07692307692307693,0.5811965811965812,0.11965811965811966,0.47863247863247865,0.11965811965811966,0.39316239316239315,0.10256410256410256
2,0.0,0.0,0.10126582278481013,-0.22151898734177214,0.26582278481012656,-0.4050632911392405,0.379746835443038,-0.5632911392405063,0.3987341772151899,-0.6962025316455697,0.4810126582278481,-0.3924050632911392,0.7341772151898734,-0.4620253164556962,0.8860759493670886,-0.5,1.0,-0.5316455696202531,0.5316455696202531,-0.2911392405063291,0.6962025316455697,-0.21518987341772153,0.6075949367088608,-0.17088607594936708,0.5126582278481012,-0.17088607594936708,0.5379746835443038,-0.1518987341772152,0.6518987341772152,-0.0949367088607595,0.5759493670886076,-0.06962025316455696,0.4936708860759494,-0.06962025316455696,0.5316455696202531,-0.0189873417721519,0.6075949367088608,0.006329113924050633,0.5316455696202531,0.02531645569620253,0.45569620253164556,0.02531645569620253
2,0.0,0.0,0.09933774834437085,-0.2185430463576159,0.2582781456953642,-0.40397350993377484,0.36423841059602646,-0.5562913907284768,0.39072847682119205,-0.6887417218543046,0.5033112582781457,-0.3708609271523179,0.7483443708609272,-0.45695364238410596,0.8940397350993378,-0.4966887417218543,1.0,-0.5298013245033113,0.543046357615894,-0.2781456953642384,0.7019867549668874,-0.17880794701986755,0.6158940397350994,-0.1456953642384106,0.5298013245033113,-0.152317880794702,0.5496688741721855,-0.1390728476821192,0.6556291390728477,-0.06622516556291391,0.5827814569536424,-0.046357615894039736,0.5033112582781457,-0.052980132450331126,0.5364238410596026,-0.006622516556291391,0.609271523178808,0.039735099337748346,0.5364238410596026,0.052980132450331126,0.45695364238410596,0.046357615894039736
2,0.0,0.0,0.1,-0.2,0.275,-0.3625,0.39375,-0.5,0.43125,-0.61875,0.5125,-0.3125,0.74375,-0.38125,0.8875,-0.4125,1.0,-0.44375,0.55,-0.21875,0.6875,-0.15625,0.6,-0.1375,0.50625,-0.14375,0.55,-0.09375,0.64375,-0.04375,0.56875,-0.0375,0.48125,-0.04375,0.53125,0.03125,0.5875,0.0625,0.5125,0.0625,0.4375,0.05625
2,0.0,0.0,0.14814814814814814,-0.20987654320987653,0.32098765432098764,-0.37037037037037035,0.4444444444444444,-0.5,0.4876543209876543,-0.6296296296296297,0.5493827160493827,-0.32098765432098764,0.7592592592592593,-0.345679012345679,0.9012345679012346,-0.36419753086419754,1.0,-0.3888888888888889,0.5925925925925926,-0.21604938271604937,0.7037037037037037,-0.17901234567901234,0.6296296296296297,-0.16049382716049382,0.5370370370370371,-0.16049382716049382,0.5987654320987654,-0.08641975308641975,0.6728395061728395,-0.05555555555555555,0.6049382716049383,-0.05555555555555555,0.5246913580246914,-0.06172839506172839,0.5802469135802469,0.037037037037037035,0.6296296296296297,0.04938271604938271,0.5617283950617284,0.04938271604938271,0.4876543209876543,0.043209876543209874
2,0.0,0.0,0.18072289156626506,-0.20481927710843373,0.3795180722891566,-0.3493975903614458,0.5120481927710844,-0.4759036144578313,0.5602409638554217,-0.5963855421686747,0.572289156626506,-0.28313253012048195,0.7650602409638554,-0.3072289156626506,0.8975903614457831,-0.3132530120481928,1.0,-0.3313253012048193,0.608433734939759,-0.1686746987951807,0.7349397590361446,-0.15060240963855423,0.6867469879518072,-0.13855421686746988,0.6144578313253012,-0.13855421686746988,0.608433734939759,-0.03614457831325301,0.6927710843373494,-0.024096385542168676,0.6445783132530121,-0.024096385542168676,0.5662650602409639,-0.03614457831325301,0.5843373493975904,0.0963855421686747,0.6385542168674698,0.09036144578313253,0.5843373493975904,0.08433734939759036,0.5120481927710844,0.07228915662650602
2,0.0,0.0,0.14689265536723164,-0.22033898305084745,0.3389830508474576,-0.3728813559322034,0.4576271186440678,-0.5084745762711864,0.4971751412429379,-0.6384180790960452,0.536723163841808,-0.2994350282485876,0.7457627118644068,-0.3220338983050847,0.8870056497175142,-0.327683615819209,1.0,-0.3446327683615819,0.5875706214689266,-0.1864406779661017,0.6836158192090396,-0.20903954802259886,0.615819209039548,-0.2033898305084746,0.5423728813559322,-0.1807909604519774,0.5875706214689266,-0.062146892655367235,0.655367231638418,-0.0903954802259887,0.5988700564971752,-0.0903954802259887,0.519774011299435,-0.0847457627118644,0.5649717514124294,0.062146892655367235,0.6045197740112994,0.011299435028248588,0.5480225988700564,0.011299435028248588,0.4745762711864407,0.022598870056497175
2,0.0,0.0,0.15760869565217392,-0.21195652173913043,0.34782608695652173,-0.3532608695652174,0.4782608695652174,-0.4782608695652174,0.5217391304347826,-0.5978260869565217,0.5489130434782609,-0.2826086956521739,0.75,-0.30434782608695654,0.8913043478260869,-0.30978260869565216,1.0,-0.32608695652173914,0.5978260869565217,-0.16847826086956522,0.6684782608695652,-0.16847826086956522,0.592391304347826,-0.16304347826086957,0.5163043478260869,-0.15217391304347827,0.5978260869565217,-0.043478260869565216,0.6413043478260869,-0.059782608695652176,0.5815217391304348,-0.06521739130434782,0.5054347826086957,-0.059782608695652176,0.5760869565217391,0.07065217391304347,0.6032608695652174,0.043478260869565216,0.5380434782608695,0.03260869565217391,0.4673913043478261,0.03804347826086957
2,0.0,0.0,0.04484304932735426,-0.2062780269058296,0.20179372197309417,-0.34080717488789236,0.3452914798206278,-0.4618834080717489,0.38565022421524664,-0.5964125560538116,0.45739910313901344,-0.2600896860986547,0.7130044843049327,-0.2645739910313901,0.874439461883408,-0.2556053811659193,1.0,-0.24663677130044842,0.5112107623318386,-0.13901345291479822,0.5426008968609866,-0.07623318385650224,0.452914798206278,-0.07174887892376682,0.3811659192825112,-0.07623318385650224,0.484304932735426,0.0,0.4798206278026906,0.013452914798206279,0.4080717488789238,0.017937219730941704,0.34080717488789236,0.017937219730941704,0.4439461883408072,0.12556053811659193,0.42152466367713004,0.12556053811659193,0.3542600896860987,0.1210762331838565,0.29596412556053814,0.11210762331838565
2,0.0,0.0,0.04819277108433735,-0.20481927710843373,0.21686746987951808,-0.3253012048192771,0.357429718875502,-0.43775100401606426,0.40160642570281124,-0.570281124497992,0.46586345381526106,-0.23694779116465864,0.7188755020080321,-0.24096385542168675,0.8755020080321285,-0.23694779116465864,1.0,-0.23293172690763053,0.5100401606425703,-0.11244979919678715,0.5381526104417671,-0.04417670682730924,0.4457831325301205,-0.040160642570281124,0.37751004016064255,-0.05622489959839357,0.4859437751004016,0.028112449799196786,0.4779116465863454,0.060240963855421686,0.40963855421686746,0.060240963855421686,0.3453815261044177,0.04417670682730924,0.43775100401606426,0.1606425702811245,0.42168674698795183,0.18473895582329317,0.3493975903614458,0.1686746987951807,0.2931726907630522,0.14859437751004015
2,0.0,0.0,0.03690036900369004,-0.22509225092250923,0.1992619926199262,-0.36162361623616235,0.35793357933579334,-0.46494464944649444,0.4022140221402214,-0.6014760147601476,0.44649446494464945,-0.26199261992619927,0.7121771217712177,-0.2693726937269373,0.8745387453874539,-0.2693726937269373,1.0,-0.2693726937269373,0.4870848708487085,-0.12546125461254612,0.5313653136531366,-0.07011070110701106,0.44649446494464945,-0.06642066420664207,0.3763837638376384,-0.07380073800738007,0.45387453874538747,0.025830258302583026,0.47601476014760147,0.025830258302583026,0.4095940959409594,0.033210332103321034,0.33948339483394835,0.02952029520295203,0.4059040590405904,0.15867158671586715,0.42066420664206644,0.15498154981549817,0.35424354243542433,0.15129151291512916,0.2915129151291513,0.14391143911439114
2,0.0,0.0,0.06818181818181818,-0.2012987012987013,0.237012987012987,-0.33116883116883117,0.38636363636363635,-0.44805194805194803,0.4448051948051948,-0.5844155844155844,0.4577922077922078,-0.22077922077922077,0.7207792207792207,-0.22727272727272727,0.8798701298701299,-0.22402597402597402,1.0,-0.22077922077922077,0.4805194805194805,-0.08116883116883117,0.5844155844155844,-0.03571428571428571,0.4935064935064935,-0.03896103896103896,0.39935064935064934,-0.05194805194805195,0.44155844155844154,0.06168831168831169,0.5064935064935064,0.06493506493506493,0.43506493506493504,0.05844155844155844,0.35064935064935066,0.048701298701298704,0.38636363636363635,0.18506493506493507,0.41883116883116883,0.17857142857142858,0.34415584415584416,0.1590909090909091,0.275974025974026,0.1396103896103896
2,0.0,0.0,0.07951070336391437,-0.1926605504587156,0.25688073394495414,-0.3119266055045872,0.41590214067278286,-0.42507645259938837,0.4740061162079511,-0.5596330275229358,0.47706422018348627,-0.21100917431192662,0.7308868501529052,-0.22324159021406728,0.8837920489296636,-0.22324159021406728,1.0,-0.22324159021406728,0.5045871559633027,-0.07339449541284404,0.599388379204893,-0.03058103975535168,0.5137614678899083,-0.03669724770642202,0.42813455657492355,-0.05198776758409786,0.4709480122324159,0.06422018348623854,0.5168195718654435,0.07339449541284404,0.44954128440366975,0.0672782874617737,0.3761467889908257,0.0581039755351682,0.42507645259938837,0.1834862385321101,0.4525993883792049,0.17737003058103976,0.382262996941896,0.1620795107033639,0.3241590214067278,0.14984709480122324
2,0.0,0.0,0.09734513274336283,-0.1887905604719764,0.28023598820059,-0.30678466076696165,0.4365781710914454,-0.41002949852507375,0.4896755162241888,-0.5398230088495575,0.49557522123893805,-0.20058997050147492,0.7404129793510325,-0.20943952802359883,0.887905604719764,-0.20353982300884957,1.09,1.0,-0.1656441717791411,0.5429447852760736,-0.0705521472392638,0.6134969325153374,0.018404907975460124,0.5306748466257669,0.018404907975460124,0.4601226993865031,-0.006134969325153374,0.5061349693251533,0.05828220858895705,0.5521472392638037,0.10736196319018405,0.48466257668711654,0.10122699386503067,0.4171779141104294,0.07975460122699386,0.4601226993865031,0.17177914110429449,0.48773006134969327,0.19631901840490798,0.4233128834355828,0.18404907975460122,0.3619631901840491,0.15950920245398773
2,0.0,0.0,0.14006514657980457,-0.16938110749185667,0.3322475570032573,-0.2768729641693811,0.4755700325732899,-0.3778501628664495,0.5439739413680782,-0.49185667752442996,0.5276872964169381,-0.18566775244299674,0.762214983713355,-0.18241042345276873,0.8990228013029316,-0.1758957654723127,1.0,-0.17263843648208468,0.5504885993485342,-0.06840390879478828,0.5960912052117264,0.013029315960912053,0.50814332247557,0.006514657980456026,0.4364820846905538,-0.016286644951140065,0.5146579804560261,0.05537459283387622,0.5407166123778502,0.10423452768729642,0.46579804560260585,0.09120521172638436,0.3973941368078176,0.06514657980456026,0.46905537459283386,0.16938110749185667,0.4723127035830619,0.18892508143322476,0.4006514657980456,0.17263843648208468,0.34201954397394135,0.1498371335504886
2,0.0,0.0,0.13620071684587814,-0.1863799283154122,0.3225806451612903,-0.2867383512544803,0.4731182795698925,-0.3870967741935484,0.5376344086021505,-0.5053763440860215,0.5412186379928315,-0.1827956989247312,0.7706093189964157,-0.17921146953405018,0.9032258064516129,-0.1827956989247312,1.0,-0.1863799283154122,0.5663082437275986,-0.06451612903225806,0.5806451612903226,-0.014336917562724014,0.4910394265232975,-0.02867383512544803,0.43010752688172044,-0.04659498207885305,0.5232974910394266,0.06093189964157706,0.5197132616487455,0.07168458781362007,0.4444444444444444,0.05734767025089606,0.37992831541218636,0.035842293906810034,0.4731182795698925,0.16845878136200718,0.4551971326164875,0.16487455197132617,0.3870967741935484,0.14695340501792115,0.32974910394265233,0.12903225806451613
2,0.0,0.0,0.0794392523364486,-0.2102803738317757,0.26635514018691586,-0.3317757009345794,0.4252336448598131,-0.42990654205607476,0.48598130841121495,-0.5560747663551402,0.5046728971962616,-0.21962616822429906,0.7336448598130841,-0.21495327102803738,0.883177570093458,-0.2102803738317757,1.0,-0.20093457943925233,0.5420560747663551,-0.0794392523364486,0.5420560747663551,-0.02336448598130841,0.4532710280373832,-0.028037383177570093,0.38317757009345793,-0.037383177570093455,0.5046728971962616,0.06542056074766354,0.4766355140186916,0.07476635514018691,0.40654205607476634,0.07009345794392523,0.34579439252336447,0.056074766355140186,0.4485981308411215,0.19158878504672897,0.411214953271028,0.19158878504672897,0.34579439252336447,0.17289719626168223,0.2897196261682243,0.1588785046728972
2,0.0,0.0,0.13671875,-0.17578125,0.328125,-0.28125,0.46484375,-0.375,0.515625,-0.484375,0.5234375,-0.1875,0.76171875,-0.1796875,0.8984375,-0.171875,1.0,-0.16015625,0.55078125,-0.0625,0.5859375,-0.01953125,0.50390625,-0.03125,0.43359375,-0.046875,0.515625,0.0625,0.51953125,0.0703125,0.453125,0.0546875,0.3828125,0.03515625,0.46484375,0.16796875,0.453125,0.16796875,0.38671875,0.14453125,0.32421875,0.125
2,0.0,0.0,0.13302752293577982,-0.18807339449541285,0.3256880733944954,-0.3119266055045872,0.47706422018348627,-0.40825688073394495,0.5321100917431193,-0.5229357798165137,0.5642201834862385,-0.2018348623853211,0.7981651376146789,-0.20642201834862386,0.9174311926605505,-0.2018348623853211,1.0,-0.2018348623853211,0.591743119266055,-0.0779816513761468,0.6330275229357798,-0.04128440366972477,0.5504587155963303,-0.045871559633027525,0.481651376146789,-0.05045871559633028,0.555045871559633,0.05504587155963303,0.5642201834862385,0.05963302752293578,0.4954128440366973,0.05045871559633028,0.42660550458715596,0.03669724770642202,0.5045871559633027,0.16972477064220184,0.4954128440366973,0.16055045871559634,0.43577981651376146,0.14220183486238533,0.37155963302752293,0.11926605504587157
2,0.0,0.0,0.1111111111111111,-0.18686868686868688,0.29797979797979796,-0.30808080808080807,0.4444444444444444,-0.4090909090909091,0.494949494949495,-0.5303030303030303,0.5252525252525253,-0.2222222222222222,0.7626262626262627,-0.21717171717171718,0.898989898989899,-0.20707070707070707,1.0,-0.1919191919191919,0.5555555555555556,-0.10606060606060606,0.6111111111111112,-0.015151515151515152,0.5303030303030303,-0.010101010101010102,0.4696969696969697,-0.030303030303030304,0.5252525252525253,0.030303030303030304,0.5505050505050505,0.0707070707070707,0.48484848484848486,0.0707070707070707,0.42424242424242425,0.05555555555555555,0.4797979797979798,0.15656565656565657,0.4898989898989899,0.17676767676767677,0.4292929292929293,0.16666666666666666,0.3686868686868687,0.14646464646464646
2,0.0,0.0,0.11855670103092783,-0.19072164948453607,0.31958762886597936,-0.31443298969072164,0.4587628865979381,-0.4175257731958763,0.5051546391752577,-0.5360824742268041,0.5309278350515464,-0.22164948453608246,0.7577319587628866,-0.21649484536082475,0.9020618556701031,-0.20618556701030927,1.0,-0.1958762886597938,0.5618556701030928,-0.0979381443298969,0.5979381443298969,-0.04639175257731959,0.5051546391752577,-0.05154639175257732,0.4329896907216495,-0.06701030927835051,0.5412371134020618,0.03608247422680412,0.5412371134020618,0.05154639175257732,0.4690721649484536,0.041237113402061855,0.39690721649484534,0.02577319587628866,0.4948453608247423,0.15979381443298968,0.4793814432989691,0.15463917525773196,0.41237113402061853,0.13917525773195877,0.35051546391752575,0.12371134020618557
2,0.0,0.0,0.05263157894736842,-0.23684210526315788,0.23026315789473684,-0.3881578947368421,0.3881578947368421,-0.5197368421052632,0.4473684210526316,-0.6710526315789473,0.4868421052631579,-0.2894736842105263,0.7039473684210527,-0.29605263157894735,0.875,-0.28289473684210525,1.0,-0.27631578947368424,0.5394736842105263,-0.13815789473684212,0.5789473684210527,-0.07894736842105263,0.47368421052631576,-0.07236842105263158,0.3815789473684211,-0.07894736842105263,0.5197368421052632,0.019736842105263157,0.5328947368421053,0.05921052631578947,0.4473684210526316,0.05263157894736842,0.3684210526315789,0.03289473684210526,0.47368421052631576,0.16447368421052633,0.4605263157894737,0.18421052631578946,0.3881578947368421,0.17105263157894737,0.3223684210526316,0.15789473684210525
2,0.0,0.0,0.11173184357541899,-0.19553072625698323,0.3016759776536313,-0.33519553072625696,0.441340782122905,-0.45251396648044695,0.4860335195530726,-0.5810055865921788,0.5251396648044693,-0.24581005586592178,0.7597765363128491,-0.25139664804469275,0.8994413407821229,-0.2346368715083799,1.0,-0.22346368715083798,0.5642458100558659,-0.12290502793296089,0.6033519553072626,-0.0335195530726257,0.5139664804469274,-0.0335195530726257,0.44692737430167595,-0.05027932960893855,0.5363128491620112,0.0111731843575419,0.547486033519553,0.061452513966480445,0.48044692737430167,0.055865921787709494,0.4134078212290503,0.0335195530726257,0.4972067039106145,0.1452513966480447,0.49162011173184356,0.16759776536312848,0.41899441340782123,0.1564245810055866,0.36312849162011174,0.1340782122905028
2,0.0,0.0,0.09444444444444444,-0.2,0.2777777777777778,-0.3388888888888889,0.43333333333333335,-0.45,0.4722222222222222,-0.5777777777777777,0.5055555555555555,-0.2611111111111111,0.7388888888888889,-0.2777777777777778,0.8888888888888888,-0.2722222222222222,1.0,-0.26666666666666666,0.5444444444444444,-0.1388888888888889,0.6111111111111112,-0.06111111111111111,0.5277777777777778,-0.05,0.46111111111111114,-0.06111111111111111,0.5222222222222223,-0.005555555555555556,0.5555555555555556,0.03333333333333333,0.4888888888888889,0.03888888888888889,0.4222222222222222,0.027777777777777776,0.48333333333333334,0.12777777777777777,0.49444444444444446,0.14444444444444443,0.43333333333333335,0.1388888888888889,0.37222222222222223,0.12222222222222222
2,0.0,0.0,0.08743169398907104,-0.19672131147540983,0.2677595628415301,-0.33879781420765026,0.41530054644808745,-0.45901639344262296,0.45901639344262296,-0.5846994535519126,0.4972677595628415,-0.26229508196721313,0.7377049180327869,-0.28415300546448086,0.8907103825136612,-0.28415300546448086,1.0,-0.2786885245901639,0.5409836065573771,-0.14754098360655737,0.6120218579234973,-0.0546448087431694,0.5245901639344263,-0.03825136612021858,0.453551912568306,-0.04918032786885246,0.5245901639344263,-0.00546448087431694,0.5519125683060109,0.04918032786885246,0.4918032786885246,0.0546448087431694,0.4262295081967213,0.03825136612021858,0.48633879781420764,0.12568306010928962,0.5027322404371585,0.16393442622950818,0.4371584699453552,0.15846994535519127,0.3770491803278688,0.1366120218579235
3,0.0,0.0,-0.38181818181818183,-0.05454545454545454,-0.6181818181818182,-0.21212121212121213,-0.8121212121212121,-0.34545454545454546,-0.9454545454545454,-0.45454545454545453,-0.42424242424242425,-0.47878787878787876,-0.6363636363636364,-0.5757575757575758,-0.8121212121212121,-0.5878787878787879,-0.9515151515151515,-0.5636363636363636,-0.36363636363636365,-0.5696969696969697,-0.6303030303030303,-0.6787878787878788,-0.8424242424242424,-0.6787878787878788,-1.0,-0.6181818181818182,-0.296969696969697,-0.6424242424242425,-0.5757575757575758,-0.7818181818181819,-0.806060606060606,-0.7818181818181819,-0.9696969696969697,-0.7272727272727273,-0.24242424242424243,-0.6909090909090909,-0.5212121212121212,-0.8363636363636363,-0.7393939393939394,-0.8303030303030303,-0.9151515151515152,-0.7636363636363637
3,0.0,0.0,-0.3089430894308943,0.06504065040650407,-0.5365853658536586,-0.04065040650406504,-0.7154471544715447,-0.0975609756097561,-0.8699186991869918,-0.18699186991869918,-0.3008130081300813,-0.6178861788617886,-0.6829268292682927,-0.6341463414634146,-0.8780487804878049,-0.44715447154471544,-0.9512195121951219,-0.2682926829268293,-0.25203252032520324,-0.6504065040650406,-0.7073170731707317,-0.6910569105691057,-0.9186991869918699,-0.4878048780487805,-0.991869918699187,-0.2926829268292683,-0.25203252032520324,-0.6178861788617886,-0.7154471544715447,-0.6747967479674797,-0.926829268292683,-0.4715447154471545,-1.0,-0.2845528455284553,-0.3170731707317073,-0.5203252032520326,-0.6747967479674797,-0.6016260162601627,-0.8536585365853658,-0.4959349593495935,-0.9349593495934959,-0.35772357723577236
3,0.0,0.0,-0.3986013986013986,0.02097902097902098,-0.6293706293706294,-0.07692307692307693,-0.8041958041958042,-0.13286713286713286,-0.9370629370629371,-0.20279720279720279,-0.4195804195804196,-0.6363636363636364,-0.7762237762237763,-0.6433566433566433,-0.9300699300699301,-0.46853146853146854,-0.951048951048951,-0.2937062937062937,-0.3706293706293706,-0.6573426573426573,-0.8041958041958042,-0.6783216783216783,-0.972027972027972,-0.46853146853146854,-0.986013986013986,-0.27972027972027974,-0.3706293706293706,-0.6223776223776224,-0.7902097902097902,-0.6713286713286714,-0.972027972027972,-0.4755244755244755,-1.0,-0.3006993006993007,-0.4125874125874126,-0.5244755244755245,-0.7412587412587412,-0.5944055944055944,-0.9090909090909091,-0.5104895104895105,-0.9790209790209791,-0.3986013986013986
3,0.0,0.0,-0.36507936507936506,0.015873015873015872,-0.6031746031746031,-0.0873015873015873,-0.7936507936507936,-0.15873015873015872,-0.9365079365079365,-0.2698412698412698,-0.3968253968253968,-0.626984126984127,-0.6984126984126984,-0.6507936507936508,-0.873015873015873,-0.5476190476190477,-0.9444444444444444,-0.42063492063492064,-0.3492063492063492,-0.6904761904761905,-0.7222222222222222,-0.7301587301587301,-0.9126984126984127,-0.6111111111111112,-1.0,-0.4603174603174603,-0.3412698412698413,-0.6984126984126984,-0.7301587301587301,-0.7619047619047619,-0.9285714285714286,-0.626984126984127,-1.0,-0.48412698412698413,-0.3968253968253968,-0.6587301587301587,-0.7380952380952381,-0.7380952380952381,-0.9047619047619048,-0.6507936507936508,-0.9761904761904762,-0.5317460317460317
3,0.0,0.0,-0.319672131147541,0.08196721311475409,-0.5409836065573771,-0.00819672131147541,-0.7377049180327869,-0.08196721311475409,-0.8934426229508197,-0.1885245901639344,-0.32786885245901637,-0.5573770491803278,-0.639344262295082,-0.5327868852459017,-0.8278688524590164,-0.4426229508196721,-0.9098360655737705,-0.32786885245901637,-0.28688524590163933,-0.6557377049180327,-0.6967213114754098,-0.6639344262295082,-0.8934426229508197,-0.5245901639344263,-0.9836065573770492,-0.36885245901639346,-0.30327868852459017,-0.6885245901639344,-0.7295081967213115,-0.7295081967213115,-0.9262295081967213,-0.5737704918032787,-1.0,-0.4180327868852459,-0.39344262295081966,-0.6557377049180327,-0.7459016393442623,-0.7131147540983607,-0.9180327868852459,-0.5983606557377049,-1.0,-0.4672131147540984
3,0.0,0.0,-0.18309859154929578,0.07042253521126761,-0.5070422535211268,0.0,-0.7394366197183099,-0.09154929577464789,-0.9084507042253521,-0.21830985915492956,-0.4225352112676056,-0.4647887323943662,-0.6197183098591549,-0.6267605633802817,-0.8309859154929577,-0.6267605633802817,-0.971830985915493,-0.5633802816901409,-0.39436619718309857,-0.5845070422535211,-0.6197183098591549,-0.7323943661971831,-0.8450704225352113,-0.704225352112676,-0.9859154929577465,-0.6056338028169014,-0.36619718309859156,-0.6619718309859155,-0.6197183098591549,-0.8098591549295775,-0.852112676056338,-0.7676056338028169,-1.0,-0.6549295774647887,-0.323943661971831,-0.704225352112676,-0.5845070422535211,-0.8309859154929577,-0.7816901408450704,-0.8098591549295775,-0.9154929577464789,-0.7253521126760564
3,0.0,0.0,-0.2962962962962963,0.027777777777777776,-0.5231481481481481,-0.1111111111111111,-0.7083333333333334,-0.19907407407407407,-0.8842592592592593,-0.3101851851851852,-0.19907407407407407,-0.6990740740740741,-0.5787037037037037,-0.8009259259259259,-0.8055555555555556,-0.6759259259259259,-0.9259259259259259,-0.5138888888888888,-0.13425925925925927,-0.7453703703703703,-0.6018518518518519,-0.8379629629629629,-0.8518518518518519,-0.6805555555555556,-0.9768518518518519,-0.49074074074074076,-0.14351851851851852,-0.7222222222222222,-0.6157407407407407,-0.8379629629629629,-0.8703703703703703,-0.6805555555555556,-1.0,-0.5092592592592593,-0.23148148148148148,-0.625,-0.6064814814814815,-0.7546296296296297,-0.8148148148148148,-0.6759259259259259,-0.9305555555555556,-0.5555555555555556
3,0.0,0.0,-0.38144329896907214,-0.020618556701030927,-0.6048109965635738,-0.16838487972508592,-0.7835051546391752,-0.2611683848797251,-0.9243986254295533,-0.36769759450171824,-0.3436426116838488,-0.6632302405498282,-0.6838487972508591,-0.7422680412371134,-0.8694158075601375,-0.6116838487972509,-0.9553264604810997,-0.46048109965635736,-0.27491408934707906,-0.697594501718213,-0.711340206185567,-0.7903780068728522,-0.9243986254295533,-0.6219931271477663,-0.9965635738831615,-0.4536082474226804,-0.2611683848797251,-0.6597938144329897,-0.6907216494845361,-0.7731958762886598,-0.9106529209621993,-0.6151202749140894,-1.0,-0.46735395189003437,-0.30927835051546393,-0.5601374570446735,-0.6563573883161512,-0.6666666666666666,-0.845360824742268,-0.6013745704467354,-0.9450171821305842,-0.5120274914089347
3,0.0,0.0,-0.3972602739726027,-0.05136986301369863,-0.6232876712328768,-0.19863013698630136,-0.7945205479452054,-0.2876712328767123,-0.9315068493150684,-0.3801369863013699,-0.3698630136986301,-0.702054794520548,-0.702054794520548,-0.791095890410959,-0.8904109589041096,-0.6541095890410958,-0.9657534246575342,-0.5034246575342466,-0.3082191780821918,-0.726027397260274,-0.7363013698630136,-0.8253424657534246,-0.9417808219178082,-0.6404109589041096,-1.0,-0.4691780821917808,-0.2945205479452055,-0.6883561643835616,-0.7054794520547946,-0.8116438356164384,-0.9212328767123288,-0.6438356164383562,-1.0,-0.4794520547945205,-0.3424657534246575,-0.5856164383561644,-0.6815068493150684,-0.708904109589041,-0.8664383561643836,-0.6301369863013698,-0.958904109589041,-0.5102739726027398
3,0.0,0.0,-0.417910447761194,-0.048507462686567165,-0.6194029850746269,-0.17164179104477612,-0.7835820895522388,-0.26865671641791045,-0.8805970149253731,-0.373134328358209,-0.373134328358209,-0.6865671641791045,-0.7052238805970149,-0.8097014925373134,-0.8843283582089553,-0.6791044776119403,-0.9552238805970149,-0.5223880597014925,-0.31343283582089554,-0.7238805970149254,-0.7425373134328358,-0.832089552238806,-0.9328358208955224,-0.6716417910447762,-0.9850746268656716,-0.5074626865671642,-0.30223880597014924,-0.7014925373134329,-0.7201492537313433,-0.835820895522388,-0.9291044776119403,-0.6791044776119403,-1.0,-0.5074626865671642,-0.3619402985074627,-0.6194029850746269,-0.6977611940298507,-0.7350746268656716,-0.8880597014925373,-0.6604477611940298,-1.0,-0.5410447761194029
3,0.0,0.0,-0.44075829383886256,-0.10426540284360189,-0.6872037914691943,-0.24170616113744076,-0.8672985781990521,-0.3412322274881517,-0.995260663507109,-0.41232227488151657,-0.41706161137440756,-0.7535545023696683,-0.7582938388625592,-0.8957345971563981,-0.9383886255924171,-0.7440758293838863,-0.990521327014218,-0.5592417061611374,-0.36018957345971564,-0.7725118483412322,-0.8151658767772512,-0.909952606635071,-0.985781990521327,-0.7109004739336493,-1.0,-0.5165876777251185,-0.3459715639810427,-0.7488151658767772,-0.7677725118483413,-0.919431279620853,-0.966824644549763,-0.7345971563981043,-1.0,-0.5260663507109005,-0.38388625592417064,-0.6729857819905213,-0.7156398104265402,-0.8483412322274881,-0.8909952606635071,-0.7630331753554502,-0.957345971563981,-0.6255924170616114
3,0.0,0.0,-0.46706586826347307,-0.11976047904191617,-0.7065868263473054,-0.24550898203592814,-0.8982035928143712,-0.3473053892215569,-1.0,-0.4431137724550898,-0.41916167664670656,-0.7664670658682635,-0.7365269461077845,-0.8982035928143712,-0.9041916167664671,-0.7365269461077845,-0.9580838323353293,-0.5568862275449101,-0.3592814371257485,-0.7784431137724551,-0.7904191616766467,-0.9041916167664671,-0.9461077844311377,-0.688622754491018,-0.9640718562874252,-0.49101796407185627,-0.3413173652694611,-0.7425149700598802,-0.7544910179640718,-0.9041916167664671,-0.9341317365269461,-0.7065868263473054,-0.9700598802395209,-0.48502994011976047,-0.3772455089820359,-0.6646706586826348,-0.688622754491018,-0.8263473053892215,-0.8622754491017964,-0.7425149700598802,-0.9461077844311377,-0.5988023952095808
3,0.0,0.0,-0.43434343434343436,0.010101010101010102,-0.6868686868686869,-0.1111111111111111,-0.8686868686868687,-0.20202020202020202,-0.9797979797979798,-0.3333333333333333,-0.3838383838383838,-0.696969696969697,-0.7070707070707071,-0.7676767676767676,-0.8888888888888888,-0.6464646464646465,-0.9494949494949495,-0.494949494949495,-0.3333333333333333,-0.7474747474747475,-0.7373737373737373,-0.8383838383838383,-0.9292929292929293,-0.6767676767676768,-0.9797979797979798,-0.5151515151515151,-0.32323232323232326,-0.7373737373737373,-0.7373737373737373,-0.8484848484848485,-0.9393939393939394,-0.6868686868686869,-1.0,-0.5252525252525253,-0.3939393939393939,-0.6666666666666666,-0.7474747474747475,-0.7777777777777778,-0.9292929292929293,-0.6868686868686869,-1.0,-0.5555555555555556
3,0.0,0.0,-0.38144329896907214,0.030927835051546393,-0.6288659793814433,-0.08247422680412371,-0.8144329896907216,-0.15463917525773196,-0.9381443298969072,-0.26804123711340205,-0.35051546391752575,-0.6804123711340206,-0.6907216494845361,-0.7010309278350515,-0.8762886597938144,-0.5773195876288659,-0.9484536082474226,-0.4329896907216495,-0.29896907216494845,-0.7422680412371134,-0.711340206185567,-0.8041237113402062,-0.9175257731958762,-0.6597938144329897,-0.979381443298969,-0.4845360824742268,-0.28865979381443296,-0.7525773195876289,-0.711340206185567,-0.845360824742268,-0.9278350515463918,-0.6907216494845361,-1.0,-0.5257731958762887,-0.36082474226804123,-0.6907216494845361,-0.711340206185567,-0.7835051546391752,-0.9072164948453608,-0.6907216494845361,-0.9896907216494846,-0.5567010309278351
3,0.0,0.0,-0.2891566265060241,0.04819277108433735,-0.6265060240963856,-0.13253012048192772,-0.8313253012048193,-0.25301204819277107,-1.0,-0.3855421686746988,-0.3373493975903614,-0.6746987951807228,-0.5783132530120482,-0.8795180722891566,-0.8072289156626506,-0.8192771084337349,-0.9397590361445783,-0.6626506024096386,-0.24096385542168675,-0.7349397590361446,-0.5301204819277109,-0.963855421686747,-0.7951807228915663,-0.9036144578313253,-0.9397590361445783,-0.7349397590361446,-0.1927710843373494,-0.7710843373493976,-0.5060240963855421,-1.0,-0.7951807228915663,-0.927710843373494,-0.9518072289156626,-0.7710843373493976,-0.1686746987951807,-0.7469879518072289,-0.4939759036144578,-0.927710843373494,-0.7469879518072289,-0.8795180722891566,-0.8795180722891566,-0.7590361445783133
3,0.0,0.0,-0.35714285714285715,0.030612244897959183,-0.6428571428571429,-0.05102040816326531,-0.8571428571428571,-0.1326530612244898,-1.0,-0.24489795918367346,-0.5408163265306123,-0.3877551020408163,-0.7551020408163265,-0.5,-0.8979591836734694,-0.3877551020408163,-0.9183673469387755,-0.25510204081632654,-0.47959183673469385,-0.5204081632653061,-0.7346938775510204,-0.673469387755102,-0.8979591836734694,-0.5204081632653061,-0.9285714285714286,-0.3469387755102041,-0.41836734693877553,-0.6224489795918368,-0.6530612244897959,-0.8163265306122449,-0.8469387755102041,-0.6836734693877551,-0.8877551020408163,-0.5204081632653061,-0.3673469387755102,-0.6938775510204082,-0.5714285714285714,-0.8367346938775511,-0.7653061224489796,-0.7551020408163265,-0.8571428571428571,-0.6122448979591837
3,0.0,0.0,-0.34831460674157305,0.0,-0.6404494382022472,-0.12359550561797752,-0.8426966292134831,-0.25842696629213485,-0.9438202247191011,-0.43820224719101125,-0.5842696629213483,-0.5393258426966292,-0.7752808988764045,-0.7640449438202247,-0.9101123595505618,-0.6853932584269663,-0.9325842696629213,-0.550561797752809,-0.4943820224719101,-0.6404494382022472,-0.7078651685393258,-0.898876404494382,-0.8764044943820225,-0.8089887640449438,-0.898876404494382,-0.6404494382022472,-0.4044943820224719,-0.7303370786516854,-0.6067415730337079,-1.0,-0.7865168539325843,-0.9213483146067416,-0.8314606741573034,-0.7528089887640449,-0.29213483146067415,-0.7865168539325843,-0.48314606741573035,-0.9887640449438202,-0.6629213483146067,-0.9438202247191011,-0.7415730337078652,-0.8202247191011236
3,0.0,0.0,-0.3263157894736842,-0.021052631578947368,-0.6105263157894737,-0.17894736842105263,-0.8,-0.2736842105263158,-0.9052631578947369,-0.4105263157894737,-0.4631578947368421,-0.6631578947368421,-0.6736842105263158,-0.8526315789473684,-0.8526315789473684,-0.7473684210526316,-0.9052631578947369,-0.5789473684210527,-0.3684210526315789,-0.7368421052631579,-0.6421052631578947,-0.9473684210526315,-0.8315789473684211,-0.8210526315789474,-0.8736842105263158,-0.631578947368421,-0.2631578947368421,-0.7789473684210526,-0.5578947368421052,-1.0,-0.7789473684210526,-0.8842105263157894,-0.8526315789473684,-0.7157894736842105,-0.16842105263157894,-0.7789473684210526,-0.45263157894736844,-0.9473684210526315,-0.6631578947368421,-0.8842105263157894,-0.7684210526315789,-0.7578947368421053
3,0.0,0.0,-0.3333333333333333,-0.021505376344086023,-0.6344086021505376,-0.20430107526881722,-0.8387096774193549,-0.3118279569892473,-0.956989247311828,-0.44086021505376344,-0.3870967741935484,-0.7419354838709677,-0.6344086021505376,-0.956989247311828,-0.8602150537634409,-0.8387096774193549,-0.946236559139785,-0.6666666666666666,-0.3010752688172043,-0.7849462365591398,-0.6236559139784946,-1.0,-0.8709677419354839,-0.8494623655913979,-0.946236559139785,-0.6774193548387096,-0.24731182795698925,-0.7849462365591398,-0.5698924731182796,-0.989247311827957,-0.8387096774193549,-0.8602150537634409,-0.9247311827956989,-0.6989247311827957,-0.23655913978494625,-0.7204301075268817,-0.5268817204301075,-0.8924731182795699,-0.7526881720430108,-0.8279569892473119,-0.8602150537634409,-0.7096774193548387
3,0.0,0.0,-0.19117647058823528,0.03676470588235294,-0.4338235294117647,0.014705882352941176,-0.6617647058823529,0.029411764705882353,-0.8529411764705882,0.03676470588235294,-0.3897058823529412,-0.4117647058823529,-0.6691176470588235,-0.5147058823529411,-0.8529411764705882,-0.47794117647058826,-1.0,-0.40441176470588236,-0.3382352941176471,-0.45588235294117646,-0.6323529411764706,-0.5514705882352942,-0.8382352941176471,-0.4852941176470588,-0.9779411764705882,-0.3897058823529412,-0.27941176470588236,-0.40441176470588236,-0.5661764705882353,-0.4485294117647059,-0.7867647058823529,-0.38235294117647056,-0.9558823529411765,-0.3088235294117647,-0.23529411764705882,-0.2867647058823529,-0.4632352941176471,-0.20588235294117646,-0.6397058823529411,-0.125,-0.7720588235294118,-0.04411764705882353
3,0.0,0.0,-0.11428571428571428,-0.11428571428571428,-0.29523809523809524,-0.29523809523809524,-0.44761904761904764,-0.38095238095238093,-0.5714285714285714,-0.41904761904761906,-0.2,-0.49523809523809526,-0.5047619047619047,-0.5714285714285714,-0.7523809523809524,-0.5714285714285714,-0.9428571428571428,-0.5428571428571428,-0.20952380952380953,-0.4857142857142857,-0.5428571428571428,-0.5904761904761905,-0.8,-0.6095238095238096,-0.9904761904761905,-0.5714285714285714,-0.22857142857142856,-0.41904761904761906,-0.5523809523809524,-0.5428571428571428,-0.8095238095238095,-0.5333333333333333,-1.0,-0.49523809523809526,-0.26666666666666666,-0.3047619047619048,-0.5428571428571428,-0.3904761904761905,-0.7428571428571429,-0.4,-0.8952380952380953,-0.3619047619047619
3,0.0,0.0,-0.24087591240875914,0.051094890510948905,-0.5036496350364964,-0.051094890510948905,-0.7007299270072993,-0.08759124087591241,-0.8759124087591241,-0.08759124087591241,-0.3722627737226277,-0.5182481751824818,-0.6131386861313869,-0.635036496350365,-0.8175182481751825,-0.6058394160583942,-0.9562043795620438,-0.5255474452554745,-0.3284671532846715,-0.5474452554744526,-0.6423357664233577,-0.6642335766423357,-0.8613138686131386,-0.5985401459854015,-1.0,-0.5182481751824818,-0.2846715328467153,-0.5182481751824818,-0.6058394160583942,-0.6423357664233577,-0.8248175182481752,-0.5766423357664233,-0.9781021897810219,-0.49635036496350365,-0.26277372262773724,-0.4306569343065693,-0.5182481751824818,-0.5109489051094891,-0.6934306569343066,-0.48905109489051096,-0.8248175182481752,-0.44525547445255476
3,0.0,0.0,-0.21212121212121213,0.030303030303030304,-0.38636363636363635,-0.06060606060606061,-0.5303030303030303,-0.09848484848484848,-0.6666666666666666,-0.14393939393939395,-0.3409090909090909,-0.3939393939393939,-0.5984848484848485,-0.4696969696969697,-0.8106060606060606,-0.45454545454545453,-0.9621212121212122,-0.4015151515151515,-0.29545454545454547,-0.4166666666666667,-0.6212121212121212,-0.48484848484848486,-0.8560606060606061,-0.4393939393939394,-1.0,-0.3712121212121212,-0.2727272727272727,-0.38636363636363635,-0.5909090909090909,-0.4621212121212121,-0.8181818181818182,-0.3939393939393939,-0.9545454545454546,-0.3181818181818182,-0.2803030303030303,-0.3106060606060606,-0.5151515151515151,-0.38636363636363635,-0.6893939393939394,-0.36363636363636365,-0.7954545454545454,-0.30303030303030304
3,0.0,0.0,-0.2857142857142857,0.047619047619047616,-0.5238095238095238,-0.027210884353741496,-0.7074829931972789,-0.05442176870748299,-0.8639455782312925,-0.08163265306122448,-0.4489795918367347,-0.46938775510204084,-0.673469387755102,-0.5714285714285714,-0.8571428571428571,-0.5170068027210885,-0.9863945578231292,-0.42857142857142855,-0.3945578231292517,-0.5102040816326531,-0.6938775510204082,-0.6122448979591837,-0.891156462585034,-0.5306122448979592,-1.0,-0.4217687074829932,-0.3401360544217687,-0.4965986394557823,-0.6394557823129252,-0.5986394557823129,-0.8435374149659864,-0.5034013605442177,-0.9523809523809523,-0.3877551020408163,-0.3129251700680272,-0.4217687074829932,-0.5510204081632653,-0.47619047619047616,-0.7142857142857143,-0.42857142857142855,-0.8231292517006803,-0.36054421768707484
3,0.0,0.0,-0.1693548387096774,-0.11290322580645161,-0.3467741935483871,-0.25,-0.5161290322580645,-0.29838709677419356,-0.6612903225806451,-0.33064516129032256,-0.28225806451612906,-0.45161290322580644,-0.5967741935483871,-0.5,-0.8306451612903226,-0.45161290322580644,-0.9838709677419355,-0.3709677419354839,-0.28225806451612906,-0.4435483870967742,-0.6290322580645161,-0.4838709677419355,-0.8548387096774194,-0.4032258064516129,-1.0,-0.29838709677419356,-0.29838709677419356,-0.3951612903225806,-0.6370967741935484,-0.4596774193548387,-0.8548387096774194,-0.3870967741935484,-0.9919354838709677,-0.29838709677419356,-0.3225806451612903,-0.31451612903225806,-0.5887096774193549,-0.3709677419354839,-0.75,-0.3548387096774194,-0.8629032258064516,-0.31451612903225806
3,0.0,0.0,-0.38571428571428573,-0.007142857142857143,-0.6571428571428571,-0.1357142857142857,-0.85,-0.2,-0.9785714285714285,-0.30714285714285716,-0.45,-0.7071428571428572,-0.7428571428571429,-0.8,-0.9142857142857143,-0.6214285714285714,-0.95,-0.42857142857142855,-0.37857142857142856,-0.7642857142857142,-0.7571428571428571,-0.8714285714285714,-0.9642857142857143,-0.6714285714285714,-0.9928571428571429,-0.4642857142857143,-0.32857142857142857,-0.7642857142857142,-0.7142857142857143,-0.8642857142857143,-0.9428571428571428,-0.6714285714285714,-1.0,-0.4714285714285714,-0.3357142857142857,-0.6857142857142857,-0.6642857142857143,-0.7857142857142857,-0.8714285714285714,-0.6714285714285714,-0.9571428571428572,-0.5214285714285715
3,0.0,0.0,-0.14814814814814814,-0.05185185185185185,-0.3333333333333333,-0.2074074074074074,-0.4888888888888889,-0.3037037037037037,-0.6370370370370371,-0.37037037037037035,-0.26666666666666666,-0.45185185185185184,-0.6,-0.5259259259259259,-0.8444444444444444,-0.4740740740740741,-1.0,-0.3925925925925926,-0.25925925925925924,-0.4666666666666667,-0.6148148148148148,-0.5333333333333333,-0.8518518518518519,-0.4666666666666667,-1.0,-0.37037037037037035,-0.28888888888888886,-0.42962962962962964,-0.6370370370370371,-0.5259259259259259,-0.8592592592592593,-0.45185185185185184,-0.9925925925925926,-0.35555555555555557,-0.34814814814814815,-0.362962962962963,-0.6296296296296297,-0.45185185185185184,-0.8148148148148148,-0.4222222222222222,-0.9185185185185185,-0.35555555555555557
3,0.0,0.0,-0.39855072463768115,-0.007246376811594203,-0.6666666666666666,-0.12318840579710146,-0.8623188405797102,-0.2028985507246377,-0.9927536231884058,-0.3115942028985507,-0.463768115942029,-0.6159420289855072,-0.7608695652173914,-0.7246376811594203,-0.9347826086956522,-0.5797101449275363,-0.9710144927536232,-0.39855072463768115,-0.39855072463768115,-0.6811594202898551,-0.782608695652174,-0.8043478260869565,-0.9782608695652174,-0.6086956521739131,-1.0,-0.41304347826086957,-0.36231884057971014,-0.7101449275362319,-0.7536231884057971,-0.8405797101449275,-0.9637681159420289,-0.644927536231884,-0.9927536231884058,-0.4492753623188406,-0.37681159420289856,-0.6739130434782609,-0.7101449275362319,-0.7971014492753623,-0.9057971014492754,-0.6811594202898551,-0.9710144927536232,-0.5144927536231884
3,0.0,0.0,-0.3384615384615385,0.06153846153846154,-0.5923076923076923,-0.038461538461538464,-0.7846153846153846,-0.12307692307692308,-0.9153846153846154,-0.23846153846153847,-0.43846153846153846,-0.5153846153846153,-0.7153846153846154,-0.5461538461538461,-0.8923076923076924,-0.4461538461538462,-0.9461538461538461,-0.33076923076923076,-0.3923076923076923,-0.6153846153846154,-0.7461538461538462,-0.6846153846153846,-0.9307692307692308,-0.5538461538461539,-0.9846153846153847,-0.4,-0.36153846153846153,-0.6692307692307692,-0.7384615384615385,-0.7692307692307693,-0.9461538461538461,-0.6230769230769231,-1.0,-0.46923076923076923,-0.4,-0.6615384615384615,-0.7230769230769231,-0.7538461538461538,-0.9,-0.6538461538461539,-0.9692307692307692,-0.5153846153846153
3,0.0,0.0,-0.3418803418803419,-0.017094017094017096,-0.6324786324786325,-0.17094017094017094,-0.8376068376068376,-0.27350427350427353,-0.9401709401709402,-0.4188034188034188,-0.452991452991453,-0.6410256410256411,-0.6923076923076923,-0.7863247863247863,-0.8803418803418803,-0.6581196581196581,-0.9401709401709402,-0.48717948717948717,-0.39316239316239315,-0.717948717948718,-0.6923076923076923,-0.9316239316239316,-0.905982905982906,-0.7521367521367521,-0.9743589743589743,-0.5726495726495726,-0.3504273504273504,-0.7692307692307693,-0.6752136752136753,-1.0,-0.905982905982906,-0.811965811965812,-0.9572649572649573,-0.6153846153846154,-0.3504273504273504,-0.7521367521367521,-0.6581196581196581,-0.9316239316239316,-0.8632478632478633,-0.811965811965812,-0.9487179487179487,-0.6410256410256411
3,0.0,0.0,-0.14084507042253522,-0.29577464788732394,-0.28169014084507044,-0.5352112676056338,-0.4647887323943662,-0.6830985915492958,-0.6408450704225352,-0.7112676056338029,-0.2535211267605634,-0.7464788732394366,-0.6971830985915493,-0.8450704225352113,-0.8943661971830986,-0.704225352112676,-0.9647887323943662,-0.5704225352112676,-0.2605633802816901,-0.6549295774647887,-0.7535211267605634,-0.7464788732394366,-0.9436619718309859,-0.5985915492957746,-1.0,-0.44366197183098594,-0.3028169014084507,-0.5140845070422535,-0.7605633802816901,-0.5985915492957746,-0.9436619718309859,-0.47183098591549294,-1.0,-0.352112676056338,-0.3591549295774648,-0.34507042253521125,-0.7253521126760564,-0.4295774647887324,-0.8873239436619719,-0.3732394366197183,-0.9788732394366197,-0.3028169014084507
3,0.0,0.0,-0.09016393442622951,-0.08196721311475409,-0.2459016393442623,-0.2786885245901639,-0.39344262295081966,-0.4016393442622951,-0.5491803278688525,-0.4426229508196721,-0.3114754098360656,-0.4344262295081967,-0.5737704918032787,-0.5491803278688525,-0.7950819672131147,-0.5163934426229508,-0.9344262295081968,-0.4262295081967213,-0.36065573770491804,-0.45081967213114754,-0.639344262295082,-0.5327868852459017,-0.8524590163934426,-0.4672131147540984,-0.9918032786885246,-0.3524590163934426,-0.38524590163934425,-0.45901639344262296,-0.6721311475409836,-0.5573770491803278,-0.8770491803278688,-0.4918032786885246,-1.0,-0.3770491803278688,-0.3770491803278688,-0.45901639344262296,-0.6147540983606558,-0.5819672131147541,-0.7786885245901639,-0.5655737704918032,-0.8852459016393442,-0.4918032786885246
3,0.0,0.0,-0.36752136752136755,0.017094017094017096,-0.6666666666666666,-0.08547008547008547,-0.8803418803418803,-0.1794871794871795,-1.0,-0.3247863247863248,-0.6410256410256411,-0.5042735042735043,-0.8632478632478633,-0.6410256410256411,-0.9829059829059829,-0.5213675213675214,-0.9914529914529915,-0.37606837606837606,-0.5897435897435898,-0.5982905982905983,-0.8547008547008547,-0.7606837606837606,-0.9829059829059829,-0.6239316239316239,-0.9829059829059829,-0.452991452991453,-0.5042735042735043,-0.6837606837606838,-0.7863247863247863,-0.8632478632478633,-0.9401709401709402,-0.7264957264957265,-0.9658119658119658,-0.5555555555555556,-0.39316239316239315,-0.7521367521367521,-0.6495726495726496,-0.9145299145299145,-0.8376068376068376,-0.8461538461538461,-0.9230769230769231,-0.7094017094017094
3,0.0,0.0,-0.3504273504273504,0.02564102564102564,-0.6581196581196581,-0.05982905982905983,-0.8717948717948718,-0.1452991452991453,-0.9829059829059829,-0.2905982905982906,-0.6324786324786325,-0.47863247863247865,-0.8547008547008547,-0.5982905982905983,-0.9743589743589743,-0.48717948717948717,-1.0,-0.3504273504273504,-0.5811965811965812,-0.5726495726495726,-0.8547008547008547,-0.717948717948718,-0.9829059829059829,-0.5982905982905983,-0.9914529914529915,-0.4358974358974359,-0.5042735042735043,-0.6666666666666666,-0.7863247863247863,-0.8290598290598291,-0.9401709401709402,-0.717948717948718,-0.9743589743589743,-0.5641025641025641,-0.38461538461538464,-0.7435897435897436,-0.6410256410256411,-0.905982905982906,-0.8290598290598291,-0.8547008547008547,-0.9316239316239316,-0.7350427350427351
3,0.0,0.0,-0.35294117647058826,0.06722689075630252,-0.6554621848739496,0.01680672268907563,-0.8739495798319328,-0.058823529411764705,-0.9831932773109243,-0.21008403361344538,-0.6470588235294118,-0.3949579831932773,-0.8571428571428571,-0.5042016806722689,-0.9747899159663865,-0.40336134453781514,-1.0,-0.2857142857142857,-0.6050420168067226,-0.4957983193277311,-0.8571428571428571,-0.6218487394957983,-0.9831932773109243,-0.5126050420168067,-0.9915966386554622,-0.36134453781512604,-0.5294117647058824,-0.5966386554621849,-0.8067226890756303,-0.7394957983193278,-0.9495798319327731,-0.6386554621848739,-0.9663865546218487,-0.4957983193277311,-0.42016806722689076,-0.6974789915966386,-0.6722689075630253,-0.8403361344537815,-0.8487394957983193,-0.773109243697479,-0.9243697478991597,-0.6470588235294118
3,0.0,0.0,-0.3767123287671233,0.0273972602739726,-0.6027397260273972,-0.07534246575342465,-0.7876712328767124,-0.13013698630136986,-0.9178082191780822,-0.19863013698630136,-0.3493150684931507,-0.6712328767123288,-0.726027397260274,-0.726027397260274,-0.910958904109589,-0.5753424657534246,-0.9794520547945206,-0.4178082191780822,-0.3219178082191781,-0.6506849315068494,-0.7671232876712328,-0.7191780821917808,-0.9452054794520548,-0.547945205479452,-1.0,-0.3767123287671233,-0.3287671232876712,-0.5753424657534246,-0.7397260273972602,-0.6506849315068494,-0.9315068493150684,-0.4863013698630137,-0.9931506849315068,-0.3287671232876712,-0.3767123287671233,-0.4520547945205479,-0.6986301369863014,-0.5273972602739726,-0.863013698630137,-0.4520547945205479,-0.952054794520548,-0.3493150684931507
-0.20093457943925233,0.5420560747663551,-0.0794392523364486,0.5420560747663551,-0.02336448598130841,0.4532710280373832,-0.028037383177570093,0.38317757009345793,-0.037383177570093455,0.5046728971962616,0.06542056074766354,0.4766355140186916,0.07476635514018691,0.40654205607476634,0.07009345794392523,0.34579439252336447,0.056074766355140186,0.4485981308411215,0.19158878504672897,0.411214953271028,0.19158878504672897,0.34579439252336447,0.17289719626168223,0.2897196261682243,0.1588785046728972
2,0.0,0.0,0.13671875,-0.17578125,0.328125,-0.28125,0.46484375,-0.375,0.515625,-0.484375,0.5234375,-0.1875,0.76171875,-0.1796875,0.8984375,-0.171875,1.0,-0.16015625,0.55078125,-0.0625,0.5859375,-0.01953125,0.50390625,-0.03125,0.43359375,-0.046875,0.515625,0.0625,0.51953125,0.0703125,0.453125,0.0546875,0.3828125,0.03515625,0.46484375,0.16796875,0.453125,0.16796875,0.38671875,0.14453125,0.32421875,0.125
2,0.0,0.0,0.13302752293577982,-0.18807339449541285,0.3256880733944954,-0.3119266055045872,0.47706422018348627,-0.40825688073394495,0.5321100917431193,-0.5229357798165137,0.5642201834862385,-0.2018348623853211,0.7981651376146789,-0.20642201834862386,0.9174311926605505,-0.2018348623853211,1.0,-0.2018348623853211,0.591743119266055,-0.0779816513761468,0.6330275229357798,-0.04128440366972477,0.5504587155963303,-0.045871559633027525,0.481651376146789,-0.05045871559633028,0.555045871559633,0.05504587155963303,0.5642201834862385,0.05963302752293578,0.4954128440366973,0.05045871559633028,0.42660550458715596,0.03669724770642202,0.5045871559633027,0.16972477064220184,0.4954128440366973,0.16055045871559634,0.43577981651376146,0.14220183486238533,0.37155963302752293,0.11926605504587157
2,0.0,0.0,0.1111111111111111,-0.18686868686868688,0.29797979797979796,-0.30808080808080807,0.4444444444444444,-0.4090909090909091,0.494949494949495,-0.5303030303030303,0.5252525252525253,-0.2222222222222222,0.7626262626262627,-0.21717171717171718,0.898989898989899,-0.20707070707070707,1.0,-0.1919191919191919,0.5555555555555556,-0.10606060606060606,0.6111111111111112,-0.015151515151515152,0.5303030303030303,-0.010101010101010102,0.4696969696969697,-0.030303030303030304,0.5252525252525253,0.030303030303030304,0.5505050505050505,0.0707070707070707,0.48484848484848486,0.0707070707070707,0.42424242424242425,0.05555555555555555,0.4797979797979798,0.15656565656565657,0.4898989898989899,0.17676767676767677,0.4292929292929293,0.16666666666666666,0.3686868686868687,0.14646464646464646
2,0.0,0.0,0.11855670103092783,-0.19072164948453607,0.31958762886597936,-0.31443298969072164,0.4587628865979381,-0.4175257731958763,0.5051546391752577,-0.5360824742268041,0.5309278350515464,-0.22164948453608246,0.7577319587628866,-0.21649484536082475,0.9020618556701031,-0.20618556701030927,1.0,-0.1958762886597938,0.5618556701030928,-0.0979381443298969,0.5979381443298969,-0.04639175257731959,0.5051546391752577,-0.05154639175257732,0.4329896907216495,-0.06701030927835051,0.5412371134020618,0.03608247422680412,0.5412371134020618,0.05154639175257732,0.4690721649484536,0.041237113402061855,0.39690721649484534,0.02577319587628866,0.4948453608247423,0.15979381443298968,0.4793814432989691,0.15463917525773196,0.41237113402061853,0.13917525773195877,0.35051546391752575,0.12371134020618557
2,0.0,0.0,0.05263157894736842,-0.23684210526315788,0.23026315789473684,-0.3881578947368421,0.3881578947368421,-0.5197368421052632,0.4473684210526316,-0.6710526315789473,0.4868421052631579,-0.2894736842105263,0.7039473684210527,-0.29605263157894735,0.875,-0.28289473684210525,1.0,-0.27631578947368424,0.5394736842105263,-0.13815789473684212,0.5789473684210527,-0.07894736842105263,0.47368421052631576,-0.07236842105263158,0.3815789473684211,-0.07894736842105263,0.5197368421052632,0.019736842105263157,0.5328947368421053,0.05921052631578947,0.4473684210526316,0.05263157894736842,0.3684210526315789,0.03289473684210526,0.47368421052631576,0.16447368421052633,0.4605263157894737,0.18421052631578946,0.3881578947368421,0.17105263157894737,0.3223684210526316,0.15789473684210525
2,0.0,0.0,0.11173184357541899,-0.19553072625698323,0.3016759776536313,-0.33519553072625696,0.441340782122905,-0.45251396648044695,0.4860335195530726,-0.5810055865921788,0.5251396648044693,-0.24581005586592178,0.7597765363128491,-0.25139664804469275,0.8994413407821229,-0.2346368715083799,1.0,-0.22346368715083798,0.5642458100558659,-0.12290502793296089,0.6033519553072626,-0.0335195530726257,0.5139664804469274,-0.0335195530726257,0.44692737430167595,-0.05027932960893855,0.5363128491620112,0.0111731843575419,0.547486033519553,0.061452513966480445,0.48044692737430167,0.055865921787709494,0.4134078212290503,0.0335195530726257,0.4972067039106145,0.1452513966480447,0.49162011173184356,0.16759776536312848,0.41899441340782123,0.1564245810055866,0.36312849162011174,0.1340782122905028
2,0.0,0.0,0.09444444444444444,-0.2,0.2777777777777778,-0.3388888888888889,0.43333333333333335,-0.45,0.4722222222222222,-0.5777777777777777,0.5055555555555555,-0.2611111111111111,0.7388888888888889,-0.2777777777777778,0.8888888888888888,-0.2722222222222222,1.0,-0.26666666666666666,0.5444444444444444,-0.1388888888888889,0.6111111111111112,-0.06111111111111111,0.5277777777777778,-0.05,0.46111111111111114,-0.06111111111111111,0.5222222222222223,-0.005555555555555556,0.5555555555555556,0.03333333333333333,0.4888888888888889,0.03888888888888889,0.4222222222222222,0.027777777777777776,0.48333333333333334,0.12777777777777777,0.49444444444444446,0.14444444444444443,0.43333333333333335,0.1388888888888889,0.37222222222222223,0.12222222222222222
2,0.0,0.0,0.08743169398907104,-0.19672131147540983,0.2677595628415301,-0.33879781420765026,0.41530054644808745,-0.45901639344262296,0.45901639344262296,-0.5846994535519126,0.4972677595628415,-0.26229508196721313,0.7377049180327869,-0.28415300546448086,0.8907103825136612,-0.28415300546448086,1.0,-0.2786885245901639,0.5409836065573771,-0.14754098360655737,0.6120218579234973,-0.0546448087431694,0.5245901639344263,-0.03825136612021858,0.453551912568306,-0.04918032786885246,0.5245901639344263,-0.00546448087431694,0.5519125683060109,0.04918032786885246,0.4918032786885246,0.0546448087431694,0.4262295081967213,0.03825136612021858,0.48633879781420764,0.12568306010928962,0.5027322404371585,0.16393442622950818,0.4371584699453552,0.15846994535519127,0.3770491803278688,0.1366120218579235
3,0.0,0.0,-0.38181818181818183,-0.05454545454545454,-0.6181818181818182,-0.21212121212121213,-0.8121212121212121,-0.34545454545454546,-0.9454545454545454,-0.45454545454545453,-0.42424242424242425,-0.47878787878787876,-0.6363636363636364,-0.5757575757575758,-0.8121212121212121,-0.5878787878787879,-0.9515151515151515,-0.5636363636363636,-0.36363636363636365,-0.5696969696969697,-0.6303030303030303,-0.6787878787878788,-0.8424242424242424,-0.6787878787878788,-1.0,-0.6181818181818182,-0.296969696969697,-0.6424242424242425,-0.5757575757575758,-0.7818181818181819,-0.806060606060606,-0.7818181818181819,-0.9696969696969697,-0.7272727272727273,-0.24242424242424243,-0.6909090909090909,-0.5212121212121212,-0.8363636363636363,-0.7393939393939394,-0.8303030303030303,-0.9151515151515152,-0.7636363636363637
3,0.0,0.0,-0.3089430894308943,0.06504065040650407,-0.5365853658536586,-0.04065040650406504,-0.7154471544715447,-0.0975609756097561,-0.8699186991869918,-0.18699186991869918,-0.3008130081300813,-0.6178861788617886,-0.6829268292682927,-0.6341463414634146,-0.8780487804878049,-0.44715447154471544,-0.9512195121951219,-0.2682926829268293,-0.25203252032520324,-0.6504065040650406,-0.7073170731707317,-0.6910569105691057,-0.9186991869918699,-0.4878048780487805,-0.991869918699187,-0.2926829268292683,-0.25203252032520324,-0.6178861788617886,-0.7154471544715447,-0.6747967479674797,-0.926829268292683,-0.4715447154471545,-1.0,-0.2845528455284553,-0.3170731707317073,-0.5203252032520326,-0.6747967479674797,-0.6016260162601627,-0.8536585365853658,-0.4959349593495935,-0.9349593495934959,-0.35772357723577236
3,0.0,0.0,-0.3986013986013986,0.02097902097902098,-0.6293706293706294,-0.07692307692307693,-0.8041958041958042,-0.13286713286713286,-0.9370629370629371,-0.20279720279720279,-0.4195804195804196,-0.6363636363636364,-0.7762237762237763,-0.6433566433566433,-0.9300699300699301,-0.46853146853146854,-0.951048951048951,-0.2937062937062937,-0.3706293706293706,-0.6573426573426573,-0.8041958041958042,-0.6783216783216783,-0.972027972027972,-0.46853146853146854,-0.986013986013986,-0.27972027972027974,-0.3706293706293706,-0.6223776223776224,-0.7902097902097902,-0.6713286713286714,-0.972027972027972,-0.4755244755244755,-1.0,-0.3006993006993007,-0.4125874125874126,-0.5244755244755245,-0.7412587412587412,-0.5944055944055944,-0.9090909090909091,-0.5104895104895105,-0.9790209790209791,-0.3986013986013986
3,0.0,0.0,-0.36507936507936506,0.015873015873015872,-0.6031746031746031,-0.0873015873015873,-0.7936507936507936,-0.15873015873015872,-0.9365079365079365,-0.2698412698412698,-0.3968253968253968,-0.626984126984127,-0.6984126984126984,-0.6507936507936508,-0.873015873015873,-0.5476190476190477,-0.9444444444444444,-0.42063492063492064,-0.3492063492063492,-0.6904761904761905,-0.7222222222222222,-0.7301587301587301,-0.9126984126984127,-0.6111111111111112,-1.0,-0.4603174603174603,-0.3412698412698413,-0.6984126984126984,-0.7301587301587301,-0.7619047619047619,-0.9285714285714286,-0.626984126984127,-1.0,-0.48412698412698413,-0.3968253968253968,-0.6587301587301587,-0.7380952380952381,-0.7380952380952381,-0.9047619047619048,-0.6507936507936508,-0.9761904761904762,-0.5317460317460317
3,0.0,0.0,-0.319672131147541,0.08196721311475409,-0.5409836065573771,-0.00819672131147541,-0.7377049180327869,-0.08196721311475409,-0.8934426229508197,-0.1885245901639344,-0.32786885245901637,-0.5573770491803278,-0.639344262295082,-0.5327868852459017,-0.8278688524590164,-0.4426229508196721,-0.9098360655737705,-0.32786885245901637,-0.28688524590163933,-0.6557377049180327,-0.6967213114754098,-0.6639344262295082,-0.8934426229508197,-0.5245901639344263,-0.9836065573770492,-0.36885245901639346,-0.30327868852459017,-0.6885245901639344,-0.7295081967213115,-0.7295081967213115,-0.9262295081967213,-0.5737704918032787,-1.0,-0.4180327868852459,-0.39344262295081966,-0.6557377049180327,-0.7459016393442623,-0.7131147540983607,-0.9180327868852459,-0.5983606557377049,-1.0,-0.4672131147540984
3,0.0,0.0,-0.18309859154929578,0.07042253521126761,-0.5070422535211268,0.0,-0.7394366197183099,-0.09154929577464789,-0.9084507042253521,-0.21830985915492956,-0.4225352112676056,-0.4647887323943662,-0.6197183098591549,-0.6267605633802817,-0.8309859154929577,-0.6267605633802817,-0.971830985915493,-0.5633802816901409,-0.39436619718309857,-0.5845070422535211,-0.6197183098591549,-0.7323943661971831,-0.8450704225352113,-0.704225352112676,-0.9859154929577465,-0.6056338028169014,-0.36619718309859156,-0.6619718309859155,-0.6197183098591549,-0.8098591549295775,-0.852112676056338,-0.7676056338028169,-1.0,-0.6549295774647887,-0.323943661971831,-0.704225352112676,-0.5845070422535211,-0.8309859154929577,-0.7816901408450704,-0.8098591549295775,-0.9154929577464789,-0.7253521126760564
3,0.0,0.0,-0.2962962962962963,0.027777777777777776,-0.5231481481481481,-0.1111111111111111,-0.7083333333333334,-0.19907407407407407,-0.8842592592592593,-0.3101851851851852,-0.19907407407407407,-0.6990740740740741,-0.5787037037037037,-0.8009259259259259,-0.8055555555555556,-0.6759259259259259,-0.9259259259259259,-0.5138888888888888,-0.13425925925925927,-0.7453703703703703,-0.6018518518518519,-0.8379629629629629,-0.8518518518518519,-0.6805555555555556,-0.9768518518518519,-0.49074074074074076,-0.14351851851851852,-0.7222222222222222,-0.6157407407407407,-0.8379629629629629,-0.8703703703703703,-0.6805555555555556,-1.0,-0.5092592592592593,-0.23148148148148148,-0.625,-0.6064814814814815,-0.7546296296296297,-0.8148148148148148,-0.6759259259259259,-0.9305555555555556,-0.5555555555555556
3,0.0,0.0,-0.38144329896907214,-0.020618556701030927,-0.6048109965635738,-0.16838487972508592,-0.7835051546391752,-0.2611683848797251,-0.9243986254295533,-0.36769759450171824,-0.3436426116838488,-0.6632302405498282,-0.6838487972508591,-0.7422680412371134,-0.8694158075601375,-0.6116838487972509,-0.9553264604810997,-0.46048109965635736,-0.27491408934707906,-0.697594501718213,-0.711340206185567,-0.7903780068728522,-0.9243986254295533,-0.6219931271477663,-0.9965635738831615,-0.4536082474226804,-0.2611683848797251,-0.6597938144329897,-0.6907216494845361,-0.7731958762886598,-0.9106529209621993,-0.6151202749140894,-1.0,-0.46735395189003437,-0.30927835051546393,-0.5601374570446735,-0.6563573883161512,-0.6666666666666666,-0.845360824742268,-0.6013745704467354,-0.9450171821305842,-0.5120274914089347
3,0.0,0.0,-0.3972602739726027,-0.05136986301369863,-0.6232876712328768,-0.19863013698630136,-0.7945205479452054,-0.2876712328767123,-0.9315068493150684,-0.3801369863013699,-0.3698630136986301,-0.702054794520548,-0.702054794520548,-0.791095890410959,-0.8904109589041096,-0.6541095890410958,-0.9657534246575342,-0.5034246575342466,-0.3082191780821918,-0.726027397260274,-0.7363013698630136,-0.8253424657534246,-0.9417808219178082,-0.6404109589041096,-1.0,-0.4691780821917808,-0.2945205479452055,-0.6883561643835616,-0.7054794520547946,-0.8116438356164384,-0.9212328767123288,-0.6438356164383562,-1.0,-0.4794520547945205,-0.3424657534246575,-0.5856164383561644,-0.6815068493150684,-0.708904109589041,-0.8664383561643836,-0.6301369863013698,-0.958904109589041,-0.5102739726027398
3,0.0,0.0,-0.417910447761194,-0.048507462686567165,-0.6194029850746269,-0.17164179104477612,-0.7835820895522388,-0.26865671641791045,-0.8805970149253731,-0.373134328358209,-0.373134328358209,-0.6865671641791045,-0.7052238805970149,-0.8097014925373134,-0.8843283582089553,-0.6791044776119403,-0.9552238805970149,-0.5223880597014925,-0.31343283582089554,-0.7238805970149254,-0.7425373134328358,-0.832089552238806,-0.9328358208955224,-0.6716417910447762,-0.9850746268656716,-0.5074626865671642,-0.30223880597014924,-0.7014925373134329,-0.7201492537313433,-0.835820895522388,-0.9291044776119403,-0.6791044776119403,-1.0,-0.5074626865671642,-0.3619402985074627,-0.6194029850746269,-0.6977611940298507,-0.7350746268656716,-0.8880597014925373,-0.6604477611940298,-1.0,-0.5410447761194029
3,0.0,0.0,-0.44075829383886256,-0.10426540284360189,-0.6872037914691943,-0.24170616113744076,-0.8672985781990521,-0.3412322274881517,-0.995260663507109,-0.41232227488151657,-0.41706161137440756,-0.7535545023696683,-0.7582938388625592,-0.8957345971563981,-0.9383886255924171,-0.7440758293838863,-0.990521327014218,-0.5592417061611374,-0.36018957345971564,-0.7725118483412322,-0.8151658767772512,-0.909952606635071,-0.985781990521327,-0.7109004739336493,-1.0,-0.5165876777251185,-0.3459715639810427,-0.7488151658767772,-0.7677725118483413,-0.919431279620853,-0.966824644549763,-0.7345971563981043,-1.0,-0.5260663507109005,-0.38388625592417064,-0.6729857819905213,-0.7156398104265402,-0.8483412322274881,-0.8909952606635071,-0.7630331753554502,-0.957345971563981,-0.6255924170616114
3,0.0,0.0,-0.46706586826347307,-0.11976047904191617,-0.7065868263473054,-0.24550898203592814,-0.8982035928143712,-0.3473053892215569,-1.0,-0.4431137724550898,-0.41916167664670656,-0.7664670658682635,-0.7365269461077845,-0.8982035928143712,-0.9041916167664671,-0.7365269461077845,-0.9580838323353293,-0.5568862275449101,-0.3592814371257485,-0.7784431137724551,-0.7904191616766467,-0.9041916167664671,-0.9461077844311377,-0.688622754491018,-0.9640718562874252,-0.49101796407185627,-0.3413173652694611,-0.7425149700598802,-0.7544910179640718,-0.9041916167664671,-0.9341317365269461,-0.7065868263473054,-0.9700598802395209,-0.48502994011976047,-0.3772455089820359,-0.6646706586826348,-0.688622754491018,-0.8263473053892215,-0.8622754491017964,-0.7425149700598802,-0.9461077844311377,-0.5988023952095808
3,0.0,0.0,-0.43434343434343436,0.010101010101010102,-0.6868686868686869,-0.1111111111111111,-0.8686868686868687,-0.20202020202020202,-0.9797979797979798,-0.3333333333333333,-0.3838383838383838,-0.696969696969697,-0.7070707070707071,-0.7676767676767676,-0.8888888888888888,-0.6464646464646465,-0.9494949494949495,-0.494949494949495,-0.3333333333333333,-0.7474747474747475,-0.7373737373737373,-0.8383838383838383,-0.9292929292929293,-0.6767676767676768,-0.9797979797979798,-0.5151515151515151,-0.32323232323232326,-0.7373737373737373,-0.7373737373737373,-0.8484848484848485,-0.9393939393939394,-0.6868686868686869,-1.0,-0.5252525252525253,-0.3939393939393939,-0.6666666666666666,-0.7474747474747475,-0.7777777777777778,-0.9292929292929293,-0.6868686868686869,-1.0,-0.5555555555555556
3,0.0,0.0,-0.38144329896907214,0.030927835051546393,-0.6288659793814433,-0.08247422680412371,-0.8144329896907216,-0.15463917525773196,-0.9381443298969072,-0.26804123711340205,-0.35051546391752575,-0.6804123711340206,-0.6907216494845361,-0.7010309278350515,-0.8762886597938144,-0.5773195876288659,-0.9484536082474226,-0.4329896907216495,-0.29896907216494845,-0.7422680412371134,-0.711340206185567,-0.8041237113402062,-0.9175257731958762,-0.6597938144329897,-0.979381443298969,-0.4845360824742268,-0.28865979381443296,-0.7525773195876289,-0.711340206185567,-0.845360824742268,-0.9278350515463918,-0.6907216494845361,-1.0,-0.5257731958762887,-0.36082474226804123,-0.6907216494845361,-0.711340206185567,-0.7835051546391752,-0.9072164948453608,-0.6907216494845361,-0.9896907216494846,-0.5567010309278351
3,0.0,0.0,-0.2891566265060241,0.04819277108433735,-0.6265060240963856,-0.13253012048192772,-0.8313253012048193,-0.25301204819277107,-1.0,-0.3855421686746988,-0.3373493975903614,-0.6746987951807228,-0.5783132530120482,-0.8795180722891566,-0.8072289156626506,-0.8192771084337349,-0.9397590361445783,-0.6626506024096386,-0.24096385542168675,-0.7349397590361446,-0.5301204819277109,-0.963855421686747,-0.7951807228915663,-0.9036144578313253,-0.9397590361445783,-0.7349397590361446,-0.1927710843373494,-0.7710843373493976,-0.5060240963855421,-1.0,-0.7951807228915663,-0.927710843373494,-0.9518072289156626,-0.7710843373493976,-0.1686746987951807,-0.7469879518072289,-0.4939759036144578,-0.927710843373494,-0.7469879518072289,-0.8795180722891566,-0.8795180722891566,-0.7590361445783133
3,0.0,0.0,-0.35714285714285715,0.030612244897959183,-0.6428571428571429,-0.05102040816326531,-0.8571428571428571,-0.1326530612244898,-1.0,-0.24489795918367346,-0.5408163265306123,-0.3877551020408163,-0.7551020408163265,-0.5,-0.8979591836734694,-0.3877551020408163,-0.9183673469387755,-0.25510204081632654,-0.47959183673469385,-0.5204081632653061,-0.7346938775510204,-0.673469387755102,-0.8979591836734694,-0.5204081632653061,-0.9285714285714286,-0.3469387755102041,-0.41836734693877553,-0.6224489795918368,-0.6530612244897959,-0.8163265306122449,-0.8469387755102041,-0.6836734693877551,-0.8877551020408163,-0.5204081632653061,-0.3673469387755102,-0.6938775510204082,-0.5714285714285714,-0.8367346938775511,-0.7653061224489796,-0.7551020408163265,-0.8571428571428571,-0.6122448979591837
3,0.0,0.0,-0.34831460674157305,0.0,-0.6404494382022472,-0.12359550561797752,-0.8426966292134831,-0.25842696629213485,-0.9438202247191011,-0.43820224719101125,-0.5842696629213483,-0.5393258426966292,-0.7752808988764045,-0.7640449438202247,-0.9101123595505618,-0.6853932584269663,-0.9325842696629213,-0.550561797752809,-0.4943820224719101,-0.6404494382022472,-0.7078651685393258,-0.898876404494382,-0.8764044943820225,-0.8089887640449438,-0.898876404494382,-0.6404494382022472,-0.4044943820224719,-0.7303370786516854,-0.6067415730337079,-1.0,-0.7865168539325843,-0.9213483146067416,-0.8314606741573034,-0.7528089887640449,-0.29213483146067415,-0.7865168539325843,-0.48314606741573035,-0.9887640449438202,-0.6629213483146067,-0.9438202247191011,-0.7415730337078652,-0.8202247191011236
3,0.0,0.0,-0.3263157894736842,-0.021052631578947368,-0.6105263157894737,-0.17894736842105263,-0.8,-0.2736842105263158,-0.9052631578947369,-0.4105263157894737,-0.4631578947368421,-0.6631578947368421,-0.6736842105263158,-0.8526315789473684,-0.8526315789473684,-0.7473684210526316,-0.9052631578947369,-0.5789473684210527,-0.3684210526315789,-0.7368421052631579,-0.6421052631578947,-0.9473684210526315,-0.8315789473684211,-0.8210526315789474,-0.8736842105263158,-0.631578947368421,-0.2631578947368421,-0.7789473684210526,-0.5578947368421052,-1.0,-0.7789473684210526,-0.8842105263157894,-0.8526315789473684,-0.7157894736842105,-0.16842105263157894,-0.7789473684210526,-0.45263157894736844,-0.9473684210526315,-0.6631578947368421,-0.8842105263157894,-0.7684210526315789,-0.7578947368421053
3,0.0,0.0,-0.3333333333333333,-0.021505376344086023,-0.6344086021505376,-0.20430107526881722,-0.8387096774193549,-0.3118279569892473,-0.956989247311828,-0.44086021505376344,-0.3870967741935484,-0.7419354838709677,-0.6344086021505376,-0.956989247311828,-0.8602150537634409,-0.8387096774193549,-0.946236559139785,-0.6666666666666666,-0.3010752688172043,-0.7849462365591398,-0.6236559139784946,-1.0,-0.8709677419354839,-0.8494623655913979,-0.946236559139785,-0.6774193548387096,-0.24731182795698925,-0.7849462365591398,-0.5698924731182796,-0.989247311827957,-0.8387096774193549,-0.8602150537634409,-0.9247311827956989,-0.6989247311827957,-0.23655913978494625,-0.7204301075268817,-0.5268817204301075,-0.8924731182795699,-0.7526881720430108,-0.8279569892473119,-0.8602150537634409,-0.7096774193548387
3,0.0,0.0,-0.19117647058823528,0.03676470588235294,-0.4338235294117647,0.014705882352941176,-0.6617647058823529,0.029411764705882353,-0.8529411764705882,0.03676470588235294,-0.3897058823529412,-0.4117647058823529,-0.6691176470588235,-0.5147058823529411,-0.8529411764705882,-0.47794117647058826,-1.0,-0.40441176470588236,-0.3382352941176471,-0.45588235294117646,-0.6323529411764706,-0.5514705882352942,-0.8382352941176471,-0.4852941176470588,-0.9779411764705882,-0.3897058823529412,-0.27941176470588236,-0.40441176470588236,-0.5661764705882353,-0.4485294117647059,-0.7867647058823529,-0.38235294117647056,-0.9558823529411765,-0.3088235294117647,-0.23529411764705882,-0.2867647058823529,-0.4632352941176471,-0.20588235294117646,-0.6397058823529411,-0.125,-0.7720588235294118,-0.04411764705882353
3,0.0,0.0,-0.11428571428571428,-0.11428571428571428,-0.29523809523809524,-0.29523809523809524,-0.44761904761904764,-0.38095238095238093,-0.5714285714285714,-0.41904761904761906,-0.2,-0.49523809523809526,-0.5047619047619047,-0.5714285714285714,-0.7523809523809524,-0.5714285714285714,-0.9428571428571428,-0.5428571428571428,-0.20952380952380953,-0.4857142857142857,-0.5428571428571428,-0.5904761904761905,-0.8,-0.6095238095238096,-0.9904761904761905,-0.5714285714285714,-0.22857142857142856,-0.41904761904761906,-0.5523809523809524,-0.5428571428571428,-0.8095238095238095,-0.5333333333333333,-1.0,-0.49523809523809526,-0.26666666666666666,-0.3047619047619048,-0.5428571428571428,-0.3904761904761905,-0.7428571428571429,-0.4,-0.8952380952380953,-0.3619047619047619
3,0.0,0.0,-0.24087591240875914,0.051094890510948905,-0.5036496350364964,-0.051094890510948905,-0.7007299270072993,-0.08759124087591241,-0.8759124087591241,-0.08759124087591241,-0.3722627737226277,-0.5182481751824818,-0.6131386861313869,-0.635036496350365,-0.8175182481751825,-0.6058394160583942,-0.9562043795620438,-0.5255474452554745,-0.3284671532846715,-0.5474452554744526,-0.6423357664233577,-0.6642335766423357,-0.8613138686131386,-0.5985401459854015,-1.0,-0.5182481751824818,-0.2846715328467153,-0.5182481751824818,-0.6058394160583942,-0.6423357664233577,-0.8248175182481752,-0.5766423357664233,-0.9781021897810219,-0.49635036496350365,-0.26277372262773724,-0.4306569343065693,-0.5182481751824818,-0.5109489051094891,-0.6934306569343066,-0.48905109489051096,-0.8248175182481752,-0.44525547445255476
3,0.0,0.0,-0.21212121212121213,0.030303030303030304,-0.38636363636363635,-0.06060606060606061,-0.5303030303030303,-0.09848484848484848,-0.6666666666666666,-0.14393939393939395,-0.3409090909090909,-0.3939393939393939,-0.5984848484848485,-0.4696969696969697,-0.8106060606060606,-0.45454545454545453,-0.9621212121212122,-0.4015151515151515,-0.29545454545454547,-0.4166666666666667,-0.6212121212121212,-0.48484848484848486,-0.8560606060606061,-0.4393939393939394,-1.0,-0.3712121212121212,-0.2727272727272727,-0.38636363636363635,-0.5909090909090909,-0.4621212121212121,-0.8181818181818182,-0.3939393939393939,-0.9545454545454546,-0.3181818181818182,-0.2803030303030303,-0.3106060606060606,-0.5151515151515151,-0.38636363636363635,-0.6893939393939394,-0.36363636363636365,-0.7954545454545454,-0.30303030303030304
3,0.0,0.0,-0.2857142857142857,0.047619047619047616,-0.5238095238095238,-0.027210884353741496,-0.7074829931972789,-0.05442176870748299,-0.8639455782312925,-0.08163265306122448,-0.4489795918367347,-0.46938775510204084,-0.673469387755102,-0.5714285714285714,-0.8571428571428571,-0.5170068027210885,-0.9863945578231292,-0.42857142857142855,-0.3945578231292517,-0.5102040816326531,-0.6938775510204082,-0.6122448979591837,-0.891156462585034,-0.5306122448979592,-1.0,-0.4217687074829932,-0.3401360544217687,-0.4965986394557823,-0.6394557823129252,-0.5986394557823129,-0.8435374149659864,-0.5034013605442177,-0.9523809523809523,-0.3877551020408163,-0.3129251700680272,-0.4217687074829932,-0.5510204081632653,-0.47619047619047616,-0.7142857142857143,-0.42857142857142855,-0.8231292517006803,-0.36054421768707484
3,0.0,0.0,-0.1693548387096774,-0.11290322580645161,-0.3467741935483871,-0.25,-0.5161290322580645,-0.29838709677419356,-0.6612903225806451,-0.33064516129032256,-0.28225806451612906,-0.45161290322580644,-0.5967741935483871,-0.5,-0.8306451612903226,-0.45161290322580644,-0.9838709677419355,-0.3709677419354839,-0.28225806451612906,-0.4435483870967742,-0.6290322580645161,-0.4838709677419355,-0.8548387096774194,-0.4032258064516129,-1.0,-0.29838709677419356,-0.29838709677419356,-0.3951612903225806,-0.6370967741935484,-0.4596774193548387,-0.8548387096774194,-0.3870967741935484,-0.9919354838709677,-0.29838709677419356,-0.3225806451612903,-0.31451612903225806,-0.5887096774193549,-0.3709677419354839,-0.75,-0.3548387096774194,-0.8629032258064516,-0.31451612903225806
3,0.0,0.0,-0.38571428571428573,-0.007142857142857143,-0.6571428571428571,-0.1357142857142857,-0.85,-0.2,-0.9785714285714285,-0.30714285714285716,-0.45,-0.7071428571428572,-0.7428571428571429,-0.8,-0.9142857142857143,-0.6214285714285714,-0.95,-0.42857142857142855,-0.37857142857142856,-0.7642857142857142,-0.7571428571428571,-0.8714285714285714,-0.9642857142857143,-0.6714285714285714,-0.9928571428571429,-0.4642857142857143,-0.32857142857142857,-0.7642857142857142,-0.7142857142857143,-0.8642857142857143,-0.9428571428571428,-0.6714285714285714,-1.0,-0.4714285714285714,-0.3357142857142857,-0.6857142857142857,-0.6642857142857143,-0.7857142857142857,-0.8714285714285714,-0.6714285714285714,-0.9571428571428572,-0.5214285714285715
3,0.0,0.0,-0.14814814814814814,-0.05185185185185185,-0.3333333333333333,-0.2074074074074074,-0.4888888888888889,-0.3037037037037037,-0.6370370370370371,-0.37037037037037035,-0.26666666666666666,-0.45185185185185184,-0.6,-0.5259259259259259,-0.8444444444444444,-0.4740740740740741,-1.0,-0.3925925925925926,-0.25925925925925924,-0.4666666666666667,-0.6148148148148148,-0.5333333333333333,-0.8518518518518519,-0.4666666666666667,-1.0,-0.37037037037037035,-0.28888888888888886,-0.42962962962962964,-0.6370370370370371,-0.5259259259259259,-0.8592592592592593,-0.45185185185185184,-0.9925925925925926,-0.35555555555555557,-0.34814814814814815,-0.362962962962963,-0.6296296296296297,-0.45185185185185184,-0.8148148148148148,-0.4222222222222222,-0.9185185185185185,-0.35555555555555557
3,0.0,0.0,-0.39855072463768115,-0.007246376811594203,-0.6666666666666666,-0.12318840579710146,-0.8623188405797102,-0.2028985507246377,-0.9927536231884058,-0.3115942028985507,-0.463768115942029,-0.6159420289855072,-0.7608695652173914,-0.7246376811594203,-0.9347826086956522,-0.5797101449275363,-0.9710144927536232,-0.39855072463768115,-0.39855072463768115,-0.6811594202898551,-0.782608695652174,-0.8043478260869565,-0.9782608695652174,-0.6086956521739131,-1.0,-0.41304347826086957,-0.36231884057971014,-0.7101449275362319,-0.7536231884057971,-0.8405797101449275,-0.9637681159420289,-0.644927536231884,-0.9927536231884058,-0.4492753623188406,-0.37681159420289856,-0.6739130434782609,-0.7101449275362319,-0.7971014492753623,-0.9057971014492754,-0.6811594202898551,-0.9710144927536232,-0.5144927536231884
3,0.0,0.0,-0.3384615384615385,0.06153846153846154,-0.5923076923076923,-0.038461538461538464,-0.7846153846153846,-0.12307692307692308,-0.9153846153846154,-0.23846153846153847,-0.43846153846153846,-0.5153846153846153,-0.7153846153846154,-0.5461538461538461,-0.8923076923076924,-0.4461538461538462,-0.9461538461538461,-0.33076923076923076,-0.3923076923076923,-0.6153846153846154,-0.7461538461538462,-0.6846153846153846,-0.9307692307692308,-0.5538461538461539,-0.9846153846153847,-0.4,-0.36153846153846153,-0.6692307692307692,-0.7384615384615385,-0.7692307692307693,-0.9461538461538461,-0.6230769230769231,-1.0,-0.46923076923076923,-0.4,-0.6615384615384615,-0.7230769230769231,-0.7538461538461538,-0.9,-0.6538461538461539,-0.9692307692307692,-0.5153846153846153
3,0.0,0.0,-0.3418803418803419,-0.017094017094017096,-0.6324786324786325,-0.17094017094017094,-0.8376068376068376,-0.27350427350427353,-0.9401709401709402,-0.4188034188034188,-0.452991452991453,-0.6410256410256411,-0.6923076923076923,-0.7863247863247863,-0.8803418803418803,-0.6581196581196581,-0.9401709401709402,-0.48717948717948717,-0.39316239316239315,-0.717948717948718,-0.6923076923076923,-0.9316239316239316,-0.905982905982906,-0.7521367521367521,-0.9743589743589743,-0.5726495726495726,-0.3504273504273504,-0.7692307692307693,-0.6752136752136753,-1.0,-0.905982905982906,-0.811965811965812,-0.9572649572649573,-0.6153846153846154,-0.3504273504273504,-0.7521367521367521,-0.6581196581196581,-0.9316239316239316,-0.8632478632478633,-0.811965811965812,-0.9487179487179487,-0.6410256410256411
3,0.0,0.0,-0.14084507042253522,-0.29577464788732394,-0.28169014084507044,-0.5352112676056338,-0.4647887323943662,-0.6830985915492958,-0.6408450704225352,-0.7112676056338029,-0.2535211267605634,-0.7464788732394366,-0.6971830985915493,-0.8450704225352113,-0.8943661971830986,-0.704225352112676,-0.9647887323943662,-0.5704225352112676,-0.2605633802816901,-0.6549295774647887,-0.7535211267605634,-0.7464788732394366,-0.9436619718309859,-0.5985915492957746,-1.0,-0.44366197183098594,-0.3028169014084507,-0.5140845070422535,-0.7605633802816901,-0.5985915492957746,-0.9436619718309859,-0.47183098591549294,-1.0,-0.352112676056338,-0.3591549295774648,-0.34507042253521125,-0.7253521126760564,-0.4295774647887324,-0.8873239436619719,-0.3732394366197183,-0.9788732394366197,-0.3028169014084507
3,0.0,0.0,-0.09016393442622951,-0.08196721311475409,-0.2459016393442623,-0.2786885245901639,-0.39344262295081966,-0.4016393442622951,-0.5491803278688525,-0.4426229508196721,-0.3114754098360656,-0.4344262295081967,-0.5737704918032787,-0.5491803278688525,-0.7950819672131147,-0.5163934426229508,-0.9344262295081968,-0.4262295081967213,-0.36065573770491804,-0.45081967213114754,-0.639344262295082,-0.5327868852459017,-0.8524590163934426,-0.4672131147540984,-0.9918032786885246,-0.3524590163934426,-0.38524590163934425,-0.45901639344262296,-0.6721311475409836,-0.5573770491803278,-0.8770491803278688,-0.4918032786885246,-1.0,-0.3770491803278688,-0.3770491803278688,-0.45901639344262296,-0.6147540983606558,-0.5819672131147541,-0.7786885245901639,-0.5655737704918032,-0.8852459016393442,-0.4918032786885246
3,0.0,0.0,-0.36752136752136755,0.017094017094017096,-0.6666666666666666,-0.08547008547008547,-0.8803418803418803,-0.1794871794871795,-1.0,-0.3247863247863248,-0.6410256410256411,-0.5042735042735043,-0.8632478632478633,-0.6410256410256411,-0.9829059829059829,-0.5213675213675214,-0.9914529914529915,-0.37606837606837606,-0.5897435897435898,-0.5982905982905983,-0.8547008547008547,-0.7606837606837606,-0.9829059829059829,-0.6239316239316239,-0.9829059829059829,-0.452991452991453,-0.5042735042735043,-0.6837606837606838,-0.7863247863247863,-0.8632478632478633,-0.9401709401709402,-0.7264957264957265,-0.9658119658119658,-0.5555555555555556,-0.39316239316239315,-0.7521367521367521,-0.6495726495726496,-0.9145299145299145,-0.8376068376068376,-0.8461538461538461,-0.9230769230769231,-0.7094017094017094
3,0.0,0.0,-0.3504273504273504,0.02564102564102564,-0.6581196581196581,-0.05982905982905983,-0.8717948717948718,-0.1452991452991453,-0.9829059829059829,-0.2905982905982906,-0.6324786324786325,-0.47863247863247865,-0.8547008547008547,-0.5982905982905983,-0.9743589743589743,-0.48717948717948717,-1.0,-0.3504273504273504,-0.5811965811965812,-0.5726495726495726,-0.8547008547008547,-0.717948717948718,-0.9829059829059829,-0.5982905982905983,-0.9914529914529915,-0.4358974358974359,-0.5042735042735043,-0.6666666666666666,-0.7863247863247863,-0.8290598290598291,-0.9401709401709402,-0.717948717948718,-0.9743589743589743,-0.5641025641025641,-0.38461538461538464,-0.7435897435897436,-0.6410256410256411,-0.905982905982906,-0.8290598290598291,-0.8547008547008547,-0.9316239316239316,-0.7350427350427351
3,0.0,0.0,-0.35294117647058826,0.06722689075630252,-0.6554621848739496,0.01680672268907563,-0.8739495798319328,-0.058823529411764705,-0.9831932773109243,-0.21008403361344538,-0.6470588235294118,-0.3949579831932773,-0.8571428571428571,-0.5042016806722689,-0.9747899159663865,-0.40336134453781514,-1.0,-0.2857142857142857,-0.6050420168067226,-0.4957983193277311,-0.8571428571428571,-0.6218487394957983,-0.9831932773109243,-0.5126050420168067,-0.9915966386554622,-0.36134453781512604,-0.5294117647058824,-0.5966386554621849,-0.8067226890756303,-0.7394957983193278,-0.9495798319327731,-0.6386554621848739,-0.9663865546218487,-0.4957983193277311,-0.42016806722689076,-0.6974789915966386,-0.6722689075630253,-0.8403361344537815,-0.8487394957983193,-0.773109243697479,-0.9243697478991597,-0.6470588235294118
3,0.0,0.0,-0.3767123287671233,0.0273972602739726,-0.6027397260273972,-0.07534246575342465,-0.7876712328767124,-0.13013698630136986,-0.9178082191780822,-0.19863013698630136,-0.3493150684931507,-0.6712328767123288,-0.726027397260274,-0.726027397260274,-0.910958904109589,-0.5753424657534246,-0.9794520547945206,-0.4178082191780822,-0.3219178082191781,-0.6506849315068494,-0.7671232876712328,-0.7191780821917808,-0.9452054794520548,-0.547945205479452,-1.0,-0.3767123287671233,-0.3287671232876712,-0.5753424657534246,-0.7397260273972602,-0.6506849315068494,-0.9315068493150684,-0.4863013698630137,-0.9931506849315068,-0.3287671232876712,-0.3767123287671233,-0.4520547945205479,-0.6986301369863014,-0.5273972602739726,-0.863013698630137,-0.4520547945205479,-0.952054794520548,-0.3493150684931507

5,0.0,0.0,-0.13095238095238096,-0.10317460317460317,-0.18253968253968253,-0.25793650793650796,-0.10714285714285714,-0.39285714285714285,0.003968253968253968,-0.45634920634920634,-0.14285714285714285,-0.49603174603174605,-0.13095238095238096,-0.7063492063492064,-0.11507936507936507,-0.8293650793650794,-0.09523809523809523,-0.9285714285714286,-0.04365079365079365,-0.5079365079365079,-0.027777777777777776,-0.746031746031746,-0.007936507936507936,-0.8849206349206349,0.011904761904761904,-1.0,0.03968253968253968,-0.48412698412698413,0.05952380952380952,-0.6984126984126984,0.07142857142857142,-0.8293650793650794,0.08333333333333333,-0.9325396825396826,0.13095238095238096,-0.4246031746031746,0.14285714285714285,-0.5912698412698413,0.14682539682539683,-0.6944444444444444,0.14285714285714285,-0.7817460317460317
5,0.0,0.0,-0.1349206349206349,-0.10317460317460317,-0.1865079365079365,-0.24603174603174602,-0.1111111111111111,-0.373015873015873,-0.003968253968253968,-0.4444444444444444,-0.14285714285714285,-0.4880952380952381,-0.13095238095238096,-0.6984126984126984,-0.11507936507936507,-0.8214285714285714,-0.09523809523809523,-0.9285714285714286,-0.047619047619047616,-0.5,-0.027777777777777776,-0.7380952380952381,-0.007936507936507936,-0.876984126984127,0.011904761904761904,-1.0,0.03571428571428571,-0.4722222222222222,0.05555555555555555,-0.6865079365079365,0.07539682539682539,-0.8174603174603174,0.09126984126984126,-0.9285714285714286,0.12301587301587301,-0.4126984126984127,0.1388888888888889,-0.5793650793650794,0.15079365079365079,-0.6825396825396826,0.15476190476190477,-0.7738095238095238
5,0.0,0.0,-0.13011152416356878,-0.09665427509293681,-0.17843866171003717,-0.24907063197026022,-0.10408921933085502,-0.3828996282527881,0.0,-0.45724907063197023,-0.12639405204460966,-0.48698884758364314,-0.10408921933085502,-0.6988847583643123,-0.08550185873605948,-0.8252788104089219,-0.05947955390334572,-0.9330855018587361,-0.026022304832713755,-0.4944237918215613,0.0037174721189591076,-0.7360594795539034,0.02973977695167286,-0.8773234200743495,0.05204460966542751,-1.0,0.05947955390334572,-0.46096654275092935,0.09293680297397769,-0.6840148698884758,0.11524163568773234,-0.8141263940520446,0.13382899628252787,-0.929368029739777,0.14869888475836432,-0.3903345724907063,0.16728624535315986,-0.5576208178438662,0.17843866171003717,-0.6654275092936803,0.18587360594795538,-0.7620817843866171
5,0.0,0.0,-0.1258741258741259,-0.09090909090909091,-0.18181818181818182,-0.23426573426573427,-0.1048951048951049,-0.35664335664335667,0.0034965034965034965,-0.43006993006993005,-0.1258741258741259,-0.486013986013986,-0.10139860139860139,-0.6993006993006993,-0.08041958041958042,-0.8286713286713286,-0.055944055944055944,-0.9335664335664335,-0.027972027972027972,-0.493006993006993,0.0,-0.7307692307692307,0.024475524475524476,-0.8776223776223776,0.05244755244755245,-1.0,0.05944055944055944,-0.458041958041958,0.08741258741258741,-0.6853146853146853,0.11188811188811189,-0.8146853146853147,0.13286713286713286,-0.9230769230769231,0.14685314685314685,-0.38461538461538464,0.17132867132867133,-0.5524475524475524,0.1853146853146853,-0.6573426573426573,0.1888111888111888,-0.7517482517482518
5,0.0,0.0,-0.1238390092879257,-0.08359133126934984,-0.19195046439628483,-0.23219814241486067,-0.11455108359133127,-0.3591331269349845,-0.009287925696594427,-0.42724458204334365,-0.13312693498452013,-0.4674922600619195,-0.12074303405572756,-0.6842105263157895,-0.10835913312693499,-0.8173374613003096,-0.08978328173374613,-0.9287925696594427,-0.03715170278637771,-0.47368421052631576,-0.015479876160990712,-0.718266253869969,0.0030959752321981426,-0.8730650154798761,0.018575851393188854,-1.0,0.05263157894736842,-0.43653250773993807,0.07430340557275542,-0.6687306501547987,0.09287925696594428,-0.8142414860681114,0.10526315789473684,-0.9318885448916409,0.14241486068111456,-0.3622291021671827,0.1609907120743034,-0.541795665634675,0.16718266253869968,-0.6594427244582043,0.17027863777089783,-0.7585139318885449
5,0.0,0.0,-0.12173913043478261,-0.08115942028985507,-0.1855072463768116,-0.2289855072463768,-0.1072463768115942,-0.3565217391304348,0.0,-0.42028985507246375,-0.1246376811594203,-0.4608695652173913,-0.11884057971014493,-0.6695652173913044,-0.1072463768115942,-0.8,-0.0927536231884058,-0.9130434782608695,-0.028985507246376812,-0.46956521739130436,-0.017391304347826087,-0.7101449275362319,-0.002898550724637681,-0.863768115942029,0.011594202898550725,-1.0,0.05507246376811594,-0.43478260869565216,0.07536231884057971,-0.6608695652173913,0.08985507246376812,-0.8028985507246377,0.10144927536231885,-0.9188405797101449,0.14202898550724638,-0.35942028985507246,0.15942028985507245,-0.5304347826086957,0.16231884057971013,-0.6434782608695652,0.16231884057971013,-0.7391304347826086
5,0.0,0.0,-0.1368421052631579,-0.05789473684210526,-0.2131578947368421,-0.18421052631578946,-0.14210526315789473,-0.32894736842105265,-0.02368421052631579,-0.42105263157894735,-0.18947368421052632,-0.45789473684210524,-0.1868421052631579,-0.6789473684210526,-0.1736842105263158,-0.8184210526315789,-0.16052631578947368,-0.9368421052631579,-0.08947368421052632,-0.4842105263157895,-0.08157894736842106,-0.7236842105263158,-0.06842105263157895,-0.8736842105263158,-0.05789473684210526,-1.0,0.005263157894736842,-0.4631578947368421,0.02368421052631579,-0.6973684210526315,0.042105263157894736,-0.8394736842105263,0.05526315789473684,-0.9605263157894737,0.10789473684210527,-0.4052631578947368,0.12894736842105264,-0.5815789473684211,0.1394736842105263,-0.6947368421052632,0.14473684210526316,-0.7921052631578948
5,0.0,0.0,-0.14583333333333334,-0.1488095238095238,-0.16071428571428573,-0.3273809523809524,-0.0744047619047619,-0.4523809523809524,0.005952380952380952,-0.5208333333333334,-0.13690476190476192,-0.37202380952380953,-0.10119047619047619,-0.6339285714285714,-0.07142857142857142,-0.8005952380952381,-0.044642857142857144,-0.9255952380952381,0.005952380952380952,-0.3541666666666667,0.044642857142857144,-0.6517857142857143,0.08035714285714286,-0.8452380952380952,0.1130952380952381,-1.0,0.13690476190476192,-0.30952380952380953,0.16964285714285715,-0.6011904761904762,0.19642857142857142,-0.7916666666666666,0.21726190476190477,-0.9434523809523809,0.25595238095238093,-0.24404761904761904,0.2916666666666667,-0.4523809523809524,0.30357142857142855,-0.5922619047619048,0.3125,-0.7083333333333334
5,0.0,0.0,-0.13,-0.0975,-0.185,-0.24,-0.0875,-0.3475,0.0375,-0.4025,-0.13,-0.4575,-0.11,-0.6825,-0.0875,-0.8175,-0.06,-0.93,-0.02,-0.4625,0.01,-0.71,0.035,-0.87,0.0625,-1.0,0.08,-0.4225,0.1125,-0.6625,0.135,-0.81,0.1575,-0.9275,0.1775,-0.3525,0.2125,-0.53,0.23,-0.6475,0.2425,-0.7425
5,0.0,0.0,-0.13043478260869565,-0.09207161125319693,-0.20460358056265984,-0.23529411764705882,-0.1278772378516624,-0.36061381074168797,0.0025575447570332483,-0.4194373401534527,-0.16624040920716113,-0.4833759590792839,-0.14578005115089515,-0.6982097186700768,-0.12531969309462915,-0.8260869565217391,-0.10485933503836317,-0.9335038363171355,-0.058823529411764705,-0.49104859335038364,-0.030690537084398978,-0.731457800511509,-0.005115089514066497,-0.8797953964194374,0.017902813299232736,-1.0,0.04092071611253197,-0.4578005115089514,0.07161125319693094,-0.6828644501278772,0.09207161125319693,-0.8158567774936062,0.10741687979539642,-0.9258312020460358,0.14066496163682865,-0.3887468030690537,0.17135549872122763,-0.5575447570332481,0.18414322250639387,-0.6675191815856778,0.18925831202046037,-0.7570332480818415
5,0.0,0.0,-0.134375,-0.071875,-0.2,-0.2,-0.1125,-0.321875,0.009375,-0.3875,-0.1625,-0.428125,-0.1375,-0.6625,-0.1125,-0.80625,-0.084375,-0.925,-0.04375,-0.4375,-0.021875,-0.6875,0.00625,-0.85,0.028125,-1.0,0.053125,-0.4,0.08125,-0.634375,0.1,-0.784375,0.11875,-0.9125,0.153125,-0.325,0.178125,-0.503125,0.1875,-0.615625,0.19375,-0.71875
5,0.0,0.0,-0.13649025069637882,-0.0947075208913649,-0.20612813370473537,-0.24233983286908078,-0.13370473537604458,-0.3788300835654596,-0.016713091922005572,-0.4596100278551532,-0.15598885793871867,-0.5013927576601671,-0.14206128133704735,-0.7103064066852368,-0.12256267409470752,-0.83008356545961,-0.10027855153203342,-0.935933147632312,-0.055710306406685235,-0.5097493036211699,-0.036211699164345405,-0.7465181058495822,-0.013927576601671309,-0.8774373259052924,0.005571030640668524,-1.0,0.033426183844011144,-0.4763231197771588,0.052924791086350974,-0.6880222841225627,0.06963788300835655,-0.8161559888579387,0.08635097493036212,-0.9303621169916435,0.12813370473537605,-0.40668523676880225,0.13649025069637882,-0.5654596100278552,0.1392757660167131,-0.6713091922005571,0.14484679665738162,-0.766016713091922
5,0.0,0.0,-0.13994169096209913,-0.10204081632653061,-0.21282798833819241,-0.24489795918367346,-0.1457725947521866,-0.37900874635568516,-0.03206997084548105,-0.46938775510204084,-0.1661807580174927,-0.49854227405247814,-0.1457725947521866,-0.7113702623906706,-0.12536443148688048,-0.8338192419825073,-0.10204081632653061,-0.9358600583090378,-0.06705539358600583,-0.5102040816326531,-0.04664723032069971,-0.7463556851311953,-0.029154518950437316,-0.8833819241982507,-0.008746355685131196,-1.0,0.02040816326530612,-0.478134110787172,0.04664723032069971,-0.6997084548104956,0.06705539358600583,-0.8279883381924198,0.08163265306122448,-0.9387755102040817,0.11370262390670553,-0.4110787172011662,0.13411078717201166,-0.5714285714285714,0.13994169096209913,-0.6705539358600583,0.14285714285714285,-0.760932944606414
5,0.0,0.0,-0.1536050156739812,-0.10344827586206896,-0.219435736677116,-0.2476489028213166,-0.13793103448275862,-0.3761755485893417,-0.02821316614420063,-0.4482758620689655,-0.1786833855799373,-0.49216300940438873,-0.16927899686520376,-0.7053291536050157,-0.15047021943573669,-0.8275862068965517,-0.13166144200626959,-0.9341692789968652,-0.07836990595611286,-0.5015673981191222,-0.06583072100313479,-0.7429467084639498,-0.047021943573667714,-0.8808777429467085,-0.03134796238244514,-1.0,0.009404388714733543,-0.47335423197492166,0.03134796238244514,-0.6927899686520376,0.04075235109717868,-0.8244514106583072,0.050156739811912224,-0.9373040752351097,0.10031347962382445,-0.40752351097178685,0.109717868338558,-0.567398119122257,0.11598746081504702,-0.670846394984326,0.11912225705329153,-0.768025078369906
5,0.0,0.0,-0.1414141414141414,-0.08754208754208755,-0.20875420875420875,-0.2255892255892256,-0.13131313131313133,-0.3602693602693603,-0.013468013468013467,-0.43097643097643096,-0.18518518518518517,-0.494949494949495,-0.17845117845117844,-0.7037037037037037,-0.16161616161616163,-0.8249158249158249,-0.13804713804713806,-0.9292929292929293,-0.08417508417508418,-0.5117845117845118,-0.08080808080808081,-0.7474747474747475,-0.06397306397306397,-0.8787878787878788,-0.04713804713804714,-1.0,0.0,-0.48484848484848486,0.020202020202020204,-0.7003367003367004,0.030303030303030304,-0.8249158249158249,0.037037037037037035,-0.9326599326599326,0.09090909090909091,-0.4208754208754209,0.10101010101010101,-0.5824915824915825,0.10774410774410774,-0.6801346801346801,0.10774410774410774,-0.7676767676767676
5,0.0,0.0,-0.15355805243445692,-0.10861423220973783,-0.21722846441947566,-0.26217228464419473,-0.12359550561797752,-0.3857677902621723,0.0,-0.44569288389513106,-0.17228464419475656,-0.5056179775280899,-0.15355805243445692,-0.7153558052434457,-0.13857677902621723,-0.8352059925093633,-0.11610486891385768,-0.9400749063670412,-0.06741573033707865,-0.5168539325842697,-0.04868913857677903,-0.7490636704119851,-0.0299625468164794,-0.8801498127340824,-0.0149812734082397,-1.0,0.02247191011235955,-0.4868913857677903,0.0449438202247191,-0.700374531835206,0.0599250936329588,-0.8239700374531835,0.06741573033707865,-0.9288389513108615,0.11610486891385768,-0.4232209737827715,0.13108614232209737,-0.5767790262172284,0.13857677902621723,-0.6779026217228464,0.13857677902621723,-0.7677902621722846
5,0.0,0.0,-0.14728682170542637,-0.10852713178294573,-0.2054263565891473,-0.2558139534883721,-0.11627906976744186,-0.3875968992248062,0.003875968992248062,-0.44573643410852715,-0.15503875968992248,-0.5,-0.13953488372093023,-0.7131782945736435,-0.12403100775193798,-0.8372093023255814,-0.10852713178294573,-0.9457364341085271,-0.05426356589147287,-0.5077519379844961,-0.03875968992248062,-0.748062015503876,-0.01937984496124031,-0.8798449612403101,0.0,-1.0,0.031007751937984496,-0.47674418604651164,0.05426356589147287,-0.686046511627907,0.06976744186046512,-0.8178294573643411,0.08914728682170543,-0.9263565891472868,0.12790697674418605,-0.4108527131782946,0.13565891472868216,-0.5736434108527132,0.14728682170542637,-0.6782945736434108,0.15503875968992248,-0.7674418604651163
5,0.0,0.0,-0.14682539682539683,-0.10317460317460317,-0.20634920634920634,-0.25,-0.11507936507936507,-0.38095238095238093,0.003968253968253968,-0.4365079365079365,-0.15476190476190477,-0.503968253968254,-0.14285714285714285,-0.7103174603174603,-0.12698412698412698,-0.8333333333333334,-0.10317460317460317,-0.9444444444444444,-0.05555555555555555,-0.5119047619047619,-0.04365079365079365,-0.7420634920634921,-0.023809523809523808,-0.8809523809523809,-0.007936507936507936,-1.0,0.027777777777777776,-0.47619047619047616,0.051587301587301584,-0.6825396825396826,0.06349206349206349,-0.8134920634920635,0.07142857142857142,-0.9246031746031746,0.11904761904761904,-0.40476190476190477,0.13095238095238096,-0.5674603174603174,0.1349206349206349,-0.6706349206349206,0.13095238095238096,-0.7579365079365079
5,0.0,0.0,-0.13138686131386862,-0.10218978102189781,-0.19708029197080293,-0.2846715328467153,-0.18248175182481752,-0.45985401459854014,-0.15328467153284672,-0.6131386861313869,-0.1897810218978102,-0.34306569343065696,-0.17518248175182483,-0.6204379562043796,-0.15328467153284672,-0.8102189781021898,-0.13138686131386862,-0.9635036496350365,-0.043795620437956206,-0.3357664233576642,-0.021897810218978103,-0.6277372262773723,0.0,-0.8321167883211679,0.021897810218978103,-1.0,0.08759124087591241,-0.29927007299270075,0.10948905109489052,-0.583941605839416,0.13138686131386862,-0.7737226277372263,0.1386861313868613,-0.927007299270073,0.2116788321167883,-0.25547445255474455,0.24087591240875914,-0.46715328467153283,0.25547445255474455,-0.6204379562043796,0.26277372262773724,-0.7518248175182481
5,0.0,0.0,-0.1415929203539823,-0.10619469026548672,-0.2168141592920354,-0.2610619469026549,-0.1504424778761062,-0.3938053097345133,-0.03982300884955752,-0.46017699115044247,-0.14601769911504425,-0.5176991150442478,-0.13274336283185842,-0.7168141592920354,-0.11504424778761062,-0.8362831858407079,-0.09734513274336283,-0.9424778761061947,-0.05309734513274336,-0.5265486725663717,-0.035398230088495575,-0.7522123893805309,-0.017699115044247787,-0.8849557522123894,0.0,-1.0,0.02654867256637168,-0.4911504424778761,0.05309734513274336,-0.6991150442477876,0.07079646017699115,-0.827433628318584,0.084070796460177,-0.9380530973451328,0.11504424778761062,-0.42035398230088494,0.12831858407079647,-0.584070796460177,0.13716814159292035,-0.6814159292035398,0.13716814159292035,-0.7743362831858407
5,0.0,0.0,-0.11764705882352941,-0.06535947712418301,-0.1568627450980392,-0.16993464052287582,-0.06535947712418301,-0.2549019607843137,0.058823529411764705,-0.3202614379084967,-0.1111111111111111,-0.3790849673202614,-0.10457516339869281,-0.6143790849673203,-0.08496732026143791,-0.7843137254901961,-0.058823529411764705,-0.9215686274509803,0.006535947712418301,-0.38562091503267976,0.032679738562091505,-0.6535947712418301,0.058823529411764705,-0.8366013071895425,0.0784313725490196,-1.0,0.11764705882352941,-0.3464052287581699,0.13725490196078433,-0.6143790849673203,0.1568627450980392,-0.7908496732026143,0.16993464052287582,-0.934640522875817,0.22875816993464052,-0.27450980392156865,0.2549019607843137,-0.47058823529411764,0.2679738562091503,-0.6078431372549019,0.27450980392156865,-0.7189542483660131
5,0.0,0.0,-0.14354066985645933,-0.11004784688995216,-0.215311004784689,-0.2631578947368421,-0.14832535885167464,-0.4019138755980861,-0.028708133971291867,-0.45454545454545453,-0.15311004784688995,-0.5167464114832536,-0.1339712918660287,-0.7177033492822966,-0.11961722488038277,-0.8373205741626795,-0.10047846889952153,-0.9425837320574163,-0.06220095693779904,-0.5215311004784688,-0.03827751196172249,-0.7511961722488039,-0.019138755980861243,-0.8851674641148325,-0.004784688995215311,-1.0,0.019138755980861243,-0.4880382775119617,0.0430622009569378,-0.69377990430622,0.05741626794258373,-0.8181818181818182,0.07177033492822966,-0.9282296650717703,0.10526315789473684,-0.41626794258373206,0.11961722488038277,-0.5741626794258373,0.12440191387559808,-0.6746411483253588,0.1291866028708134,-0.7655502392344498
5,0.0,0.0,-0.14358974358974358,-0.10256410256410256,-0.2153846153846154,-0.26666666666666666,-0.14871794871794872,-0.40512820512820513,-0.035897435897435895,-0.4717948717948718,-0.15384615384615385,-0.5128205128205128,-0.13333333333333333,-0.717948717948718,-0.11282051282051282,-0.8358974358974359,-0.09743589743589744,-0.9435897435897436,-0.06153846153846154,-0.5230769230769231,-0.041025641025641026,-0.7487179487179487,-0.02564102564102564,-0.882051282051282,-0.010256410256410256,-1.0,0.015384615384615385,-0.49230769230769234,0.041025641025641026,-0.7025641025641025,0.05641025641025641,-0.8256410256410256,0.06666666666666667,-0.9282051282051282,0.10256410256410256,-0.4256410256410256,0.11282051282051282,-0.5846153846153846,0.11794871794871795,-0.6820512820512821,0.12307692307692308,-0.7743589743589744
5,0.0,0.0,-0.12886597938144329,-0.10824742268041238,-0.18556701030927836,-0.27835051546391754,-0.10309278350515463,-0.4072164948453608,0.015463917525773196,-0.4690721649484536,-0.1134020618556701,-0.520618556701031,-0.0979381443298969,-0.7268041237113402,-0.08247422680412371,-0.8505154639175257,-0.06701030927835051,-0.9587628865979382,-0.02577319587628866,-0.5257731958762887,0.0,-0.7525773195876289,0.020618556701030927,-0.8865979381443299,0.04639175257731959,-1.0,0.05670103092783505,-0.4948453608247423,0.08762886597938144,-0.7010309278350515,0.10309278350515463,-0.8298969072164949,0.11855670103092783,-0.9381443298969072,0.14432989690721648,-0.42783505154639173,0.15979381443298968,-0.5927835051546392,0.17010309278350516,-0.6907216494845361,0.18041237113402062,-0.7783505154639175
5,0.0,0.0,-0.13793103448275862,-0.10344827586206896,-0.1921182266009852,-0.2660098522167488,-0.10837438423645321,-0.39408866995073893,0.009852216748768473,-0.45320197044334976,-0.15763546798029557,-0.49261083743842365,-0.14285714285714285,-0.6995073891625616,-0.12315270935960591,-0.8275862068965517,-0.10344827586206896,-0.9359605911330049,-0.059113300492610835,-0.5024630541871922,-0.034482758620689655,-0.729064039408867,-0.019704433497536946,-0.8768472906403941,0.0,-1.0,0.034482758620689655,-0.4729064039408867,0.054187192118226604,-0.6896551724137931,0.06896551724137931,-0.8226600985221675,0.08374384236453201,-0.9359605911330049,0.12807881773399016,-0.41379310344827586,0.14285714285714285,-0.5862068965517241,0.1477832512315271,-0.6945812807881774,0.15270935960591134,-0.7832512315270936
5,0.0,0.0,-0.13942307692307693,-0.10096153846153846,-0.20192307692307693,-0.2692307692307692,-0.1346153846153846,-0.40865384615384615,-0.02403846153846154,-0.47596153846153844,-0.16346153846153846,-0.4855769230769231,-0.15384615384615385,-0.7067307692307693,-0.14423076923076922,-0.8365384615384616,-0.125,-0.9423076923076923,-0.0625,-0.5,-0.052884615384615384,-0.7355769230769231,-0.038461538461538464,-0.8798076923076923,-0.02403846153846154,-1.0,0.028846153846153848,-0.47596153846153844,0.04326923076923077,-0.7019230769230769,0.04807692307692308,-0.8317307692307693,0.052884615384615384,-0.9423076923076923,0.125,-0.4182692307692308,0.1346153846153846,-0.5865384615384616,0.13942307692307693,-0.6923076923076923,0.13942307692307693,-0.7884615384615384
5,0.0,0.0,-0.13425925925925927,-0.10648148148148148,-0.19907407407407407,-0.25925925925925924,-0.12962962962962962,-0.39814814814814814,-0.023148148148148147,-0.4583333333333333,-0.1574074074074074,-0.49074074074074076,-0.1527777777777778,-0.7037037037037037,-0.14351851851851852,-0.8333333333333334,-0.12962962962962962,-0.9351851851851852,-0.06018518518518518,-0.5046296296296297,-0.05092592592592592,-0.7407407407407407,-0.032407407407407406,-0.8842592592592593,-0.023148148148148147,-1.0,0.027777777777777776,-0.48148148148148145,0.046296296296296294,-0.6990740740740741,0.05092592592592592,-0.8333333333333334,0.05555555555555555,-0.9398148148148148,0.12037037037037036,-0.4166666666666667,0.12962962962962962,-0.5925925925925926,0.13425925925925927,-0.6944444444444444,0.13425925925925927,-0.7824074074074074
5,0.0,0.0,-0.14285714285714285,-0.1038961038961039,-0.20346320346320346,-0.2813852813852814,-0.12987012987012986,-0.42857142857142855,-0.021645021645021644,-0.47619047619047616,-0.19480519480519481,-0.49783549783549785,-0.18614718614718614,-0.70995670995671,-0.1774891774891775,-0.8441558441558441,-0.17316017316017315,-0.948051948051948,-0.1038961038961039,-0.5238095238095238,-0.09523809523809523,-0.7489177489177489,-0.09090909090909091,-0.8874458874458875,-0.09090909090909091,-1.0,-0.008658008658008658,-0.5108225108225108,-0.008658008658008658,-0.7186147186147186,-0.004329004329004329,-0.8528138528138528,0.0,-0.9567099567099567,0.07792207792207792,-0.4675324675324675,0.08225108225108226,-0.6320346320346321,0.07792207792207792,-0.7316017316017316,0.07792207792207792,-0.8138528138528138
5,0.0,0.0,-0.14847161572052403,-0.11353711790393013,-0.2052401746724891,-0.2925764192139738,-0.12663755458515283,-0.43231441048034935,-0.013100436681222707,-0.47161572052401746,-0.1615720524017467,-0.5152838427947598,-0.14847161572052403,-0.7205240174672489,-0.14410480349344978,-0.8471615720524017,-0.14410480349344978,-0.9475982532751092,-0.07423580786026202,-0.519650655021834,-0.06550218340611354,-0.7510917030567685,-0.06986899563318777,-0.8864628820960698,-0.07423580786026202,-1.0,0.013100436681222707,-0.4978165938864629,0.026200873362445413,-0.7117903930131004,0.021834061135371178,-0.8427947598253275,0.021834061135371178,-0.9519650655021834,0.10043668122270742,-0.44541484716157204,0.1091703056768559,-0.6200873362445415,0.1091703056768559,-0.7292576419213974,0.1091703056768559,-0.8209606986899564
5,0.0,0.0,-0.15677966101694915,-0.0847457627118644,-0.25,-0.25,-0.23728813559322035,-0.4110169491525424,-0.15677966101694915,-0.5,-0.1864406779661017,-0.4957627118644068,-0.18220338983050846,-0.7076271186440678,-0.17796610169491525,-0.8347457627118644,-0.1652542372881356,-0.940677966101695,-0.09322033898305085,-0.5084745762711864,-0.08898305084745763,-0.7415254237288136,-0.0847457627118644,-0.8898305084745762,-0.08050847457627118,-1.0,-0.00847457627118644,-0.4872881355932203,0.0,-0.7033898305084746,0.0,-0.8389830508474576,0.00423728813559322,-0.9449152542372882,0.08050847457627118,-0.4364406779661017,0.08898305084745763,-0.6059322033898306,0.08898305084745763,-0.7161016949152542,0.08898305084745763,-0.8050847457627118
5,0.0,0.0,-0.15350877192982457,-0.11403508771929824,-0.22807017543859648,-0.27631578947368424,-0.2149122807017544,-0.44298245614035087,-0.12719298245614036,-0.5175438596491229,-0.18421052631578946,-0.4956140350877193,-0.18859649122807018,-0.706140350877193,-0.18421052631578946,-0.8289473684210527,-0.17105263157894737,-0.9342105263157895,-0.09649122807017543,-0.5175438596491229,-0.10526315789473684,-0.7543859649122807,-0.10964912280701754,-0.8859649122807017,-0.11403508771929824,-1.0,-0.008771929824561403,-0.4956140350877193,-0.008771929824561403,-0.7192982456140351,-0.017543859649122806,-0.8464912280701754,-0.021929824561403508,-0.9473684210526315,0.08771929824561403,-0.4473684210526316,0.09210526315789473,-0.6228070175438597,0.09649122807017543,-0.7324561403508771,0.10087719298245613,-0.8289473684210527
5,0.0,0.0,-0.13983050847457626,-0.11864406779661017,-0.2076271186440678,-0.2584745762711864,-0.15254237288135594,-0.3898305084745763,-0.046610169491525424,-0.4406779661016949,-0.15254237288135594,-0.4788135593220339,-0.1483050847457627,-0.690677966101695,-0.1440677966101695,-0.8135593220338984,-0.13559322033898305,-0.9152542372881356,-0.0635593220338983,-0.4915254237288136,-0.05508474576271186,-0.7415254237288136,-0.046610169491525424,-0.8771186440677966,-0.046610169491525424,-1.0,0.01694915254237288,-0.4661016949152542,0.029661016949152543,-0.690677966101695,0.03389830508474576,-0.826271186440678,0.03389830508474576,-0.9364406779661016,0.11016949152542373,-0.3983050847457627,0.11864406779661017,-0.5805084745762712,0.11864406779661017,-0.6864406779661016,0.11016949152542373,-0.7754237288135594
5,0.0,0.0,-0.13191489361702127,-0.10638297872340426,-0.19574468085106383,-0.2553191489361702,-0.13617021276595745,-0.3872340425531915,-0.03404255319148936,-0.4553191489361702,-0.13191489361702127,-0.4978723404255319,-0.1148936170212766,-0.7021276595744681,-0.10638297872340426,-0.8212765957446808,-0.09361702127659574,-0.9276595744680851,-0.0425531914893617,-0.5063829787234042,-0.02127659574468085,-0.7404255319148936,-0.00425531914893617,-0.8808510638297873,0.00851063829787234,-1.0,0.0425531914893617,-0.4723404255319149,0.06382978723404255,-0.6893617021276596,0.07659574468085106,-0.8212765957446808,0.0851063829787234,-0.9361702127659575,0.1276595744680851,-0.40425531914893614,0.14893617021276595,-0.574468085106383,0.15319148936170213,-0.6808510638297872,0.15319148936170213,-0.774468085106383
5,0.0,0.0,-0.14224137931034483,-0.10775862068965517,-0.1896551724137931,-0.25862068965517243,-0.10775862068965517,-0.38362068965517243,0.004310344827586207,-0.4224137931034483,-0.13793103448275862,-0.4870689655172414,-0.1206896551724138,-0.7025862068965517,-0.10344827586206896,-0.8275862068965517,-0.08620689655172414,-0.9310344827586207,-0.03879310344827586,-0.5,-0.017241379310344827,-0.7456896551724138,0.0,-0.8793103448275862,0.01293103448275862,-1.0,0.04310344827586207,-0.4698275862068966,0.06465517241379311,-0.6896551724137931,0.07758620689655173,-0.8232758620689655,0.08620689655172414,-0.9310344827586207,0.13793103448275862,-0.4051724137931034,0.15517241379310345,-0.5775862068965517,0.16379310344827586,-0.6853448275862069,0.1724137931034483,-0.7758620689655172
5,0.0,0.0,-0.1511111111111111,-0.09777777777777778,-0.24,-0.24888888888888888,-0.19555555555555557,-0.38222222222222224,-0.1111111111111111,-0.4666666666666667,-0.18666666666666668,-0.5022222222222222,-0.18666666666666668,-0.7066666666666667,-0.18222222222222223,-0.8311111111111111,-0.17333333333333334,-0.9377777777777778,-0.09333333333333334,-0.5155555555555555,-0.08888888888888889,-0.7466666666666667,-0.08444444444444445,-0.8844444444444445,-0.08,-1.0,-0.0044444444444444444,-0.4888888888888889,0.0,-0.7066666666666667,0.0044444444444444444,-0.84,0.008888888888888889,-0.9511111111111111,0.09333333333333334,-0.4311111111111111,0.10222222222222223,-0.5955555555555555,0.10222222222222223,-0.7022222222222222,0.10222222222222223,-0.7955555555555556
5,0.0,0.0,-0.14354066985645933,-0.10526315789473684,-0.21052631578947367,-0.2631578947368421,-0.13875598086124402,-0.39712918660287083,-0.023923444976076555,-0.47368421052631576,-0.15311004784688995,-0.507177033492823,-0.13875598086124402,-0.7129186602870813,-0.1291866028708134,-0.8373205741626795,-0.11483253588516747,-0.9425837320574163,-0.05741626794258373,-0.5167464114832536,-0.0430622009569378,-0.7511961722488039,-0.028708133971291867,-0.8851674641148325,-0.009569377990430622,-1.0,0.028708133971291867,-0.4880382775119617,0.0430622009569378,-0.6985645933014354,0.05741626794258373,-0.8229665071770335,0.06220095693779904,-0.9282296650717703,0.11483253588516747,-0.4258373205741627,0.1291866028708134,-0.583732057416268,0.13875598086124402,-0.6889952153110048,0.13875598086124402,-0.7799043062200957
5,0.0,0.0,-0.13450292397660818,-0.07602339181286549,-0.19883040935672514,-0.23391812865497075,-0.1286549707602339,-0.3742690058479532,-0.023391812865497075,-0.4502923976608187,-0.1286549707602339,-0.47368421052631576,-0.09941520467836257,-0.6900584795321637,-0.07602339181286549,-0.8304093567251462,-0.05263157894736842,-0.9473684210526315,-0.023391812865497075,-0.47368421052631576,0.005847953216374269,-0.7134502923976608,0.03508771929824561,-0.8713450292397661,0.05263157894736842,-1.0,0.07017543859649122,-0.43859649122807015,0.09941520467836257,-0.672514619883041,0.11695906432748537,-0.8187134502923976,0.13450292397660818,-0.935672514619883,0.1695906432748538,-0.3684210526315789,0.19298245614035087,-0.5555555555555556,0.21052631578947367,-0.672514619883041,0.21637426900584794,-0.7719298245614035
5,0.0,0.0,-0.14736842105263157,-0.12105263157894737,-0.21578947368421053,-0.28421052631578947,-0.14736842105263157,-0.4263157894736842,-0.031578947368421054,-0.4842105263157895,-0.1368421052631579,-0.5210526315789473,-0.12105263157894737,-0.7263157894736842,-0.10526315789473684,-0.8421052631578947,-0.08947368421052632,-0.9473684210526315,-0.042105263157894736,-0.531578947368421,-0.021052631578947368,-0.7631578947368421,0.0,-0.8894736842105263,0.021052631578947368,-1.0,0.03684210526315789,-0.5,0.06315789473684211,-0.7052631578947368,0.07894736842105263,-0.8315789473684211,0.08947368421052632,-0.9368421052631579,0.12105263157894737,-0.4263157894736842,0.14210526315789473,-0.5894736842105263,0.15263157894736842,-0.6947368421052632,0.15263157894736842,-0.7842105263157895
5,0.0,0.0,-0.12154696132596685,-0.1270718232044199,-0.1712707182320442,-0.30386740331491713,-0.09392265193370165,-0.4419889502762431,0.011049723756906077,-0.5027624309392266,-0.09392265193370165,-0.5248618784530387,-0.0718232044198895,-0.7237569060773481,-0.055248618784530384,-0.8453038674033149,-0.027624309392265192,-0.9447513812154696,-0.011049723756906077,-0.5248618784530387,0.016574585635359115,-0.7513812154696132,0.03867403314917127,-0.8839779005524862,0.06629834254143646,-1.0,0.0718232044198895,-0.49171270718232046,0.09944751381215469,-0.7016574585635359,0.12154696132596685,-0.8287292817679558,0.13812154696132597,-0.9392265193370166,0.15469613259668508,-0.425414364640884,0.18232044198895028,-0.585635359116022,0.19889502762430938,-0.6906077348066298,0.20994475138121546,-0.7790055248618785
5,0.0,0.0,-0.13953488372093023,-0.12209302325581395,-0.18604651162790697,-0.28488372093023256,-0.11627906976744186,-0.4186046511627907,-0.005813953488372093,-0.4883720930232558,-0.11046511627906977,-0.5058139534883721,-0.0872093023255814,-0.7093023255813954,-0.06976744186046512,-0.8313953488372093,-0.046511627906976744,-0.9302325581395349,-0.023255813953488372,-0.5116279069767442,0.005813953488372093,-0.7441860465116279,0.029069767441860465,-0.877906976744186,0.05232558139534884,-1.0,0.05813953488372093,-0.47674418604651164,0.09302325581395349,-0.6918604651162791,0.11046511627906977,-0.8197674418604651,0.12790697674418605,-0.9244186046511628,0.13953488372093023,-0.4186046511627907,0.1686046511627907,-0.5813953488372093,0.18604651162790697,-0.6802325581395349,0.19767441860465115,-0.7732558139534884
5,0.0,0.0,-0.13609467455621302,-0.11834319526627218,-0.1952662721893491,-0.2958579881656805,-0.11834319526627218,-0.4319526627218935,-0.011834319526627219,-0.4911242603550296,-0.13609467455621302,-0.5088757396449705,-0.11242603550295859,-0.7100591715976331,-0.09467455621301775,-0.834319526627219,-0.07692307692307693,-0.9349112426035503,-0.04142011834319527,-0.514792899408284,-0.01775147928994083,-0.7455621301775148,0.0,-0.8875739644970414,0.01775147928994083,-1.0,0.047337278106508875,-0.48520710059171596,0.07100591715976332,-0.7041420118343196,0.08875739644970414,-0.834319526627219,0.10059171597633136,-0.9408284023668639,0.13609467455621302,-0.4260355029585799,0.15384615384615385,-0.591715976331361,0.16568047337278108,-0.6923076923076923,0.17159763313609466,-0.7869822485207101
5,0.0,0.0,-0.12258064516129032,-0.14193548387096774,-0.17419354838709677,-0.3225806451612903,-0.10967741935483871,-0.4774193548387097,-0.012903225806451613,-0.5225806451612903,-0.13548387096774195,-0.535483870967742,-0.10967741935483871,-0.7419354838709677,-0.09032258064516129,-0.864516129032258,-0.07096774193548387,-0.9548387096774194,-0.03225806451612903,-0.5419354838709678,0.0,-0.7677419354838709,0.03225806451612903,-0.896774193548387,0.05806451612903226,-1.0,0.05806451612903226,-0.5161290322580645,0.09032258064516129,-0.7225806451612903,0.11612903225806452,-0.8451612903225807,0.13548387096774195,-0.9419354838709677,0.14838709677419354,-0.45806451612903226,0.17419354838709677,-0.6129032258064516,0.1935483870967742,-0.7096774193548387,0.2064516129032258,-0.7870967741935484
5,0.0,0.0,-0.11038961038961038,-0.14285714285714285,-0.14285714285714285,-0.3246753246753247,-0.05194805194805195,-0.44155844155844154,0.05844155844155844,-0.4805194805194805,-0.09090909090909091,-0.5194805194805194,-0.05844155844155844,-0.7272727272727273,-0.032467532467532464,-0.8441558441558441,0.006493506493506494,-0.9415584415584416,0.0,-0.5194805194805194,0.03896103896103896,-0.7467532467532467,0.07142857142857142,-0.8831168831168831,0.09740259740259741,-1.0,0.07792207792207792,-0.487012987012987,0.12987012987012986,-0.7012987012987013,0.14935064935064934,-0.8311688311688312,0.16233766233766234,-0.935064935064935,0.16233766233766234,-0.42857142857142855,0.2012987012987013,-0.5909090909090909,0.21428571428571427,-0.6883116883116883,0.22727272727272727,-0.7727272727272727
5,0.0,0.0,-0.1342281879194631,-0.11409395973154363,-0.18791946308724833,-0.30201342281879195,-0.11409395973154363,-0.4429530201342282,-0.013422818791946308,-0.4899328859060403,-0.12751677852348994,-0.5100671140939598,-0.09395973154362416,-0.7181208053691275,-0.08053691275167785,-0.8389261744966443,-0.06711409395973154,-0.9463087248322147,-0.03355704697986577,-0.5167785234899329,0.0,-0.7449664429530202,0.020134228187919462,-0.8859060402684564,0.04697986577181208,-1.0,0.04697986577181208,-0.4899328859060403,0.08053691275167785,-0.7046979865771812,0.09395973154362416,-0.8322147651006712,0.11409395973154363,-0.9395973154362416,0.1342281879194631,-0.436241610738255,0.15436241610738255,-0.5973154362416108,0.1610738255033557,-0.697986577181208,0.16778523489932887,-0.785234899328859
5,0.0,0.0,-0.1476510067114094,-0.10067114093959731,-0.2080536912751678,-0.28859060402684567,-0.14093959731543623,-0.42953020134228187,-0.040268456375838924,-0.4966442953020134,-0.1342281879194631,-0.5100671140939598,-0.12080536912751678,-0.7114093959731543,-0.10067114093959731,-0.8322147651006712,-0.087248322147651,-0.9328859060402684,-0.04697986577181208,-0.5167785234899329,-0.026845637583892617,-0.7449664429530202,-0.013422818791946308,-0.8859060402684564,0.006711409395973154,-1.0,0.03355704697986577,-0.4966442953020134,0.053691275167785234,-0.7046979865771812,0.06711409395973154,-0.8389261744966443,0.087248322147651,-0.9395973154362416,0.12080536912751678,-0.436241610738255,0.1342281879194631,-0.5973154362416108,0.14093959731543623,-0.7046979865771812,0.1476510067114094,-0.7986577181208053
5,0.0,0.0,-0.1564625850340136,-0.08843537414965986,-0.23129251700680273,-0.2585034013605442,-0.17687074829931973,-0.40816326530612246,-0.08163265306122448,-0.48299319727891155,-0.17006802721088435,-0.5034013605442177,-0.16326530612244897,-0.7074829931972789,-0.1564625850340136,-0.8299319727891157,-0.14285714285714285,-0.9387755102040817,-0.08163265306122448,-0.5170068027210885,-0.06802721088435375,-0.7482993197278912,-0.061224489795918366,-0.8843537414965986,-0.047619047619047616,-1.0,0.006802721088435374,-0.4965986394557823,0.02040816326530612,-0.7074829931972789,0.027210884353741496,-0.8435374149659864,0.034013605442176874,-0.9523809523809523,0.09523809523809523,-0.4421768707482993,0.10204081632653061,-0.6122448979591837,0.10884353741496598,-0.7142857142857143,0.10884353741496598,-0.8027210884353742
5,0.0,0.0,-0.14743589743589744,-0.08333333333333333,-0.22435897435897437,-0.25,-0.1794871794871795,-0.40384615384615385,-0.08333333333333333,-0.4807692307692308,-0.1794871794871795,-0.48717948717948717,-0.1794871794871795,-0.6923076923076923,-0.1794871794871795,-0.8141025641025641,-0.17307692307692307,-0.9230769230769231,-0.08974358974358974,-0.5064102564102564,-0.09615384615384616,-0.7371794871794872,-0.09615384615384616,-0.8846153846153846,-0.08974358974358974,-1.0,0.0,-0.48717948717948717,-0.00641025641025641,-0.7051282051282052,-0.00641025641025641,-0.8333333333333334,-0.00641025641025641,-0.9423076923076923,0.08974358974358974,-0.4358974358974359,0.08974358974358974,-0.5961538461538461,0.08974358974358974,-0.7051282051282052,0.08333333333333333,-0.8012820512820513
5,0.0,0.0,-0.14375,-0.08125,-0.225,-0.24375,-0.18125,-0.39375,-0.09375,-0.475,-0.18125,-0.4875,-0.18125,-0.6875,-0.18125,-0.8125,-0.16875,-0.91875,-0.09375,-0.50625,-0.09375,-0.7375,-0.0875,-0.88125,-0.08125,-1.0,0.0,-0.48125,0.0,-0.7,0.0,-0.83125,0.00625,-0.94375,0.0875,-0.43125,0.09375,-0.59375,0.09375,-0.7,0.0875,-0.79375
5,0.0,0.0,-0.14124293785310735,-0.07909604519774012,-0.21468926553672316,-0.2542372881355932,-0.1638418079096045,-0.4067796610169492,-0.05649717514124294,-0.4689265536723164,-0.1751412429378531,-0.4689265536723164,-0.1751412429378531,-0.6836158192090396,-0.1694915254237288,-0.8135593220338984,-0.15254237288135594,-0.9209039548022598,-0.07909604519774012,-0.4915254237288136,-0.07909604519774012,-0.7231638418079096,-0.07344632768361582,-0.8757062146892656,-0.062146892655367235,-1.0,0.011299435028248588,-0.4689265536723164,0.011299435028248588,-0.6949152542372882,0.011299435028248588,-0.8305084745762712,0.011299435028248588,-0.9378531073446328,0.1016949152542373,-0.4180790960451977,0.11299435028248588,-0.5932203389830508,0.11299435028248588,-0.7005649717514124,0.11299435028248588,-0.7909604519774012
5,0.0,0.0,-0.13978494623655913,-0.0967741935483871,-0.20967741935483872,-0.26344086021505375,-0.15591397849462366,-0.4032258064516129,-0.04838709677419355,-0.478494623655914,-0.16666666666666666,-0.4838709677419355,-0.16129032258064516,-0.6881720430107527,-0.15053763440860216,-0.8172043010752689,-0.13440860215053763,-0.9247311827956989,-0.07526881720430108,-0.4946236559139785,-0.06451612903225806,-0.7311827956989247,-0.053763440860215055,-0.8763440860215054,-0.043010752688172046,-1.0,0.016129032258064516,-0.4731182795698925,0.026881720430107527,-0.6935483870967742,0.026881720430107527,-0.8279569892473119,0.03225806451612903,-0.9408602150537635,0.10752688172043011,-0.41935483870967744,0.11827956989247312,-0.5860215053763441,0.11827956989247312,-0.6989247311827957,0.11827956989247312,-0.7903225806451613
5,0.0,0.0,-0.14358974358974358,-0.1076923076923077,-0.2,-0.27692307692307694,-0.1282051282051282,-0.4205128205128205,-0.02564102564102564,-0.48205128205128206,-0.15897435897435896,-0.47692307692307695,-0.14871794871794872,-0.6974358974358974,-0.13846153846153847,-0.8256410256410256,-0.11794871794871795,-0.9282051282051282,-0.06666666666666667,-0.49743589743589745,-0.05641025641025641,-0.7384615384615385,-0.041025641025641026,-0.882051282051282,-0.03076923076923077,-1.0,0.015384615384615385,-0.4717948717948718,0.03076923076923077,-0.6974358974358974,0.035897435897435895,-0.8307692307692308,0.041025641025641026,-0.9384615384615385,0.11282051282051282,-0.4153846153846154,0.12307692307692308,-0.5948717948717949,0.1282051282051282,-0.7025641025641025,0.1282051282051282,-0.7897435897435897
5,0.0,0.0,-0.13930348258706468,-0.12437810945273632,-0.19402985074626866,-0.27860696517412936,-0.13432835820895522,-0.42786069651741293,-0.024875621890547265,-0.48756218905472637,-0.13930348258706468,-0.4925373134328358,-0.12437810945273632,-0.7064676616915423,-0.10945273631840796,-0.8258706467661692,-0.08955223880597014,-0.9303482587064676,-0.04477611940298507,-0.5124378109452736,-0.029850746268656716,-0.746268656716418,-0.009950248756218905,-0.8805970149253731,0.0,-1.0,0.03482587064676617,-0.48258706467661694,0.05970149253731343,-0.7014925373134329,0.06965174129353234,-0.8308457711442786,0.07960199004975124,-0.9402985074626866,0.12437810945273632,-0.4129353233830846,0.13930348258706468,-0.5920398009950248,0.14427860696517414,-0.6965174129353234,0.14427860696517414,-0.7860696517412935
5,0.0,0.0,-0.13725490196078433,-0.11764705882352941,-0.19117647058823528,-0.27450980392156865,-0.1323529411764706,-0.4264705882352941,-0.0196078431372549,-0.4852941176470588,-0.14215686274509803,-0.49019607843137253,-0.1323529411764706,-0.7009803921568627,-0.11764705882352941,-0.8235294117647058,-0.09803921568627451,-0.9264705882352942,-0.049019607843137254,-0.5098039215686274,-0.03431372549019608,-0.7450980392156863,-0.014705882352941176,-0.8774509803921569,-0.004901960784313725,-1.0,0.024509803921568627,-0.4803921568627451,0.049019607843137254,-0.7009803921568627,0.058823529411764705,-0.8284313725490197,0.06862745098039216,-0.9362745098039216,0.11764705882352941,-0.4166666666666667,0.12745098039215685,-0.5882352941176471,0.13725490196078433,-0.6911764705882353,0.13725490196078433,-0.7794117647058824
6,0.0,0.0,-0.08035714285714286,-0.14732142857142858,-0.09375,-0.32142857142857145,-0.022321428571428572,-0.4419642857142857,0.05803571428571429,-0.5267857142857143,-0.07589285714285714,-0.5401785714285714,-0.026785714285714284,-0.75,0.013392857142857142,-0.8839285714285714,0.04017857142857143,-1.0,0.008928571428571428,-0.49107142857142855,0.08482142857142858,-0.6383928571428571,0.05803571428571429,-0.5357142857142857,0.013392857142857142,-0.4375,0.08928571428571429,-0.41517857142857145,0.13839285714285715,-0.5401785714285714,0.08035714285714286,-0.4330357142857143,0.026785714285714284,-0.3482142857142857,0.15625,-0.3169642857142857,0.1875,-0.42410714285714285,0.125,-0.35714285714285715,0.07142857142857142,-0.29017857142857145
6,0.0,0.0,-0.09417040358744394,-0.13901345291479822,-0.11659192825112108,-0.3094170403587444,-0.04035874439461883,-0.43946188340807174,0.03587443946188341,-0.5381165919282511,-0.08520179372197309,-0.547085201793722,-0.04035874439461883,-0.7533632286995515,-0.004484304932735426,-0.8878923766816144,0.026905829596412557,-1.0,0.008968609865470852,-0.5022421524663677,0.06278026905829596,-0.6681614349775785,0.04035874439461883,-0.57847533632287,0.008968609865470852,-0.48878923766816146,0.08520179372197309,-0.4304932735426009,0.11659192825112108,-0.5560538116591929,0.04484304932735426,-0.43946188340807174,-0.004484304932735426,-0.34977578475336324,0.14798206278026907,-0.33183856502242154,0.15246636771300448,-0.43946188340807174,0.07623318385650224,-0.3721973094170404,0.017937219730941704,-0.31390134529147984
6,0.0,0.0,-0.10176991150442478,-0.14601769911504425,-0.12831858407079647,-0.3274336283185841,-0.04424778761061947,-0.46017699115044247,0.048672566371681415,-0.5619469026548672,-0.0752212389380531,-0.5353982300884956,-0.048672566371681415,-0.7477876106194691,-0.022123893805309734,-0.8849557522123894,0.004424778761061947,-1.0,0.022123893805309734,-0.49557522123893805,0.05309734513274336,-0.6548672566371682,0.035398230088495575,-0.5707964601769911,0.022123893805309734,-0.5,0.10619469026548672,-0.42920353982300885,0.10619469026548672,-0.5353982300884956,0.035398230088495575,-0.415929203539823,0.0,-0.336283185840708,0.168141592920354,-0.33185840707964603,0.1504424778761062,-0.4336283185840708,0.07964601769911504,-0.3584070796460177,0.035398230088495575,-0.3008849557522124
6,0.0,0.0,-0.1095890410958904,-0.1461187214611872,-0.1461187214611872,-0.3242009132420091,-0.0684931506849315,-0.4748858447488584,0.0182648401826484,-0.593607305936073,-0.1187214611872146,-0.547945205479452,-0.1004566210045662,-0.7442922374429224,-0.0776255707762557,-0.8767123287671232,-0.045662100456621,-0.9863013698630136,-0.0228310502283105,-0.5205479452054794,-0.0365296803652968,-0.7625570776255708,-0.0547945205479452,-0.8904109589041096,-0.0547945205479452,-1.0,0.0684931506849315,-0.4520547945205479,0.0730593607305936,-0.5844748858447488,0.0,-0.4703196347031963,-0.0365296803652968,-0.3789954337899543,0.1415525114155251,-0.3607305936073059,0.1095890410958904,-0.45662100456621,0.0410958904109589,-0.3835616438356164,0.0,-0.3287671232876712
6,0.0,0.0,-0.12556053811659193,-0.12556053811659193,-0.17488789237668162,-0.3094170403587444,-0.1031390134529148,-0.45739910313901344,-0.02242152466367713,-0.5739910313901345,-0.15246636771300448,-0.5291479820627802,-0.13452914798206278,-0.726457399103139,-0.11659192825112108,-0.8565022421524664,-0.09865470852017937,-0.968609865470852,-0.06726457399103139,-0.5201793721973094,-0.08968609865470852,-0.7488789237668162,-0.11210762331838565,-0.8834080717488789,-0.1210762331838565,-1.0,0.013452914798206279,-0.45739910313901344,0.026905829596412557,-0.600896860986547,-0.02242152466367713,-0.4798206278026906,-0.053811659192825115,-0.3901345291479821,0.09417040358744394,-0.36771300448430494,0.07623318385650224,-0.45739910313901344,0.026905829596412557,-0.3811659192825112,-0.004484304932735426,-0.32286995515695066
6,0.0,0.0,-0.15023474178403756,-0.14084507042253522,-0.215962441314554,-0.323943661971831,-0.15492957746478872,-0.4788732394366197,-0.07042253521126761,-0.596244131455399,-0.17370892018779344,-0.5211267605633803,-0.18779342723004694,-0.7183098591549296,-0.18309859154929578,-0.8497652582159625,-0.1643192488262911,-0.9577464788732394,-0.07981220657276995,-0.5164319248826291,-0.12206572769953052,-0.7511737089201878,-0.15492957746478872,-0.8873239436619719,-0.17370892018779344,-1.0,0.014084507042253521,-0.4647887323943662,-0.023474178403755867,-0.596244131455399,-0.07981220657276995,-0.4647887323943662,-0.09859154929577464,-0.3615023474178404,0.09859154929577464,-0.38028169014084506,0.03755868544600939,-0.4694835680751174,-0.028169014084507043,-0.3755868544600939,-0.06103286384976526,-0.29577464788732394
6,0.0,0.0,-0.13953488372093023,-0.12558139534883722,-0.2,-0.30697674418604654,-0.13488372093023257,-0.4558139534883721,-0.05581395348837209,-0.5674418604651162,-0.16279069767441862,-0.5069767441860465,-0.15813953488372093,-0.7069767441860465,-0.14418604651162792,-0.8372093023255814,-0.12558139534883722,-0.9534883720930233,-0.07906976744186046,-0.5023255813953489,-0.11162790697674418,-0.7395348837209302,-0.13953488372093023,-0.8790697674418605,-0.15348837209302327,-1.0,0.013953488372093023,-0.4558139534883721,-0.009302325581395349,-0.5906976744186047,-0.06046511627906977,-0.4604651162790698,-0.08837209302325581,-0.3581395348837209,0.09302325581395349,-0.37209302325581395,0.04186046511627907,-0.4511627906976744,-0.018604651162790697,-0.3627906976744186,-0.046511627906976744,-0.2930232558139535
6,0.0,0.0,-0.11904761904761904,-0.1380952380952381,-0.15714285714285714,-0.32857142857142857,-0.09047619047619047,-0.4857142857142857,-0.004761904761904762,-0.6047619047619047,-0.12857142857142856,-0.5285714285714286,-0.13333333333333333,-0.7380952380952381,-0.11904761904761904,-0.8809523809523809,-0.10476190476190476,-0.9952380952380953,-0.03333333333333333,-0.5047619047619047,-0.05714285714285714,-0.7476190476190476,-0.09047619047619047,-0.8857142857142857,-0.10476190476190476,-1.0,0.06190476190476191,-0.44761904761904764,0.05238095238095238,-0.5666666666666667,-0.023809523809523808,-0.44285714285714284,-0.05714285714285714,-0.3523809523809524,0.14285714285714285,-0.35714285714285715,0.10476190476190476,-0.45714285714285713,0.03333333333333333,-0.37142857142857144,-0.004761904761904762,-0.3
6,0.0,0.0,-0.1031390134529148,-0.14798206278026907,-0.13004484304932734,-0.336322869955157,-0.04035874439461883,-0.47085201793721976,0.06278026905829596,-0.5605381165919282,-0.06726457399103139,-0.5246636771300448,-0.04035874439461883,-0.7399103139013453,-0.004484304932735426,-0.8789237668161435,0.017937219730941704,-1.0,0.02242152466367713,-0.49327354260089684,0.06278026905829596,-0.6681614349775785,0.04035874439461883,-0.6233183856502242,0.03139013452914798,-0.57847533632287,0.10762331838565023,-0.42152466367713004,0.1210762331838565,-0.547085201793722,0.03587443946188341,-0.4304932735426009,-0.004484304932735426,-0.34080717488789236,0.17488789237668162,-0.32286995515695066,0.16591928251121077,-0.4439461883408072,0.08520179372197309,-0.3632286995515695,0.04035874439461883,-0.2914798206278027
6,0.0,0.0,-0.07964601769911504,-0.1592920353982301,-0.07964601769911504,-0.3495575221238938,0.02654867256637168,-0.4646017699115044,0.13716814159292035,-0.5353982300884956,0.01327433628318584,-0.5398230088495575,0.06637168141592921,-0.7477876106194691,0.11504424778761062,-0.8849557522123894,0.1504424778761062,-1.0,0.10176991150442478,-0.4911504424778761,0.15486725663716813,-0.6637168141592921,0.10176991150442478,-0.5707964601769911,0.06637168141592921,-0.4823008849557522,0.17256637168141592,-0.40707964601769914,0.19469026548672566,-0.5309734513274337,0.09734513274336283,-0.42035398230088494,0.048672566371681415,-0.3407079646017699,0.22566371681415928,-0.29646017699115046,0.22123893805309736,-0.41150442477876104,0.13274336283185842,-0.34513274336283184,0.0752212389380531,-0.28761061946902655
6,0.0,0.0,-0.07906976744186046,-0.16279069767441862,-0.09302325581395349,-0.3488372093023256,0.004651162790697674,-0.4744186046511628,0.10697674418604651,-0.5581395348837209,-0.018604651162790697,-0.5627906976744186,0.03255813953488372,-0.7627906976744186,0.07441860465116279,-0.8930232558139535,0.11162790697674418,-1.0,0.07441860465116279,-0.5069767441860465,0.12093023255813953,-0.6465116279069767,0.07441860465116279,-0.5674418604651162,0.037209302325581395,-0.4883720930232558,0.14883720930232558,-0.4232558139534884,0.17209302325581396,-0.5302325581395348,0.08372093023255814,-0.4232558139534884,0.027906976744186046,-0.3488372093023256,0.20465116279069767,-0.3116279069767442,0.20465116279069767,-0.40930232558139534,0.11627906976744186,-0.3488372093023256,0.06046511627906977,-0.2930232558139535
6,0.0,0.0,-0.10185185185185185,-0.1574074074074074,-0.11574074074074074,-0.3425925925925926,-0.013888888888888888,-0.46296296296296297,0.08333333333333333,-0.5462962962962963,-0.041666666666666664,-0.5324074074074074,0.0,-0.7268518518518519,0.037037037037037035,-0.8518518518518519,0.06944444444444445,-0.9583333333333334,0.041666666666666664,-0.5046296296296297,0.06018518518518518,-0.75,0.05555555555555555,-0.8842592592592593,0.06481481481481481,-1.0,0.11574074074074074,-0.4351851851851852,0.125,-0.5787037037037037,0.046296296296296294,-0.4675925925925926,0.0,-0.375,0.18055555555555555,-0.3287037037037037,0.16203703703703703,-0.4351851851851852,0.0787037037037037,-0.36574074074074076,0.027777777777777776,-0.30092592592592593
6,0.0,0.0,-0.11570247933884298,-0.12396694214876033,-0.1446280991735537,-0.3140495867768595,-0.05371900826446281,-0.45454545454545453,0.05785123966942149,-0.5495867768595041,-0.05371900826446281,-0.5206611570247934,-0.01652892561983471,-0.7355371900826446,0.02066115702479339,-0.8801652892561983,0.049586776859504134,-1.0,0.05371900826446281,-0.49173553719008267,0.09090909090909091,-0.6694214876033058,0.07024793388429752,-0.640495867768595,0.05785123966942149,-0.6157024793388429,0.1446280991735537,-0.4214876033057851,0.128099173553719,-0.5330578512396694,0.028925619834710745,-0.4132231404958678,-0.01652892561983471,-0.3305785123966942,0.21487603305785125,-0.32644628099173556,0.16115702479338842,-0.4090909090909091,0.05785123966942149,-0.3347107438016529,0.008264462809917356,-0.2809917355371901
6,0.0,0.0,-0.11284046692607004,-0.11284046692607004,-0.14396887159533073,-0.311284046692607,-0.04669260700389105,-0.45136186770428016,0.07003891050583658,-0.5447470817120622,-0.042801556420233464,-0.5214007782101168,-0.007782101167315175,-0.7354085603112841,0.027237354085603113,-0.8793774319066148,0.054474708171206226,-1.0,0.07003891050583658,-0.48638132295719844,0.09727626459143969,-0.6536964980544747,0.042801556420233464,-0.5719844357976653,0.007782101167315175,-0.49416342412451364,0.1556420233463035,-0.4163424124513619,0.14785992217898833,-0.5369649805447471,0.04669260700389105,-0.4163424124513619,0.0,-0.3346303501945525,0.2178988326848249,-0.31906614785992216,0.17509727626459143,-0.4085603112840467,0.08171206225680934,-0.3463035019455253,0.03501945525291829,-0.29961089494163423
6,0.0,0.0,-0.11870503597122302,-0.12589928057553956,-0.1510791366906475,-0.3129496402877698,-0.06474820143884892,-0.4460431654676259,0.039568345323741004,-0.5431654676258992,-0.05755395683453238,-0.5287769784172662,-0.025179856115107913,-0.7446043165467626,0.0035971223021582736,-0.8848920863309353,0.03597122302158273,-1.0,0.046762589928057555,-0.4856115107913669,0.08273381294964029,-0.6510791366906474,0.02877697841726619,-0.5575539568345323,-0.0035971223021582736,-0.46402877697841727,0.13309352517985612,-0.4136690647482014,0.12589928057553956,-0.5287769784172662,0.025179856115107913,-0.4028776978417266,-0.017985611510791366,-0.31654676258992803,0.19424460431654678,-0.32014388489208634,0.15467625899280577,-0.4136690647482014,0.05755395683453238,-0.3381294964028777,0.014388489208633094,-0.2733812949640288
6,0.0,0.0,-0.13712374581939799,-0.12709030100334448,-0.19063545150501673,-0.3177257525083612,-0.09698996655518395,-0.4682274247491639,0.016722408026755852,-0.5819397993311036,-0.12374581939799331,-0.5217391304347826,-0.10702341137123746,-0.7357859531772575,-0.07692307692307693,-0.882943143812709,-0.046822742474916385,-1.0,-0.013377926421404682,-0.5083612040133779,-0.0033444816053511705,-0.7424749163879598,-0.016722408026755852,-0.8461538461538461,-0.020066889632107024,-0.9297658862876255,0.08361204013377926,-0.44481605351170567,0.07357859531772576,-0.5819397993311036,-0.0033444816053511705,-0.45819397993311034,-0.04013377926421405,-0.36789297658862874,0.16387959866220736,-0.3511705685618729,0.13377926421404682,-0.451505016722408,0.06020066889632107,-0.40468227424749165,0.016722408026755852,-0.36454849498327757
6,0.0,0.0,-0.10377358490566038,-0.13522012578616352,-0.14465408805031446,-0.31446540880503143,-0.07232704402515723,-0.4591194968553459,0.009433962264150943,-0.5786163522012578,-0.1289308176100629,-0.5188679245283019,-0.10377358490566038,-0.720125786163522,-0.07547169811320754,-0.8553459119496856,-0.0440251572327044,-0.9716981132075472,-0.04716981132075472,-0.5094339622641509,-0.059748427672955975,-0.7421383647798742,-0.0660377358490566,-0.8773584905660378,-0.0660377358490566,-1.0,0.03773584905660377,-0.449685534591195,0.04716981132075472,-0.5754716981132075,-0.006289308176100629,-0.44654088050314467,-0.04716981132075472,-0.3522012578616352,0.11635220125786164,-0.3553459119496855,0.09433962264150944,-0.4339622641509434,0.03773584905660377,-0.3742138364779874,-0.006289308176100629,-0.3333333333333333
6,0.0,0.0,-0.047619047619047616,-0.25396825396825395,-0.07936507936507936,-0.5026455026455027,-0.005291005291005291,-0.6931216931216931,0.10582010582010581,-0.8412698412698413,-0.2804232804232804,-0.5502645502645502,-0.1693121693121693,-0.7513227513227513,-0.047619047619047616,-0.8783068783068783,0.05291005291005291,-0.9788359788359788,-0.24338624338624337,-0.48677248677248675,-0.15343915343915343,-0.7513227513227513,-0.037037037037037035,-0.8941798941798942,0.06349206349206349,-1.0,-0.1693121693121693,-0.3968253968253968,-0.10052910052910052,-0.6507936507936508,-0.005291005291005291,-0.7883597883597884,0.07936507936507936,-0.8888888888888888,-0.06349206349206349,-0.291005291005291,0.0,-0.48148148148148145,0.07407407407407407,-0.6031746031746031,0.14285714285714285,-0.7037037037037037
6,0.0,0.0,0.057692307692307696,-0.21474358974358973,0.038461538461538464,-0.38461538461538464,0.009615384615384616,-0.5032051282051282,-0.003205128205128205,-0.6121794871794872,-0.11538461538461539,-0.5480769230769231,-0.09935897435897435,-0.7435897435897436,-0.09294871794871795,-0.8782051282051282,-0.08012820512820513,-1.0,-0.14102564102564102,-0.4807692307692308,-0.1282051282051282,-0.7083333333333334,-0.10897435897435898,-0.8653846153846154,-0.08974358974358974,-1.0,-0.14102564102564102,-0.375,-0.057692307692307696,-0.5480769230769231,-0.016025641025641024,-0.5256410256410257,-0.009615384615384616,-0.4967948717948718,-0.125,-0.24358974358974358,-0.05128205128205128,-0.3685897435897436,-0.003205128205128205,-0.4230769230769231,0.019230769230769232,-0.4583333333333333
6,0.0,0.0,-0.1482758620689655,-0.1310344827586207,-0.19310344827586207,-0.3103448275862069,-0.0896551724137931,-0.43103448275862066,0.010344827586206896,-0.5344827586206896,-0.13793103448275862,-0.5448275862068965,-0.11724137931034483,-0.7275862068965517,-0.09310344827586207,-0.8517241379310345,-0.07241379310344828,-0.9620689655172414,-0.03793103448275862,-0.5379310344827586,-0.06551724137931035,-0.7620689655172413,-0.08275862068965517,-0.8931034482758621,-0.09310344827586207,-1.0,0.05517241379310345,-0.47586206896551725,0.04482758620689655,-0.5620689655172414,-0.017241379310344827,-0.43103448275862066,-0.06206896551724138,-0.3448275862068966,0.13793103448275862,-0.3793103448275862,0.10344827586206896,-0.41379310344827586,0.034482758620689655,-0.3413793103448276,-0.020689655172413793,-0.29310344827586204
6,0.0,0.0,-0.13738019169329074,-0.11182108626198083,-0.1853035143769968,-0.28115015974440893,-0.08626198083067092,-0.402555910543131,0.012779552715654952,-0.5015974440894568,-0.12140575079872204,-0.5111821086261981,-0.09584664536741214,-0.6996805111821086,-0.07348242811501597,-0.8306709265175719,-0.054313099041533544,-0.939297124600639,-0.025559105431309903,-0.5047923322683706,-0.04472843450479233,-0.7348242811501597,-0.0670926517571885,-0.8817891373801917,-0.08306709265175719,-1.0,0.0670926517571885,-0.43769968051118213,0.04472843450479233,-0.5399361022364217,-0.019169329073482427,-0.4057507987220447,-0.06070287539936102,-0.31309904153354634,0.14376996805111822,-0.3354632587859425,0.0926517571884984,-0.3801916932907348,0.01597444089456869,-0.30990415335463256,-0.03514376996805112,-0.26517571884984026
6,0.0,0.0,-0.13924050632911392,-0.12341772151898735,-0.18354430379746836,-0.31329113924050633,-0.08860759493670886,-0.4651898734177215,0.00949367088607595,-0.5727848101265823,-0.10443037974683544,-0.5253164556962026,-0.08860759493670886,-0.7341772151898734,-0.06329113924050633,-0.8765822784810127,-0.04746835443037975,-1.0,0.0,-0.5031645569620253,0.006329113924050633,-0.6550632911392406,-0.0189873417721519,-0.5791139240506329,-0.0379746835443038,-0.509493670886076,0.08860759493670886,-0.4462025316455696,0.06962025316455696,-0.5379746835443038,-0.006329113924050633,-0.41455696202531644,-0.05379746835443038,-0.3291139240506329,0.15822784810126583,-0.3575949367088608,0.11708860759493671,-0.4240506329113924,0.028481012658227847,-0.35443037974683544,-0.02531645569620253,-0.30063291139240506
6,0.0,0.0,-0.12844036697247707,-0.13761467889908258,-0.1620795107033639,-0.308868501529052,-0.06116207951070336,-0.43730886850152906,0.04281345565749235,-0.5229357798165137,-0.10397553516819572,-0.5321100917431193,-0.07951070336391437,-0.7125382262996942,-0.05504587155963303,-0.8440366972477065,-0.027522935779816515,-0.9510703363914373,-0.01529051987767584,-0.5107033639143731,-0.024464831804281346,-0.7431192660550459,-0.045871559633027525,-0.8807339449541285,-0.05198776758409786,-1.0,0.07339449541284404,-0.4434250764525994,0.07033639143730887,-0.5626911314984709,0.0,-0.43119266055045874,-0.039755351681957186,-0.3425076452599388,0.14678899082568808,-0.3425076452599388,0.11314984709480122,-0.41590214067278286,0.039755351681957186,-0.3333333333333333,-0.0061162079510703364,-0.27522935779816515
6,0.0,0.0,-0.003246753246753247,-0.17207792207792208,-0.006493506493506494,-0.36363636363636365,0.02922077922077922,-0.5097402597402597,0.07142857142857142,-0.6038961038961039,-0.08441558441558442,-0.5454545454545454,-0.03571428571428571,-0.7467532467532467,0.00974025974025974,-0.8831168831168831,0.048701298701298704,-1.0,-0.04220779220779221,-0.5032467532467533,0.00974025974025974,-0.711038961038961,0.032467532467532464,-0.6428571428571429,0.03571428571428571,-0.5811688311688312,0.00974025974025974,-0.42857142857142855,0.08766233766233766,-0.5941558441558441,0.07792207792207792,-0.4707792207792208,0.04220779220779221,-0.38311688311688313,0.06818181818181818,-0.33116883116883117,0.1331168831168831,-0.461038961038961,0.10714285714285714,-0.39285714285714285,0.06818181818181818,-0.32792207792207795
6,0.0,0.0,-0.061016949152542375,-0.15254237288135594,-0.07796610169491526,-0.3288135593220339,-0.01694915254237288,-0.4610169491525424,0.03728813559322034,-0.5627118644067797,-0.08813559322033898,-0.5423728813559322,-0.05084745762711865,-0.7186440677966102,-0.020338983050847456,-0.8338983050847457,0.006779661016949152,-0.9355932203389831,-0.03389830508474576,-0.5254237288135594,-0.023728813559322035,-0.7491525423728813,-0.020338983050847456,-0.8813559322033898,-0.010169491525423728,-1.0,0.023728813559322035,-0.4542372881355932,0.0847457627118644,-0.6067796610169491,0.04067796610169491,-0.48135593220338985,0.0,-0.3898305084745763,0.08135593220338982,-0.3525423728813559,0.1152542372881356,-0.4542372881355932,0.06440677966101695,-0.376271186440678,0.01694915254237288,-0.31864406779661014
6,0.0,0.0,-0.099644128113879,-0.15658362989323843,-0.12099644128113879,-0.3309608540925267,-0.03558718861209965,-0.4697508896797153,0.06405693950177936,-0.5729537366548043,-0.08185053380782918,-0.5338078291814946,-0.05693950177935943,-0.7259786476868327,-0.02491103202846975,-0.8540925266903915,0.0,-0.9608540925266904,0.0035587188612099642,-0.505338078291815,-0.0035587188612099642,-0.7544483985765125,-0.010676156583629894,-0.8896797153024911,-0.010676156583629894,-1.0,0.08540925266903915,-0.4306049822064057,0.10676156583629894,-0.5516014234875445,0.042704626334519574,-0.4306049822064057,-0.0035587188612099642,-0.3487544483985765,0.1494661921708185,-0.3274021352313167,0.1494661921708185,-0.4234875444839858,0.08540925266903915,-0.33451957295373663,0.03914590747330961,-0.2704626334519573
6,0.0,0.0,-0.057971014492753624,-0.17391304347826086,-0.08695652173913043,-0.3442028985507246,-0.043478260869565216,-0.47101449275362317,0.010869565217391304,-0.5579710144927537,-0.12318840579710146,-0.5362318840579711,-0.10507246376811594,-0.7463768115942029,-0.07971014492753623,-0.8840579710144928,-0.06159420289855073,-1.0,-0.06521739130434782,-0.4927536231884058,0.0036231884057971015,-0.6268115942028986,0.010869565217391304,-0.5434782608695652,-0.0036231884057971015,-0.47101449275362317,0.0,-0.42028985507246375,0.057971014492753624,-0.5362318840579711,0.03260869565217391,-0.4384057971014493,-0.0036231884057971015,-0.36231884057971014,0.057971014492753624,-0.32971014492753625,0.10507246376811594,-0.43478260869565216,0.07246376811594203,-0.3695652173913043,0.036231884057971016,-0.3079710144927536
6,0.0,0.0,0.04435483870967742,-0.22580645161290322,0.024193548387096774,-0.39919354838709675,0.0,-0.5241935483870968,-0.008064516129032258,-0.6370967741935484,-0.14516129032258066,-0.5483870967741935,-0.11290322580645161,-0.7419354838709677,-0.0846774193548387,-0.875,-0.06451612903225806,-0.9879032258064516,-0.14919354838709678,-0.49193548387096775,-0.10887096774193548,-0.7258064516129032,-0.08870967741935484,-0.875,-0.06854838709677419,-1.0,-0.12903225806451613,-0.39919354838709675,-0.028225806451612902,-0.5604838709677419,0.004032258064516129,-0.5040322580645161,0.004032258064516129,-0.4435483870967742,-0.0967741935483871,-0.2903225806451613,-0.020161290322580645,-0.4112903225806452,0.020161290322580645,-0.42338709677419356,0.03225806451612903,-0.41935483870967744
6,0.0,0.0,-0.03361344537815126,-0.23529411764705882,-0.01680672268907563,-0.5210084033613446,0.058823529411764705,-0.7394957983193278,0.15126050420168066,-0.907563025210084,-0.21008403361344538,-0.5294117647058824,-0.11764705882352941,-0.7478991596638656,0.0,-0.8991596638655462,0.1092436974789916,-1.0,-0.20168067226890757,-0.47058823529411764,-0.08403361344537816,-0.7310924369747899,0.04201680672268908,-0.865546218487395,0.15126050420168066,-0.957983193277311,-0.14285714285714285,-0.3949579831932773,-0.03361344537815126,-0.6386554621848739,0.09243697478991597,-0.7647058823529411,0.20168067226890757,-0.8571428571428571,-0.04201680672268908,-0.3025210084033613,0.07563025210084033,-0.48739495798319327,0.17647058823529413,-0.5966386554621849,0.2689075630252101,-0.680672268907563
6,0.0,0.0,-0.0330188679245283,-0.19811320754716982,-0.05188679245283019,-0.3632075471698113,-0.02830188679245283,-0.4858490566037736,0.018867924528301886,-0.5849056603773585,-0.12264150943396226,-0.5707547169811321,-0.08490566037735849,-0.75,-0.06132075471698113,-0.8726415094339622,-0.03773584905660377,-0.9811320754716981,-0.08490566037735849,-0.5377358490566038,-0.0660377358490566,-0.7547169811320755,-0.06132075471698113,-0.8867924528301887,-0.05660377358490566,-1.0,-0.04716981132075472,-0.46226415094339623,0.018867924528301886,-0.5990566037735849,0.014150943396226415,-0.5047169811320755,-0.0047169811320754715,-0.42452830188679247,0.0,-0.3632075471698113,0.04716981132075472,-0.4528301886792453,0.04245283018867924,-0.4056603773584906,0.02358490566037736,-0.37264150943396224
6,0.0,0.0,0.04065040650406504,-0.21138211382113822,0.056910569105691054,-0.45528455284552843,0.13008130081300814,-0.6341463414634146,0.22764227642276422,-0.7642276422764228,-0.10569105691056911,-0.5528455284552846,-0.04065040650406504,-0.7723577235772358,0.08130081300813008,-0.9105691056910569,0.18699186991869918,-1.0,-0.10569105691056911,-0.4959349593495935,-0.016260162601626018,-0.7317073170731707,0.13008130081300814,-0.8455284552845529,0.2601626016260163,-0.9186991869918699,-0.056910569105691054,-0.4146341463414634,0.04878048780487805,-0.6178861788617886,0.17886178861788618,-0.7317073170731707,0.3008130081300813,-0.8130081300813008,0.016260162601626018,-0.3252032520325203,0.12195121951219512,-0.4715447154471545,0.22764227642276422,-0.5691056910569106,0.3252032520325203,-0.6341463414634146
6,0.0,0.0,-0.08040201005025126,-0.17587939698492464,-0.08040201005025126,-0.35175879396984927,0.0,-0.47738693467336685,0.07537688442211055,-0.5477386934673367,-0.07537688442211055,-0.5728643216080402,-0.03015075376884422,-0.7537688442211056,0.005025125628140704,-0.8693467336683417,0.04522613065326633,-0.9698492462311558,-0.005025125628140704,-0.5376884422110553,0.010050251256281407,-0.7587939698492462,0.01507537688442211,-0.8894472361809045,0.03015075376884422,-1.0,0.05527638190954774,-0.4623115577889447,0.10050251256281408,-0.5879396984924623,0.05025125628140704,-0.4824120603015075,0.010050251256281407,-0.3969849246231156,0.10552763819095477,-0.35678391959798994,0.12562814070351758,-0.44221105527638194,0.08040201005025126,-0.39195979899497485,0.05025125628140704,-0.3417085427135678
6,0.0,0.0,-0.047244094488188976,-0.2125984251968504,-0.05511811023622047,-0.44881889763779526,0.05511811023622047,-0.6377952755905512,0.18110236220472442,-0.7559055118110236,-0.11811023622047244,-0.5826771653543307,-0.06299212598425197,-0.7795275590551181,0.031496062992125984,-0.905511811023622,0.13385826771653545,-1.0,-0.08661417322834646,-0.5433070866141733,-0.015748031496062992,-0.7480314960629921,0.08661417322834646,-0.8661417322834646,0.1968503937007874,-0.968503937007874,-0.031496062992125984,-0.4645669291338583,0.05511811023622047,-0.6377952755905512,0.15748031496062992,-0.7401574803149606,0.2677165354330709,-0.8110236220472441,0.03937007874015748,-0.3779527559055118,0.11811023622047244,-0.5039370078740157,0.2125984251968504,-0.5826771653543307,0.30708661417322836,-0.6614173228346457
6,0.0,0.0,-0.07853403141361257,-0.16753926701570682,-0.08900523560209424,-0.33507853403141363,-0.015706806282722512,-0.4712041884816754,0.07329842931937172,-0.5654450261780105,-0.05759162303664921,-0.5602094240837696,-0.020942408376963352,-0.743455497382199,0.015706806282722512,-0.8691099476439791,0.05235602094240838,-0.9738219895287958,0.015706806282722512,-0.5287958115183246,0.03664921465968586,-0.7539267015706806,0.041884816753926704,-0.8848167539267016,0.05235602094240838,-1.0,0.08376963350785341,-0.45549738219895286,0.11518324607329843,-0.5863874345549738,0.05235602094240838,-0.4712041884816754,0.010471204188481676,-0.38219895287958117,0.14136125654450263,-0.3507853403141361,0.14659685863874344,-0.4397905759162304,0.08376963350785341,-0.36649214659685864,0.041884816753926704,-0.29842931937172773
6,0.0,0.0,-0.12162162162162163,-0.16891891891891891,-0.13513513513513514,-0.3783783783783784,-0.006756756756756757,-0.5405405405405406,0.12837837837837837,-0.6486486486486487,-0.10135135135135136,-0.5608108108108109,-0.06756756756756757,-0.7364864864864865,-0.02702702702702703,-0.8851351351351351,0.013513513513513514,-1.0,0.033783783783783786,-0.5202702702702703,0.10135135135135136,-0.668918918918919,0.10135135135135136,-0.668918918918919,0.0945945945945946,-0.6486486486486487,0.1554054054054054,-0.4527027027027027,0.1891891891891892,-0.5608108108108109,0.0945945945945946,-0.47297297297297297,0.033783783783783786,-0.3918918918918919,0.24324324324324326,-0.3581081081081081,0.22972972972972974,-0.4527027027027027,0.14864864864864866,-0.4189189189189189,0.07432432432432433,-0.38513513513513514
6,0.0,0.0,-0.0972972972972973,-0.14594594594594595,-0.11891891891891893,-0.31351351351351353,-0.021621621621621623,-0.43783783783783786,0.08648648648648649,-0.5297297297297298,-0.05405405405405406,-0.5513513513513514,-0.010810810810810811,-0.7513513513513513,0.03783783783783784,-0.8864864864864865,0.08108108108108109,-1.0,0.043243243243243246,-0.518918918918919,0.07567567567567568,-0.7297297297297297,0.07027027027027027,-0.8324324324324325,0.07027027027027027,-0.918918918918919,0.12432432432432433,-0.44324324324324327,0.13513513513513514,-0.5621621621621622,0.05405405405405406,-0.4540540540540541,0.005405405405405406,-0.372972972972973,0.1891891891891892,-0.32972972972972975,0.16216216216216217,-0.40540540540540543,0.08648648648648649,-0.34054054054054056,0.03783783783783784,-0.2810810810810811
6,0.0,0.0,0.10344827586206896,-0.2413793103448276,0.13793103448275862,-0.5,0.19827586206896552,-0.6810344827586207,0.27586206896551724,-0.8275862068965517,-0.034482758620689655,-0.6810344827586207,0.10344827586206896,-0.8362068965517241,0.25,-0.9396551724137931,0.3706896551724138,-1.0,-0.0603448275862069,-0.6293103448275862,0.1206896551724138,-0.7844827586206896,0.27586206896551724,-0.8793103448275862,0.4224137931034483,-0.9568965517241379,-0.034482758620689655,-0.5431034482758621,0.15517241379310345,-0.7068965517241379,0.3103448275862069,-0.8103448275862069,0.4482758620689655,-0.896551724137931,0.02586206896551724,-0.43103448275862066,0.20689655172413793,-0.5862068965517241,0.33620689655172414,-0.6724137931034483,0.4482758620689655,-0.75
6,0.0,0.0,-0.07772020725388601,-0.15025906735751296,-0.06217616580310881,-0.34196891191709844,0.046632124352331605,-0.47150259067357514,0.15544041450777202,-0.5751295336787565,-0.015544041450777202,-0.5544041450777202,0.04145077720207254,-0.7461139896373057,0.10362694300518134,-0.8808290155440415,0.15025906735751296,-0.9896373056994818,0.07253886010362694,-0.5129533678756477,0.11917098445595854,-0.7512953367875648,0.12435233160621761,-0.8860103626943006,0.12953367875647667,-1.0,0.15025906735751296,-0.43523316062176165,0.18652849740932642,-0.5544041450777202,0.09844559585492228,-0.44041450777202074,0.04145077720207254,-0.35751295336787564,0.20725388601036268,-0.32124352331606215,0.21761658031088082,-0.42487046632124353,0.13989637305699482,-0.3471502590673575,0.08808290155440414,-0.27979274611398963
6,0.0,0.0,-0.08496732026143791,-0.13071895424836602,-0.0784313725490196,-0.3202614379084967,0.058823529411764705,-0.477124183006536,0.1830065359477124,-0.5882352941176471,-0.08496732026143791,-0.5294117647058824,-0.032679738562091505,-0.7320261437908496,0.0392156862745098,-0.8823529411764706,0.10457516339869281,-1.0,0.026143790849673203,-0.49673202614379086,0.1568627450980392,-0.6535947712418301,0.1437908496732026,-0.5686274509803921,0.09803921568627451,-0.477124183006536,0.11764705882352941,-0.43137254901960786,0.2222222222222222,-0.5294117647058824,0.1568627450980392,-0.42483660130718953,0.0915032679738562,-0.35294117647058826,0.17647058823529413,-0.3333333333333333,0.24183006535947713,-0.42483660130718953,0.1895424836601307,-0.35947712418300654,0.12418300653594772,-0.30718954248366015
6,0.0,0.0,-0.07537688442211055,-0.15577889447236182,-0.07035175879396985,-0.3417085427135678,0.035175879396984924,-0.4723618090452261,0.1407035175879397,-0.5678391959798995,-0.020100502512562814,-0.5477386934673367,0.04522613065326633,-0.7587939698492462,0.09547738693467336,-0.8894472361809045,0.1407035175879397,-1.0,0.07035175879396985,-0.49246231155778897,0.1457286432160804,-0.628140703517588,0.10552763819095477,-0.542713567839196,0.07537688442211055,-0.4623115577889447,0.1457286432160804,-0.4120603015075377,0.18592964824120603,-0.5125628140703518,0.09547738693467336,-0.40703517587939697,0.05025125628140704,-0.3316582914572864,0.20603015075376885,-0.3065326633165829,0.20603015075376885,-0.4020100502512563,0.12562814070351758,-0.3316582914572864,0.08040201005025126,-0.271356783919598
6,0.0,0.0,-0.0845771144278607,-0.15920398009950248,-0.08955223880597014,-0.34328358208955223,0.009950248756218905,-0.46766169154228854,0.11442786069651742,-0.5572139303482587,-0.04477611940298507,-0.5621890547263682,0.014925373134328358,-0.7611940298507462,0.05472636815920398,-0.8905472636815921,0.0945273631840796,-1.0,0.04975124378109453,-0.5074626865671642,0.13432835820895522,-0.6517412935323383,0.08955223880597014,-0.5572139303482587,0.04477611940298507,-0.472636815920398,0.12935323383084577,-0.4228855721393035,0.1691542288557214,-0.5223880597014925,0.0845771144278607,-0.4228855721393035,0.03482587064676617,-0.3482587064676617,0.1791044776119403,-0.31343283582089554,0.19402985074626866,-0.4079601990049751,0.11442786069651742,-0.3482587064676617,0.05970149253731343,-0.2935323383084577
6,0.0,0.0,-0.08653846153846154,-0.13942307692307693,-0.10096153846153846,-0.32211538461538464,-0.009615384615384616,-0.4519230769230769,0.10096153846153846,-0.5480769230769231,-0.07211538461538461,-0.5432692307692307,-0.02403846153846154,-0.7548076923076923,0.019230769230769232,-0.8846153846153846,0.0625,-1.0,0.03365384615384615,-0.5,0.10096153846153846,-0.6298076923076923,0.04807692307692308,-0.5288461538461539,0.004807692307692308,-0.4326923076923077,0.1201923076923077,-0.4230769230769231,0.15384615384615385,-0.5096153846153846,0.07211538461538461,-0.40384615384615385,0.019230769230769232,-0.3269230769230769,0.18269230769230768,-0.3269230769230769,0.1971153846153846,-0.40865384615384615,0.1201923076923077,-0.33653846153846156,0.07211538461538461,-0.27884615384615385
6,0.0,0.0,-0.08558558558558559,-0.15315315315315314,-0.1036036036036036,-0.3333333333333333,-0.013513513513513514,-0.46396396396396394,0.08108108108108109,-0.5630630630630631,-0.09009009009009009,-0.5405405405405406,-0.04954954954954955,-0.7477477477477478,-0.009009009009009009,-0.8873873873873874,0.018018018018018018,-1.0,-0.0045045045045045045,-0.4954954954954955,0.07207207207207207,-0.6306306306306306,0.05855855855855856,-0.5315315315315315,0.02252252252252252,-0.44594594594594594,0.07207207207207207,-0.4144144144144144,0.12612612612612611,-0.527027027027027,0.07657657657657657,-0.4144144144144144,0.03153153153153153,-0.34234234234234234,0.13063063063063063,-0.3108108108108108,0.16666666666666666,-0.4099099099099099,0.11711711711711711,-0.34234234234234234,0.07207207207207207,-0.2882882882882883
6,0.0,0.0,-0.08849557522123894,-0.1415929203539823,-0.10176991150442478,-0.3230088495575221,0.0,-0.4557522123893805,0.11946902654867257,-0.5486725663716814,-0.05309734513274336,-0.5353982300884956,-0.008849557522123894,-0.7477876106194691,0.04424778761061947,-0.8849557522123894,0.084070796460177,-1.0,0.05309734513274336,-0.48672566371681414,0.13274336283185842,-0.6283185840707964,0.084070796460177,-0.5398230088495575,0.03982300884955752,-0.4469026548672566,0.1415929203539823,-0.4026548672566372,0.168141592920354,-0.47345132743362833,0.08849557522123894,-0.37610619469026546,0.035398230088495575,-0.3008849557522124,0.19911504424778761,-0.29646017699115046,0.19911504424778761,-0.37610619469026546,0.11946902654867257,-0.3008849557522124,0.06637168141592921,-0.23893805309734514
6,0.0,0.0,-0.10975609756097561,-0.12601626016260162,-0.13008130081300814,-0.3008130081300813,-0.036585365853658534,-0.43089430894308944,0.06504065040650407,-0.524390243902439,-0.08943089430894309,-0.5203252032520326,-0.052845528455284556,-0.7439024390243902,-0.016260162601626018,-0.8861788617886179,0.012195121951219513,-1.0,0.02032520325203252,-0.47560975609756095,0.08536585365853659,-0.6260162601626016,0.056910569105691054,-0.540650406504065,0.012195121951219513,-0.45528455284552843,0.10569105691056911,-0.3983739837398374,0.12195121951219512,-0.4796747967479675,0.056910569105691054,-0.3821138211382114,0.008130081300813009,-0.3089430894308943,0.16666666666666666,-0.3008130081300813,0.14634146341463414,-0.36585365853658536,0.08130081300813008,-0.2926829268292683,0.036585365853658534,-0.23983739837398374
6,0.0,0.0,-0.11290322580645161,-0.12903225806451613,-0.14919354838709678,-0.3064516129032258,-0.06048387096774194,-0.4475806451612903,0.04032258064516129,-0.5443548387096774,-0.0967741935483871,-0.532258064516129,-0.06451612903225806,-0.75,-0.03225806451612903,-0.8830645161290323,-0.008064516129032258,-1.0,0.008064516129032258,-0.49193548387096775,0.06451612903225806,-0.6491935483870968,0.024193548387096774,-0.5564516129032258,-0.016129032258064516,-0.4717741935483871,0.09274193548387097,-0.42338709677419356,0.10483870967741936,-0.5201612903225806,0.028225806451612902,-0.40725806451612906,-0.016129032258064516,-0.33064516129032256,0.15725806451612903,-0.33064516129032256,0.14112903225806453,-0.4153225806451613,0.06048387096774194,-0.33064516129032256,0.012096774193548387,-0.2661290322580645
6,0.0,0.0,-0.08713692946058091,-0.14107883817427386,-0.07883817427385892,-0.3153526970954357,0.024896265560165973,-0.43568464730290457,0.14107883817427386,-0.5062240663900415,-0.0912863070539419,-0.5394190871369294,-0.024896265560165973,-0.7676348547717843,0.029045643153526972,-0.8962655601659751,0.07053941908713693,-1.0,0.024896265560165973,-0.4979253112033195,0.1078838174273859,-0.6224066390041494,0.1037344398340249,-0.5311203319502075,0.07468879668049792,-0.45228215767634855,0.12033195020746888,-0.4190871369294606,0.17842323651452283,-0.49377593360995853,0.13692946058091288,-0.3941908713692946,0.08713692946058091,-0.3236514522821577,0.1950207468879668,-0.3278008298755187,0.21991701244813278,-0.37344398340248963,0.17012448132780084,-0.3029045643153527,0.12033195020746888,-0.24481327800829875
6,0.0,0.0,-0.0875,-0.15416666666666667,-0.07916666666666666,-0.325,0.05416666666666667,-0.4375,0.18333333333333332,-0.5041666666666667,-0.058333333333333334,-0.55,-0.004166666666666667,-0.7583333333333333,0.04583333333333333,-0.8875,0.0875,-1.0,0.058333333333333334,-0.5125,0.09166666666666666,-0.7416666666666667,0.09166666666666666,-0.8625,0.09166666666666666,-0.9583333333333334,0.15416666666666667,-0.4375,0.22083333333333333,-0.5083333333333333,0.15,-0.4041666666666667,0.0875,-0.32916666666666666,0.22916666666666666,-0.32916666666666666,0.2625,-0.375,0.1875,-0.29583333333333334,0.125,-0.24166666666666667
6,0.0,0.0,-0.06719367588932806,-0.1422924901185771,-0.08300395256916997,-0.30039525691699603,-0.007905138339920948,-0.4189723320158103,0.07114624505928854,-0.5098814229249012,-0.06719367588932806,-0.5454545454545454,-0.05138339920948617,-0.7509881422924901,-0.015810276679841896,-0.8853754940711462,0.015810276679841896,-1.0,0.015810276679841896,-0.4980237154150198,0.08695652173913043,-0.6679841897233202,0.07905138339920949,-0.5889328063241107,0.039525691699604744,-0.5138339920948617,0.08300395256916997,-0.4189723320158103,0.13438735177865613,-0.5138339920948617,0.07509881422924901,-0.39920948616600793,0.015810276679841896,-0.3241106719367589,0.12648221343873517,-0.3201581027667984,0.15810276679841898,-0.41106719367588934,0.11857707509881422,-0.3438735177865613,0.07905138339920949,-0.2885375494071146
6,0.0,0.0,0.07171314741035857,-0.22709163346613545,0.055776892430278883,-0.38247011952191234,0.05976095617529881,-0.50199203187251,0.05976095617529881,-0.6175298804780877,-0.06772908366533864,-0.5258964143426295,-0.04780876494023904,-0.749003984063745,-0.0199203187250996,-0.8844621513944223,0.00398406374501992,-1.0,-0.06374501992031872,-0.44621513944223107,0.03187250996015936,-0.6414342629482072,0.07171314741035857,-0.5776892430278885,0.06374501992031872,-0.5059760956175299,-0.04780876494023904,-0.350597609561753,0.07171314741035857,-0.5099601593625498,0.09163346613545817,-0.44621513944223107,0.055776892430278883,-0.38247011952191234,-0.03187250996015936,-0.250996015936255,0.027888446215139442,-0.40239043824701193,0.0796812749003984,-0.44621513944223107,0.10756972111553785,-0.46613545816733065
6,0.0,0.0,0.05063291139240506,-0.24050632911392406,0.04219409282700422,-0.41350210970464135,0.029535864978902954,-0.5358649789029536,0.029535864978902954,-0.6497890295358649,-0.08860759493670886,-0.5485232067510548,-0.0759493670886076,-0.759493670886076,-0.05063291139240506,-0.8860759493670886,-0.029535864978902954,-1.0,-0.08438818565400844,-0.45147679324894513,-0.016877637130801686,-0.6413502109704642,0.02531645569620253,-0.6075949367088608,0.03375527426160337,-0.5738396624472574,-0.06751054852320675,-0.3333333333333333,0.02109704641350211,-0.4810126582278481,0.05907172995780591,-0.4641350210970464,0.06329113924050633,-0.45147679324894513,-0.0379746835443038,-0.20675105485232068,0.03375527426160337,-0.3037974683544304,0.09282700421940929,-0.33755274261603374,0.12236286919831224,-0.3670886075949367
6,0.0,0.0,-0.06481481481481481,-0.17592592592592593,-0.10185185185185185,-0.3425925925925926,-0.07407407407407407,-0.49537037037037035,-0.013888888888888888,-0.6018518518518519,-0.11574074074074074,-0.5462962962962963,-0.08333333333333333,-0.7638888888888888,-0.05555555555555555,-0.8888888888888888,-0.037037037037037035,-1.0,-0.05092592592592592,-0.49537037037037035,0.023148148148148147,-0.6851851851851852,0.004629629629629629,-0.5648148148148148,-0.027777777777777776,-0.4675925925925926,0.013888888888888888,-0.42592592592592593,0.07407407407407407,-0.5787037037037037,0.032407407407407406,-0.4583333333333333,-0.009259259259259259,-0.37037037037037035,0.07407407407407407,-0.33796296296296297,0.12037037037037036,-0.4583333333333333,0.0787037037037037,-0.3888888888888889,0.032407407407407406,-0.32407407407407407
6,0.0,0.0,-0.11702127659574468,-0.14361702127659576,-0.16489361702127658,-0.324468085106383,-0.0851063829787234,-0.4734042553191489,0.015957446808510637,-0.5691489361702128,-0.10638297872340426,-0.5425531914893617,-0.09042553191489362,-0.7553191489361702,-0.06382978723404255,-0.8882978723404256,-0.03723404255319149,-1.0,-0.010638297872340425,-0.5106382978723404,0.005319148936170213,-0.723404255319149,-0.02127659574468085,-0.776595744680851,-0.0425531914893617,-0.8138297872340425,0.07446808510638298,-0.44680851063829785,0.06914893617021277,-0.5797872340425532,-0.005319148936170213,-0.46808510638297873,-0.03723404255319149,-0.3776595744680851,0.14361702127659576,-0.35106382978723405,0.11702127659574468,-0.4574468085106383,0.03723404255319149,-0.3723404255319149,-0.005319148936170213,-0.2925531914893617
6,0.0,0.0,-0.13194444444444445,-0.08333333333333333,-0.1736111111111111,-0.2708333333333333,-0.06944444444444445,-0.4166666666666667,0.04861111111111111,-0.4861111111111111,-0.1388888888888889,-0.4861111111111111,-0.125,-0.7222222222222222,-0.09027777777777778,-0.875,-0.06944444444444445,-1.0,-0.006944444444444444,-0.4652777777777778,0.0625,-0.6736111111111112,0.020833333333333332,-0.6180555555555556,-0.034722222222222224,-0.5277777777777778,0.10416666666666667,-0.4097222222222222,0.09722222222222222,-0.4722222222222222,0.013888888888888888,-0.3541666666666667,-0.034722222222222224,-0.2708333333333333,0.18055555555555555,-0.3125,0.14583333333333334,-0.375,0.06944444444444445,-0.2986111111111111,0.027777777777777776,-0.24305555555555555
6,0.0,0.0,-0.12568306010928962,-0.14207650273224043,-0.16393442622950818,-0.32786885245901637,-0.08743169398907104,-0.4808743169398907,0.0,-0.5846994535519126,-0.11475409836065574,-0.5409836065573771,-0.10382513661202186,-0.7486338797814208,-0.07650273224043716,-0.8852459016393442,-0.060109289617486336,-1.0,-0.02185792349726776,-0.5081967213114754,0.0,-0.6994535519125683,-0.01092896174863388,-0.6830601092896175,-0.0273224043715847,-0.6502732240437158,0.060109289617486336,-0.44808743169398907,0.060109289617486336,-0.5683060109289617,0.0,-0.44808743169398907,-0.03825136612021858,-0.366120218579235,0.12568306010928962,-0.3551912568306011,0.10382513661202186,-0.4426229508196721,0.04371584699453552,-0.36065573770491804,0.00546448087431694,-0.2896174863387978
6,0.0,0.0,-0.11173184357541899,-0.1340782122905028,-0.1564245810055866,-0.3240223463687151,-0.08379888268156424,-0.4692737430167598,0.00558659217877095,-0.5642458100558659,-0.09497206703910614,-0.5307262569832403,-0.08379888268156424,-0.7541899441340782,-0.0670391061452514,-0.888268156424581,-0.0446927374301676,-1.0,-0.00558659217877095,-0.49162011173184356,0.0111731843575419,-0.659217877094972,-0.01675977653631285,-0.5977653631284916,-0.0335195530726257,-0.5307262569832403,0.0782122905027933,-0.4301675977653631,0.0782122905027933,-0.5642458100558659,0.00558659217877095,-0.441340782122905,-0.0335195530726257,-0.3463687150837989,0.15083798882681565,-0.3407821229050279,0.12290502793296089,-0.44692737430167595,0.0446927374301676,-0.36312849162011174,-0.00558659217877095,-0.2849162011173184
6,0.0,0.0,-0.1206896551724138,-0.13218390804597702,-0.16091954022988506,-0.3160919540229885,-0.09770114942528736,-0.47126436781609193,-0.005747126436781609,-0.5747126436781609,-0.10919540229885058,-0.5229885057471264,-0.09770114942528736,-0.7471264367816092,-0.06896551724137931,-0.8850574712643678,-0.04597701149425287,-1.0,-0.017241379310344827,-0.5,0.0,-0.7068965517241379,-0.005747126436781609,-0.7241379310344828,-0.011494252873563218,-0.735632183908046,0.07471264367816093,-0.4367816091954023,0.06321839080459771,-0.5804597701149425,-0.005747126436781609,-0.46551724137931033,-0.040229885057471264,-0.3735632183908046,0.14942528735632185,-0.3448275862068966,0.10919540229885058,-0.4482758620689655,0.040229885057471264,-0.3735632183908046,-0.005747126436781609,-0.3045977011494253
6,0.0,0.0,-0.12598425196850394,-0.10236220472440945,-0.15748031496062992,-0.28346456692913385,-0.047244094488188976,-0.4251968503937008,0.06299212598425197,-0.5118110236220472,-0.11023622047244094,-0.4645669291338583,-0.10236220472440945,-0.7007874015748031,-0.07086614173228346,-0.8740157480314961,-0.047244094488188976,-1.0,0.023622047244094488,-0.4409448818897638,0.09448818897637795,-0.6535433070866141,0.06299212598425197,-0.6062992125984252,0.0,-0.5196850393700787,0.13385826771653545,-0.3779527559055118,0.13385826771653545,-0.4566929133858268,0.047244094488188976,-0.33070866141732286,-0.007874015748031496,-0.2283464566929134,0.2204724409448819,-0.28346456692913385,0.1889763779527559,-0.3543307086614173,0.10236220472440945,-0.25984251968503935,0.047244094488188976,-0.1732283464566929
6,0.0,0.0,-0.10795454545454546,-0.13068181818181818,-0.1534090909090909,-0.3125,-0.07954545454545454,-0.44886363636363635,0.017045454545454544,-0.5340909090909091,-0.07954545454545454,-0.5227272727272727,-0.06818181818181818,-0.7443181818181818,-0.045454545454545456,-0.8806818181818182,-0.028409090909090908,-1.0,0.011363636363636364,-0.48295454545454547,0.028409090909090908,-0.6647727272727273,-0.017045454545454544,-0.5795454545454546,-0.045454545454545456,-0.4943181818181818,0.09659090909090909,-0.4147727272727273,0.08522727272727272,-0.5397727272727273,0.005681818181818182,-0.42045454545454547,-0.028409090909090908,-0.32386363636363635,0.16477272727272727,-0.3181818181818182,0.13636363636363635,-0.4318181818181818,0.05113636363636364,-0.35795454545454547,0.005681818181818182,-0.2840909090909091
6,0.0,0.0,-0.1347517730496454,-0.09929078014184398,-0.16312056737588654,-0.2765957446808511,-0.05673758865248227,-0.41134751773049644,0.04964539007092199,-0.48936170212765956,-0.10638297872340426,-0.45390070921985815,-0.09929078014184398,-0.7021276595744681,-0.06382978723404255,-0.8723404255319149,-0.04964539007092199,-1.0,0.02127659574468085,-0.4326241134751773,0.09219858156028368,-0.624113475177305,0.04964539007092199,-0.5886524822695035,-0.0070921985815602835,-0.49645390070921985,0.1347517730496454,-0.36879432624113473,0.12056737588652482,-0.4326241134751773,0.03546099290780142,-0.3191489361702128,-0.02127659574468085,-0.22695035460992907,0.22695035460992907,-0.2765957446808511,0.1773049645390071,-0.3404255319148936,0.09219858156028368,-0.2553191489361702,0.03546099290780142,-0.18439716312056736
6,0.0,0.0,-0.11475409836065574,-0.12568306010928962,-0.15300546448087432,-0.3114754098360656,-0.07103825136612021,-0.453551912568306,0.02185792349726776,-0.546448087431694,-0.08196721311475409,-0.5136612021857924,-0.07103825136612021,-0.73224043715847,-0.04918032786885246,-0.8797814207650273,-0.03825136612021858,-1.0,0.01639344262295082,-0.4808743169398907,0.03278688524590164,-0.6612021857923497,0.0,-0.5846994535519126,-0.02185792349726776,-0.5081967213114754,0.10382513661202186,-0.41530054644808745,0.08196721311475409,-0.5355191256830601,0.0,-0.4098360655737705,-0.03278688524590164,-0.31693989071038253,0.17486338797814208,-0.32786885245901637,0.1366120218579235,-0.43169398907103823,0.0546448087431694,-0.3551912568306011,0.01639344262295082,-0.28415300546448086
6,0.0,0.0,-0.12562814070351758,-0.12060301507537688,-0.17587939698492464,-0.31155778894472363,-0.10050251256281408,-0.457286432160804,0.005025125628140704,-0.5527638190954773,-0.10552763819095477,-0.5125628140703518,-0.09045226130653267,-0.7336683417085427,-0.07035175879396985,-0.8793969849246231,-0.05527638190954774,-1.0,-0.01507537688442211,-0.49246231155778897,-0.01507537688442211,-0.7386934673366834,-0.04522613065326633,-0.8492462311557789,-0.06532663316582915,-0.949748743718593,0.07537688442211055,-0.4321608040201005,0.06030150753768844,-0.5879396984924623,-0.020100502512562814,-0.4623115577889447,-0.05527638190954774,-0.36180904522613067,0.15577889447236182,-0.33668341708542715,0.11055276381909548,-0.45226130653266333,0.035175879396984924,-0.36683417085427134,-0.005025125628140704,-0.2864321608040201
6,0.0,0.0,-0.12280701754385964,-0.09649122807017543,-0.17982456140350878,-0.27631578947368424,-0.10087719298245613,-0.42105263157894735,0.0043859649122807015,-0.5131578947368421,-0.10526315789473684,-0.5,-0.08333333333333333,-0.7324561403508771,-0.06140350877192982,-0.881578947368421,-0.039473684210526314,-1.0,0.0,-0.47368421052631576,0.017543859649122806,-0.6491228070175439,-0.008771929824561403,-0.5789473684210527,-0.021929824561403508,-0.5087719298245614,0.09210526315789473,-0.4166666666666667,0.07894736842105263,-0.5394736842105263,0.008771929824561403,-0.42105263157894735,-0.021929824561403508,-0.3333333333333333,0.17543859649122806,-0.3333333333333333,0.12280701754385964,-0.4166666666666667,0.043859649122807015,-0.32894736842105265,0.0,-0.25877192982456143
6,0.0,0.0,-0.12350597609561753,-0.10358565737051793,-0.17928286852589642,-0.2868525896414343,-0.08764940239043825,-0.4302788844621514,0.03187250996015936,-0.5258964143426295,-0.11155378486055777,-0.5139442231075697,-0.08366533864541832,-0.7330677290836654,-0.05179282868525897,-0.8764940239043825,-0.02390438247011952,-1.0,-0.00398406374501992,-0.49800796812749004,0.0,-0.7450199203187251,-0.027888446215139442,-0.8764940239043825,-0.04780876494023904,-0.9880478087649402,0.09561752988047809,-0.4342629482071713,0.0796812749003984,-0.5577689243027888,-0.00398406374501992,-0.43824701195219123,-0.055776892430278883,-0.350597609561753,0.1752988047808765,-0.3386454183266932,0.13147410358565736,-0.41434262948207173,0.043824701195219126,-0.33067729083665337,-0.00398406374501992,-0.26294820717131473
6,0.0,0.0,-0.11654135338345864,-0.10526315789473684,-0.16541353383458646,-0.2894736842105263,-0.07142857142857142,-0.424812030075188,0.045112781954887216,-0.5150375939849624,-0.07894736842105263,-0.5112781954887218,-0.05263157894736842,-0.7330827067669173,-0.018796992481203006,-0.8759398496240601,0.007518796992481203,-1.0,0.03007518796992481,-0.4849624060150376,0.05639097744360902,-0.6879699248120301,0.03759398496240601,-0.7255639097744361,0.018796992481203006,-0.7518796992481203,0.12406015037593984,-0.41353383458646614,0.10526315789473684,-0.5112781954887218,0.011278195488721804,-0.39097744360902253,-0.041353383458646614,-0.30451127819548873,0.19924812030075187,-0.3157894736842105,0.15413533834586465,-0.39473684210526316,0.06015037593984962,-0.3082706766917293,0.0,-0.24436090225563908
6,0.0,0.0,-0.11636363636363636,-0.12727272727272726,-0.16,-0.29818181818181816,-0.06545454545454546,-0.4290909090909091,0.05090909090909091,-0.5127272727272727,-0.08,-0.5309090909090909,-0.05090909090909091,-0.7381818181818182,-0.01818181818181818,-0.88,0.01090909090909091,-1.0,0.02909090909090909,-0.5054545454545455,0.04363636363636364,-0.730909090909091,0.025454545454545455,-0.8254545454545454,0.0036363636363636364,-0.9054545454545454,0.12363636363636364,-0.43636363636363634,0.10909090909090909,-0.5527272727272727,0.01818181818181818,-0.43272727272727274,-0.03636363636363636,-0.3418181818181818,0.2,-0.33090909090909093,0.15272727272727274,-0.4036363636363636,0.05818181818181818,-0.31636363636363635,0.0036363636363636364,-0.24727272727272728
6,0.0,0.0,-0.12186379928315412,-0.11827956989247312,-0.16487455197132617,-0.2867383512544803,-0.06810035842293907,-0.40860215053763443,0.04659498207885305,-0.4982078853046595,-0.0967741935483871,-0.5340501792114696,-0.06451612903225806,-0.7419354838709677,-0.02867383512544803,-0.8817204301075269,0.0,-1.0,0.007168458781362007,-0.5125448028673835,0.010752688172043012,-0.7419354838709677,-0.007168458781362007,-0.8602150537634409,-0.021505376344086023,-0.96415770609319,0.1003584229390681,-0.44086021505376344,0.10752688172043011,-0.5663082437275986,0.03225806451612903,-0.4551971326164875,-0.025089605734767026,-0.3727598566308244,0.17204301075268819,-0.33691756272401435,0.14695340501792115,-0.4050179211469534,0.06093189964157706,-0.31899641577060933,0.0,-0.25089605734767023
6,0.0,0.0,-0.12280701754385964,-0.11929824561403508,-0.16842105263157894,-0.2912280701754386,-0.08070175438596491,-0.41754385964912283,0.014035087719298246,-0.519298245614035,-0.09824561403508772,-0.519298245614035,-0.07017543859649122,-0.7157894736842105,-0.0456140350877193,-0.8456140350877193,-0.021052631578947368,-0.9543859649122807,-0.0035087719298245615,-0.4982456140350877,-0.007017543859649123,-0.743859649122807,-0.02456140350877193,-0.8807017543859649,-0.03508771929824561,-1.0,0.08771929824561403,-0.43157894736842106,0.0912280701754386,-0.5473684210526316,0.014035087719298246,-0.4280701754385965,-0.042105263157894736,-0.34035087719298246,0.15789473684210525,-0.3333333333333333,0.12280701754385964,-0.40350877192982454,0.042105263157894736,-0.3192982456140351,-0.017543859649122806,-0.25263157894736843
6,0.0,0.0,-0.12014134275618374,-0.127208480565371,-0.1625441696113074,-0.2968197879858657,-0.07773851590106007,-0.4204946996466431,0.03180212014134275,-0.508833922261484,-0.08833922261484099,-0.5265017667844523,-0.06007067137809187,-0.7137809187279152,-0.03180212014134275,-0.8409893992932862,-0.0035335689045936395,-0.950530035335689,0.01060070671378092,-0.508833922261484,0.0035335689045936395,-0.7455830388692579,-0.0176678445229682,-0.8833922261484098,-0.024734982332155476,-1.0,0.10247349823321555,-0.4381625441696113,0.09187279151943463,-0.5618374558303887,0.007067137809187279,-0.4416961130742049,-0.04946996466431095,-0.35335689045936397,0.17667844522968199,-0.33568904593639576,0.13074204946996468,-0.4098939929328622,0.04240282685512368,-0.3250883392226148,-0.014134275618374558,-0.2579505300353357
6,0.0,0.0,-0.12237762237762238,-0.13286713286713286,-0.16433566433566432,-0.2937062937062937,-0.06993006993006994,-0.40559440559440557,0.038461538461538464,-0.486013986013986,-0.06993006993006994,-0.5104895104895105,-0.038461538461538464,-0.6993006993006993,-0.01048951048951049,-0.8216783216783217,0.017482517482517484,-0.9265734265734266,0.024475524475524476,-0.4965034965034965,0.024475524475524476,-0.7377622377622378,0.01048951048951049,-0.8776223776223776,0.006993006993006993,-1.0,0.10839160839160839,-0.43006993006993005,0.10839160839160839,-0.5804195804195804,0.03496503496503497,-0.479020979020979,-0.013986013986013986,-0.3916083916083916,0.17482517482517482,-0.32867132867132864,0.12237762237762238,-0.3916083916083916,0.03496503496503497,-0.32867132867132864,-0.024475524475524476,-0.2727272727272727
6,0.0,0.0,-0.12186379928315412,-0.13978494623655913,-0.16129032258064516,-0.3046594982078853,-0.06810035842293907,-0.40860215053763443,0.043010752688172046,-0.4838709677419355,-0.05017921146953405,-0.5197132616487455,-0.021505376344086023,-0.7168458781362007,0.010752688172043012,-0.8387096774193549,0.03942652329749104,-0.9498207885304659,0.043010752688172046,-0.5017921146953405,0.05734767025089606,-0.7419354838709677,0.04659498207885305,-0.8817204301075269,0.035842293906810034,-1.0,0.12903225806451613,-0.43010752688172044,0.10752688172043011,-0.5770609318996416,0.017921146953405017,-0.4731182795698925,-0.03225806451612903,-0.3835125448028674,0.1935483870967742,-0.32616487455197135,0.12903225806451613,-0.3978494623655914,0.03225806451612903,-0.32974910394265233,-0.02867383512544803,-0.26523297491039427
6,0.0,0.0,-0.11654135338345864,-0.14285714285714285,-0.15789473684210525,-0.3157894736842105,-0.06766917293233082,-0.44360902255639095,0.045112781954887216,-0.5338345864661654,-0.05639097744360902,-0.5225563909774437,-0.02631578947368421,-0.7218045112781954,0.0,-0.8458646616541353,0.03383458646616541,-0.9548872180451128,0.03759398496240601,-0.5037593984962406,0.041353383458646614,-0.7481203007518797,0.022556390977443608,-0.8872180451127819,0.018796992481203006,-1.0,0.12781954887218044,-0.43609022556390975,0.10902255639097744,-0.5827067669172933,0.018796992481203006,-0.4849624060150376,-0.03383458646616541,-0.40225563909774437,0.19924812030075187,-0.33458646616541354,0.13157894736842105,-0.41353383458646614,0.03383458646616541,-0.3308270676691729,-0.022556390977443608,-0.2593984962406015
6,0.0,0.0,-0.11627906976744186,-0.1434108527131783,-0.15891472868217055,-0.31007751937984496,-0.07364341085271318,-0.4263565891472868,0.03488372093023256,-0.5193798449612403,-0.06201550387596899,-0.5310077519379846,-0.027131782945736434,-0.7248062015503876,0.0,-0.8488372093023255,0.027131782945736434,-0.9573643410852714,0.031007751937984496,-0.5116279069767442,0.03875968992248062,-0.748062015503876,0.01937984496124031,-0.8837209302325582,0.007751937984496124,-1.0,0.11627906976744186,-0.4418604651162791,0.10465116279069768,-0.5775193798449613,0.015503875968992248,-0.4689922480620155,-0.03488372093023256,-0.3798449612403101,0.1821705426356589,-0.3333333333333333,0.12790697674418605,-0.4069767441860465,0.031007751937984496,-0.32558139534883723,-0.023255813953488372,-0.2558139534883721
6,0.0,0.0,-0.12236286919831224,-0.14767932489451477,-0.16455696202531644,-0.31645569620253167,-0.09282700421940929,-0.4472573839662447,-0.012658227848101266,-0.5485232067510548,-0.10126582278481013,-0.5358649789029536,-0.06751054852320675,-0.729957805907173,-0.04219409282700422,-0.8523206751054853,-0.016877637130801686,-0.9620253164556962,-0.02109704641350211,-0.510548523206751,-0.02109704641350211,-0.7510548523206751,-0.02531645569620253,-0.8860759493670886,-0.03375527426160337,-1.0,0.05485232067510549,-0.4430379746835443,0.06751054852320675,-0.5822784810126582,0.004219409282700422,-0.5274261603375527,-0.05063291139240506,-0.4810126582278481,0.11814345991561181,-0.33755274261603374,0.10548523206751055,-0.41350210970464135,0.029535864978902954,-0.35443037974683544,-0.03375527426160337,-0.29957805907172996
6,0.0,0.0,-0.13025210084033614,-0.12605042016806722,-0.17647058823529413,-0.3025210084033613,-0.07983193277310924,-0.42436974789915966,0.02100840336134454,-0.5084033613445378,-0.07983193277310924,-0.5168067226890757,-0.05042016806722689,-0.7184873949579832,-0.025210084033613446,-0.8445378151260504,0.0,-0.9495798319327731,0.01680672268907563,-0.5042016806722689,0.012605042016806723,-0.7478991596638656,0.0,-0.8865546218487395,-0.012605042016806723,-1.0,0.10504201680672269,-0.4369747899159664,0.06722689075630252,-0.5546218487394958,-0.004201680672268907,-0.4411764705882353,-0.04201680672268908,-0.3487394957983193,0.18067226890756302,-0.3319327731092437,0.1092436974789916,-0.3907563025210084,0.012605042016806723,-0.3235294117647059,-0.05042016806722689,-0.2647058823529412
7,0.0,0.0,-0.29411764705882354,-0.03208556149732621,-0.5668449197860963,-0.1711229946524064,-0.7700534759358288,-0.22459893048128343,-0.946524064171123,-0.27807486631016043,-0.46524064171123,-0.6310160427807486,-0.5775401069518716,-0.8983957219251337,-0.7379679144385026,-0.9518716577540107,-0.8770053475935828,-0.9358288770053476,-0.39037433155080214,-0.6470588235294118,-0.5294117647058824,-0.9786096256684492,-0.7272727272727273,-1.0,-0.8770053475935828,-0.93048128342246,-0.31016042780748665,-0.6363636363636364,-0.45454545454545453,-0.9572192513368984,-0.6684491978609626,-0.9786096256684492,-0.8288770053475936,-0.9251336898395722,-0.22994652406417113,-0.5989304812834224,-0.37433155080213903,-0.839572192513369,-0.5401069518716578,-0.8983957219251337,-0.6737967914438503,-0.893048128342246
7,0.0,0.0,-0.30526315789473685,-0.010526315789473684,-0.5789473684210527,-0.12631578947368421,-0.7736842105263158,-0.18947368421052632,-0.9473684210526315,-0.2736842105263158,-0.5,-0.6368421052631579,-0.6421052631578947,-0.8947368421052632,-0.8,-0.9210526315789473,-0.9368421052631579,-0.8789473684210526,-0.4263157894736842,-0.6736842105263158,-0.5947368421052631,-0.9789473684210527,-0.7947368421052632,-0.9736842105263158,-0.9368421052631579,-0.8947368421052632,-0.3368421052631579,-0.6894736842105263,-0.5,-1.0,-0.7157894736842105,-1.0,-0.868421052631579,-0.9210526315789473,-0.23684210526315788,-0.6684210526315789,-0.38421052631578945,-0.9210526315789473,-0.5526315789473685,-0.968421052631579,-0.6894736842105263,-0.9473684210526315
7,0.0,0.0,-0.2914572864321608,-0.020100502512562814,-0.5628140703517588,-0.1457286432160804,-0.7537688442211056,-0.22110552763819097,-0.9246231155778895,-0.32160804020100503,-0.457286432160804,-0.628140703517588,-0.5879396984924623,-0.8944723618090452,-0.7487437185929648,-0.8894472361809045,-0.8693467336683417,-0.8241206030150754,-0.38190954773869346,-0.6683417085427136,-0.542713567839196,-0.9849246231155779,-0.7537688442211056,-0.949748743718593,-0.8793969849246231,-0.8341708542713567,-0.3015075376884422,-0.6834170854271356,-0.4623115577889447,-1.0,-0.6884422110552764,-0.9597989949748744,-0.8190954773869347,-0.8492462311557789,-0.21105527638190955,-0.678391959798995,-0.36180904522613067,-0.9296482412060302,-0.542713567839196,-0.9447236180904522,-0.6683417085427136,-0.8793969849246231
7,0.0,0.0,-0.3116279069767442,-0.03255813953488372,-0.5720930232558139,-0.15813953488372093,-0.7767441860465116,-0.2372093023255814,-0.9441860465116279,-0.35348837209302325,-0.4325581395348837,-0.6372093023255814,-0.5674418604651162,-0.9023255813953488,-0.7395348837209302,-0.8930232558139535,-0.8558139534883721,-0.8093023255813954,-0.35348837209302325,-0.6744186046511628,-0.5162790697674419,-0.9953488372093023,-0.7441860465116279,-0.9488372093023256,-0.8604651162790697,-0.8046511627906977,-0.2651162790697674,-0.6837209302325581,-0.413953488372093,-1.0,-0.6511627906976745,-0.9488372093023256,-0.7767441860465116,-0.8186046511627907,-0.17209302325581396,-0.6604651162790698,-0.3023255813953488,-0.9348837209302325,-0.4930232558139535,-0.958139534883721,-0.6139534883720931,-0.8744186046511628
7,0.0,0.0,-0.33796296296296297,-0.023148148148148147,-0.6203703703703703,-0.1388888888888889,-0.8194444444444444,-0.2037037037037037,-1.0,-0.2777777777777778,-0.5324074074074074,-0.6018518518518519,-0.6666666666666666,-0.8240740740740741,-0.8194444444444444,-0.8240740740740741,-0.9398148148148148,-0.7731481481481481,-0.4675925925925926,-0.6574074074074074,-0.625,-0.9444444444444444,-0.8240740740740741,-0.9120370370370371,-0.9537037037037037,-0.7962962962962963,-0.39351851851851855,-0.6805555555555556,-0.5601851851851852,-0.9629629629629629,-0.7824074074074074,-0.9166666666666666,-0.9212962962962963,-0.7962962962962963,-0.3194444444444444,-0.6805555555555556,-0.4861111111111111,-0.9166666666666666,-0.6712962962962963,-0.9074074074074074,-0.7962962962962963,-0.8287037037037037
7,0.0,0.0,-0.33980582524271846,-0.024271844660194174,-0.6310679611650486,-0.1407766990291262,-0.8300970873786407,-0.19902912621359223,-1.0,-0.2912621359223301,-0.587378640776699,-0.6213592233009708,-0.7233009708737864,-0.8543689320388349,-0.8737864077669902,-0.8543689320388349,-0.9902912621359223,-0.7912621359223301,-0.5048543689320388,-0.6699029126213593,-0.6796116504854369,-0.9563106796116505,-0.8640776699029126,-0.9223300970873787,-0.9854368932038835,-0.7961165048543689,-0.4174757281553398,-0.6893203883495146,-0.5922330097087378,-0.9805825242718447,-0.7961165048543689,-0.9368932038834952,-0.9320388349514563,-0.8203883495145631,-0.3155339805825243,-0.6844660194174758,-0.4854368932038835,-0.9223300970873787,-0.6601941747572816,-0.9320388349514563,-0.7864077669902912,-0.8737864077669902
7,0.0,0.0,-0.31527093596059114,-0.034482758620689655,-0.6009852216748769,-0.13793103448275862,-0.812807881773399,-0.18226600985221675,-0.9901477832512315,-0.21674876847290642,-0.5221674876847291,-0.5812807881773399,-0.6847290640394089,-0.7881773399014779,-0.8472906403940886,-0.8078817733990148,-0.9901477832512315,-0.7733990147783252,-0.458128078817734,-0.6108374384236454,-0.6650246305418719,-0.8669950738916257,-0.8620689655172413,-0.8522167487684729,-1.0,-0.7536945812807881,-0.39408866995073893,-0.6108374384236454,-0.6009852216748769,-0.8620689655172413,-0.812807881773399,-0.8423645320197044,-0.9556650246305419,-0.7438423645320197,-0.33497536945812806,-0.5812807881773399,-0.5123152709359606,-0.7684729064039408,-0.6798029556650246,-0.7931034482758621,-0.8078817733990148,-0.7536945812807881
7,0.0,0.0,-0.13414634146341464,-0.0975609756097561,-0.35365853658536583,-0.17073170731707318,-0.524390243902439,-0.1951219512195122,-0.6707317073170732,-0.17073170731707318,-0.3902439024390244,-0.2073170731707317,-0.6219512195121951,-0.15853658536585366,-0.8170731707317073,-0.0975609756097561,-0.9512195121951219,-0.036585365853658534,-0.3780487804878049,-0.17073170731707318,-0.6219512195121951,-0.0975609756097561,-0.8292682926829268,-0.024390243902439025,-1.0,0.04878048780487805,-0.35365853658536583,-0.10975609756097561,-0.5975609756097561,-0.06097560975609756,-0.7804878048780488,0.012195121951219513,-0.9146341463414634,0.07317073170731707,-0.32926829268292684,-0.04878048780487805,-0.524390243902439,0.0,-0.6585365853658537,0.036585365853658534,-0.7682926829268293,0.07317073170731707
7,0.0,0.0,-0.31016042780748665,-0.016042780748663103,-0.5935828877005348,-0.12834224598930483,-0.786096256684492,-0.17647058823529413,-0.9518716577540107,-0.24064171122994651,-0.5347593582887701,-0.5935828877005348,-0.7005347593582888,-0.8342245989304813,-0.8663101604278075,-0.8288770053475936,-1.0,-0.7700534759358288,-0.46524064171123,-0.6256684491978609,-0.679144385026738,-0.9037433155080213,-0.8716577540106952,-0.8663101604278075,-1.0,-0.7647058823529411,-0.39572192513368987,-0.6310160427807486,-0.6096256684491979,-0.893048128342246,-0.8181818181818182,-0.8556149732620321,-0.9625668449197861,-0.7540106951871658,-0.32620320855614976,-0.6096256684491979,-0.5133689839572193,-0.8074866310160428,-0.679144385026738,-0.8074866310160428,-0.8021390374331551,-0.7540106951871658
7,0.0,0.0,-0.32748538011695905,-0.04678362573099415,-0.6081871345029239,-0.15789473684210525,-0.7953216374269005,-0.21637426900584794,-0.9473684210526315,-0.29239766081871343,-0.5087719298245614,-0.6374269005847953,-0.6842105263157895,-0.8830409356725146,-0.8596491228070176,-0.8713450292397661,-0.9941520467836257,-0.7894736842105263,-0.4444444444444444,-0.6666666666666666,-0.6666666666666666,-0.9590643274853801,-0.8713450292397661,-0.9064327485380117,-1.0,-0.7719298245614035,-0.38011695906432746,-0.6666666666666666,-0.6023391812865497,-0.9473684210526315,-0.8128654970760234,-0.8947368421052632,-0.9473684210526315,-0.7719298245614035,-0.32748538011695905,-0.6432748538011696,-0.5146198830409356,-0.847953216374269,-0.6783625730994152,-0.8538011695906432,-0.7953216374269005,-0.7953216374269005
7,0.0,0.0,-0.3375,-0.0625,-0.625,-0.2,-0.8125,-0.26875,-0.95,-0.34375,-0.46875,-0.65,-0.64375,-0.9,-0.85,-0.8875,-1.0,-0.8125,-0.4,-0.675,-0.63125,-0.99375,-0.8625,-0.9375,-1.0,-0.79375,-0.35,-0.66875,-0.575,-0.975,-0.81875,-0.925,-0.9625,-0.8,-0.325,-0.6375,-0.525,-0.85,-0.7125,-0.8625,-0.84375,-0.80625
7,0.0,0.0,-0.3227848101265823,-0.04430379746835443,-0.6075949367088608,-0.17088607594936708,-0.7974683544303798,-0.24050632911392406,-0.930379746835443,-0.310126582278481,-0.4936708860759494,-0.6139240506329114,-0.6772151898734177,-0.8291139240506329,-0.8544303797468354,-0.810126582278481,-0.9810126582278481,-0.7468354430379747,-0.43037974683544306,-0.6582278481012658,-0.6708860759493671,-0.9050632911392406,-0.8734177215189873,-0.8607594936708861,-1.0,-0.740506329113924,-0.379746835443038,-0.6645569620253164,-0.6139240506329114,-0.9050632911392406,-0.8354430379746836,-0.8607594936708861,-0.9683544303797469,-0.7531645569620253,-0.34810126582278483,-0.6392405063291139,-0.5506329113924051,-0.8291139240506329,-0.7278481012658228,-0.8354430379746836,-0.8544303797468354,-0.7784810126582279
7,0.0,0.0,-0.3560606060606061,-0.06818181818181818,-0.6287878787878788,-0.1893939393939394,-0.8257575757575758,-0.2727272727272727,-0.9545454545454546,-0.3712121212121212,-0.5,-0.6590909090909091,-0.6666666666666666,-0.9318181818181818,-0.8409090909090909,-0.8712121212121212,-0.946969696969697,-0.75,-0.4318181818181818,-0.696969696969697,-0.6515151515151515,-1.0,-0.8636363636363636,-0.9090909090909091,-0.9545454545454546,-0.7575757575757576,-0.3787878787878788,-0.7045454545454546,-0.5984848484848485,-1.0,-0.8181818181818182,-0.9166666666666666,-0.9166666666666666,-0.7727272727272727,-0.3484848484848485,-0.6893939393939394,-0.5454545454545454,-0.9015151515151515,-0.7196969696969697,-0.8787878787878788,-0.8333333333333334,-0.7954545454545454
7,0.0,0.0,-0.36885245901639346,-0.05737704918032787,-0.6147540983606558,-0.19672131147540983,-0.7950819672131147,-0.2786885245901639,-0.9344262295081968,-0.38524590163934425,-0.4262295081967213,-0.6885245901639344,-0.6311475409836066,-0.9180327868852459,-0.8114754098360656,-0.8442622950819673,-0.9016393442622951,-0.7049180327868853,-0.36065573770491804,-0.7295081967213115,-0.639344262295082,-0.9918032786885246,-0.8524590163934426,-0.8770491803278688,-0.9344262295081968,-0.7131147540983607,-0.32786885245901637,-0.7295081967213115,-0.6065573770491803,-1.0,-0.8278688524590164,-0.8852459016393442,-0.9180327868852459,-0.7295081967213115,-0.3360655737704918,-0.680327868852459,-0.5737704918032787,-0.9016393442622951,-0.7622950819672131,-0.8524590163934426,-0.8688524590163934,-0.7377049180327869
7,0.0,0.0,-0.3474576271186441,-0.03389830508474576,-0.5932203389830508,-0.17796610169491525,-0.7796610169491526,-0.2542372881355932,-0.9152542372881356,-0.3644067796610169,-0.3474576271186441,-0.7203389830508474,-0.5847457627118644,-0.9322033898305084,-0.788135593220339,-0.864406779661017,-0.8898305084745762,-0.7288135593220338,-0.288135593220339,-0.7542372881355932,-0.6101694915254238,-0.9915254237288136,-0.8389830508474576,-0.8728813559322034,-0.923728813559322,-0.7033898305084746,-0.2711864406779661,-0.7457627118644068,-0.5932203389830508,-1.0,-0.8220338983050848,-0.8813559322033898,-0.9067796610169492,-0.711864406779661,-0.3050847457627119,-0.6779661016949152,-0.576271186440678,-0.8898305084745762,-0.7627118644067796,-0.8305084745762712,-0.8559322033898306,-0.711864406779661
7,0.0,0.0,-0.3684210526315789,-0.017543859649122806,-0.6052631578947368,-0.14912280701754385,-0.7894736842105263,-0.22807017543859648,-0.9385964912280702,-0.3333333333333333,-0.3157894736842105,-0.7368421052631579,-0.631578947368421,-0.9210526315789473,-0.8596491228070176,-0.8157894736842105,-0.9649122807017544,-0.6578947368421053,-0.2719298245614035,-0.7543859649122807,-0.6929824561403509,-0.956140350877193,-0.9298245614035088,-0.8245614035087719,-1.0,-0.6578947368421053,-0.2719298245614035,-0.7192982456140351,-0.6666666666666666,-0.9473684210526315,-0.9035087719298246,-0.8157894736842105,-0.9912280701754386,-0.6491228070175439,-0.32456140350877194,-0.631578947368421,-0.6403508771929824,-0.8245614035087719,-0.8333333333333334,-0.7631578947368421,-0.9298245614035088,-0.6491228070175439
7,0.0,0.0,-0.3333333333333333,-0.025,-0.5916666666666667,-0.15833333333333333,-0.7916666666666666,-0.23333333333333334,-0.9583333333333334,-0.3333333333333333,-0.3416666666666667,-0.7416666666666667,-0.6333333333333333,-0.925,-0.85,-0.8333333333333334,-0.9666666666666667,-0.6833333333333333,-0.2833333333333333,-0.7583333333333333,-0.6833333333333333,-0.9583333333333334,-0.9166666666666666,-0.825,-1.0,-0.6583333333333333,-0.26666666666666666,-0.7166666666666667,-0.65,-0.9416666666666667,-0.8916666666666667,-0.8166666666666667,-0.9916666666666667,-0.6583333333333333,-0.3,-0.625,-0.5916666666666667,-0.8083333333333333,-0.7833333333333333,-0.7666666666666667,-0.8833333333333333,-0.6666666666666666
7,0.0,0.0,-0.3282442748091603,-0.007633587786259542,-0.5725190839694656,-0.12213740458015267,-0.7709923664122137,-0.16793893129770993,-0.9541984732824428,-0.22900763358778625,-0.3893129770992366,-0.6946564885496184,-0.6183206106870229,-0.9083969465648855,-0.8320610687022901,-0.8473282442748091,-0.9618320610687023,-0.732824427480916,-0.3282442748091603,-0.732824427480916,-0.6564885496183206,-0.9770992366412213,-0.8931297709923665,-0.8778625954198473,-1.0,-0.732824427480916,-0.3053435114503817,-0.7099236641221374,-0.6259541984732825,-0.9618320610687023,-0.8625954198473282,-0.8702290076335878,-0.9694656488549618,-0.7404580152671756,-0.33587786259541985,-0.6412213740458015,-0.5801526717557252,-0.8473282442748091,-0.7709923664122137,-0.8320610687022901,-0.8931297709923665,-0.7633587786259542
7,0.0,0.0,-0.3262411347517731,-0.0070921985815602835,-0.5815602836879432,-0.10638297872340426,-0.7659574468085106,-0.1347517730496454,-0.9290780141843972,-0.19148936170212766,-0.40425531914893614,-0.6453900709219859,-0.6312056737588653,-0.8581560283687943,-0.8368794326241135,-0.8085106382978723,-0.9645390070921985,-0.6879432624113475,-0.3475177304964539,-0.6737588652482269,-0.6666666666666666,-0.9219858156028369,-0.900709219858156,-0.8368794326241135,-1.0,-0.6808510638297872,-0.3262411347517731,-0.6595744680851063,-0.6312056737588653,-0.900709219858156,-0.8652482269503546,-0.8226950354609929,-0.9645390070921985,-0.6879432624113475,-0.3475177304964539,-0.5886524822695035,-0.5886524822695035,-0.7872340425531915,-0.7801418439716312,-0.7730496453900709,-0.8865248226950354,-0.6950354609929078
7,0.0,0.0,-0.32,0.0,-0.5733333333333334,-0.08666666666666667,-0.76,-0.11333333333333333,-0.92,-0.17333333333333334,-0.4533333333333333,-0.6,-0.6466666666666666,-0.8,-0.84,-0.7733333333333333,-0.9733333333333334,-0.6866666666666666,-0.4,-0.6333333333333333,-0.6666666666666666,-0.88,-0.8866666666666667,-0.82,-1.0,-0.6933333333333334,-0.36666666666666664,-0.6333333333333333,-0.6266666666666667,-0.8733333333333333,-0.8533333333333334,-0.8133333333333334,-0.9733333333333334,-0.6866666666666666,-0.37333333333333335,-0.58,-0.5933333333333334,-0.7666666666666667,-0.78,-0.7533333333333333,-0.9,-0.6733333333333333
7,0.0,0.0,-0.2,0.025,-0.4375,0.0,-0.625,0.025,-0.7625,0.0625,-0.4,-0.3,-0.7,-0.1625,-0.875,-0.0125,-0.9875,0.1125,-0.375,-0.2875,-0.7,-0.1375,-0.875,0.025,-1.0,0.1625,-0.35,-0.2375,-0.675,-0.1125,-0.85,0.05,-0.9625,0.175,-0.325,-0.1375,-0.5875,-0.0375,-0.7375,0.0625,-0.8375,0.15
7,0.0,0.0,-0.3032258064516129,0.012903225806451613,-0.5483870967741935,-0.07096774193548387,-0.7354838709677419,-0.09032258064516129,-0.9032258064516129,-0.14193548387096774,-0.43870967741935485,-0.6129032258064516,-0.6451612903225806,-0.8064516129032258,-0.8451612903225807,-0.7741935483870968,-0.9741935483870968,-0.6903225806451613,-0.3935483870967742,-0.6580645161290323,-0.6709677419354839,-0.8838709677419355,-0.8903225806451613,-0.8129032258064516,-1.0,-0.6903225806451613,-0.36129032258064514,-0.6580645161290323,-0.6258064516129033,-0.8903225806451613,-0.8580645161290322,-0.8193548387096774,-0.9612903225806452,-0.6903225806451613,-0.3548387096774194,-0.6064516129032258,-0.5741935483870968,-0.8129032258064516,-0.7612903225806451,-0.7806451612903226,-0.8709677419354839,-0.6774193548387096
7,0.0,0.0,-0.3132530120481928,0.018072289156626505,-0.5963855421686747,-0.060240963855421686,-0.7951807228915663,-0.0783132530120482,-0.9698795180722891,-0.13253012048192772,-0.5120481927710844,-0.5963855421686747,-0.6746987951807228,-0.8373493975903614,-0.8433734939759037,-0.8493975903614458,-0.9698795180722891,-0.8012048192771084,-0.4457831325301205,-0.6445783132530121,-0.6506024096385542,-0.9397590361445783,-0.8674698795180723,-0.9216867469879518,-1.0,-0.8192771084337349,-0.3855421686746988,-0.6626506024096386,-0.5903614457831325,-0.963855421686747,-0.8253012048192772,-0.927710843373494,-0.963855421686747,-0.8253012048192772,-0.3253012048192771,-0.6506024096385542,-0.5180722891566265,-0.891566265060241,-0.7048192771084337,-0.8855421686746988,-0.8253012048192772,-0.8072289156626506
7,0.0,0.0,-0.3050847457627119,0.04519774011299435,-0.576271186440678,-0.011299435028248588,-0.768361581920904,-0.01694915254237288,-0.9378531073446328,-0.05649717514124294,-0.5423728813559322,-0.5310734463276836,-0.6949152542372882,-0.7570621468926554,-0.847457627118644,-0.7853107344632768,-0.9717514124293786,-0.7457627118644068,-0.4915254237288136,-0.5932203389830508,-0.6666666666666666,-0.864406779661017,-0.864406779661017,-0.8587570621468926,-1.0,-0.7740112994350282,-0.4350282485875706,-0.615819209039548,-0.6214689265536724,-0.8926553672316384,-0.8248587570621468,-0.8757062146892656,-0.96045197740113,-0.7853107344632768,-0.3785310734463277,-0.6101694915254238,-0.559322033898305,-0.8135593220338984,-0.7288135593220338,-0.8192090395480226,-0.8587570621468926,-0.768361581920904
7,0.0,0.0,-0.2727272727272727,0.07177033492822966,-0.5406698564593302,0.05263157894736842,-0.7320574162679426,0.05263157894736842,-0.9043062200956937,-0.004784688995215311,-0.5885167464114832,-0.44976076555023925,-0.7416267942583732,-0.6363636363636364,-0.8899521531100478,-0.645933014354067,-0.9904306220095693,-0.5933014354066986,-0.5358851674641149,-0.5119617224880383,-0.722488038277512,-0.7272727272727273,-0.8947368421052632,-0.7177033492822966,-1.0,-0.6267942583732058,-0.4688995215311005,-0.5502392344497608,-0.6555023923444976,-0.7751196172248804,-0.8373205741626795,-0.7559808612440191,-0.9473684210526315,-0.6650717703349283,-0.3875598086124402,-0.5550239234449761,-0.5502392344497608,-0.7559808612440191,-0.7129186602870813,-0.7655502392344498,-0.8229665071770335,-0.7033492822966507
7,0.0,0.0,-0.2545454545454545,0.07272727272727272,-0.5227272727272727,0.045454545454545456,-0.7136363636363636,0.05454545454545454,-0.8818181818181818,0.00909090909090909,-0.5863636363636363,-0.41818181818181815,-0.759090909090909,-0.5954545454545455,-0.9,-0.5909090909090909,-1.0,-0.5318181818181819,-0.5318181818181819,-0.4727272727272727,-0.7363636363636363,-0.6863636363636364,-0.9045454545454545,-0.6545454545454545,-1.0,-0.55,-0.4681818181818182,-0.5045454545454545,-0.6772727272727272,-0.7272727272727273,-0.8545454545454545,-0.6954545454545454,-0.9545454545454546,-0.6,-0.4,-0.5136363636363637,-0.5772727272727273,-0.6954545454545454,-0.7363636363636363,-0.7045454545454546,-0.85,-0.6409090909090909
7,0.0,0.0,-0.2719298245614035,0.05263157894736842,-0.5175438596491229,0.017543859649122806,-0.6885964912280702,0.0043859649122807015,-0.8552631578947368,-0.03070175438596491,-0.5394736842105263,-0.4298245614035088,-0.706140350877193,-0.6140350877192983,-0.8552631578947368,-0.6008771929824561,-0.9649122807017544,-0.5350877192982456,-0.5,-0.4824561403508772,-0.7017543859649122,-0.6885964912280702,-0.8859649122807017,-0.6535087719298246,-1.0,-0.5526315789473685,-0.4649122807017544,-0.5087719298245614,-0.6666666666666666,-0.7236842105263158,-0.8508771929824561,-0.6798245614035088,-0.9692982456140351,-0.5745614035087719,-0.4342105263157895,-0.5043859649122807,-0.6140350877192983,-0.6754385964912281,-0.7719298245614035,-0.6710526315789473,-0.881578947368421,-0.6096491228070176
7,0.0,0.0,-0.25316455696202533,0.07172995780590717,-0.48523206751054854,0.03375527426160337,-0.6708860759493671,0.03375527426160337,-0.8481012658227848,-0.004219409282700422,-0.4978902953586498,-0.4177215189873418,-0.6919831223628692,-0.5738396624472574,-0.8438818565400844,-0.5569620253164557,-0.9493670886075949,-0.5021097046413502,-0.46835443037974683,-0.47257383966244726,-0.7046413502109705,-0.6666666666666666,-0.8987341772151899,-0.620253164556962,-1.0,-0.5147679324894515,-0.4430379746835443,-0.4936708860759494,-0.6751054852320675,-0.6919831223628692,-0.8818565400843882,-0.6329113924050633,-0.9957805907172996,-0.5232067510548524,-0.42616033755274263,-0.4810126582278481,-0.6329113924050633,-0.6371308016877637,-0.7974683544303798,-0.620253164556962,-0.9029535864978903,-0.5527426160337553
7,0.0,0.0,-0.2723404255319149,0.03829787234042553,-0.5319148936170213,0.0,-0.7276595744680852,-0.02127659574468085,-0.9106382978723404,-0.07659574468085106,-0.548936170212766,-0.451063829787234,-0.7446808510638298,-0.6212765957446809,-0.8978723404255319,-0.6212765957446809,-1.0,-0.5617021276595745,-0.4978723404255319,-0.5234042553191489,-0.7106382978723405,-0.7319148936170212,-0.8851063829787233,-0.7148936170212766,-0.9872340425531915,-0.6170212765957447,-0.4340425531914894,-0.5574468085106383,-0.6340425531914894,-0.7787234042553192,-0.8170212765957446,-0.7574468085106383,-0.9361702127659575,-0.676595744680851,-0.3617021276595745,-0.5659574468085107,-0.5191489361702127,-0.7404255319148936,-0.6680851063829787,-0.7531914893617021,-0.7872340425531915,-0.7021276595744681
7,0.0,0.0,-0.25475285171102663,0.049429657794676805,-0.5095057034220533,0.0076045627376425855,-0.7072243346007605,0.0038022813688212928,-0.8859315589353612,-0.045627376425855515,-0.5399239543726235,-0.4296577946768061,-0.7338403041825095,-0.5931558935361216,-0.8897338403041825,-0.6007604562737643,-1.0,-0.5627376425855514,-0.49429657794676807,-0.49429657794676807,-0.7110266159695817,-0.6920152091254753,-0.8935361216730038,-0.6768060836501901,-0.9961977186311787,-0.5855513307984791,-0.4372623574144487,-0.5247148288973384,-0.6539923954372624,-0.7338403041825095,-0.8403041825095057,-0.7072243346007605,-0.9543726235741445,-0.623574144486692,-0.38022813688212925,-0.5247148288973384,-0.5665399239543726,-0.6996197718631179,-0.7262357414448669,-0.6920152091254753,-0.8365019011406845,-0.623574144486692
7,0.0,0.0,-0.2392857142857143,0.05357142857142857,-0.4928571428571429,0.02142857142857143,-0.675,0.02142857142857143,-0.8428571428571429,-0.007142857142857143,-0.5357142857142857,-0.3964285714285714,-0.7142857142857143,-0.5571428571428572,-0.8678571428571429,-0.5642857142857143,-0.9821428571428571,-0.5285714285714286,-0.4928571428571429,-0.45,-0.7107142857142857,-0.6357142857142857,-0.8857142857142857,-0.6142857142857143,-1.0,-0.5392857142857143,-0.44642857142857145,-0.4785714285714286,-0.6642857142857143,-0.6642857142857143,-0.85,-0.6357142857142857,-0.9642857142857143,-0.5607142857142857,-0.3964285714285714,-0.4785714285714286,-0.5964285714285714,-0.6321428571428571,-0.7464285714285714,-0.625,-0.85,-0.5642857142857143
7,0.0,0.0,-0.23674911660777384,0.0636042402826855,-0.46996466431095407,0.04240282685512368,-0.6431095406360424,0.053003533568904596,-0.7950530035335689,0.038869257950530034,-0.5229681978798587,-0.36042402826855124,-0.7137809187279152,-0.49823321554770317,-0.8621908127208481,-0.4840989399293286,-0.9717314487632509,-0.4381625441696113,-0.4911660777385159,-0.4134275618374558,-0.7314487632508834,-0.5724381625441696,-0.901060070671378,-0.5229681978798587,-1.0,-0.43109540636042404,-0.45936395759717313,-0.4275618374558304,-0.696113074204947,-0.5901060070671378,-0.8798586572438163,-0.5406360424028268,-0.9858657243816255,-0.45229681978798586,-0.43462897526501765,-0.4169611307420495,-0.6466431095406361,-0.5441696113074205,-0.7985865724381626,-0.5229681978798587,-0.901060070671378,-0.4628975265017668
7,0.0,0.0,-0.2623574144486692,0.04182509505703422,-0.49429657794676807,0.022813688212927757,-0.6615969581749049,0.026615969581749048,-0.8136882129277566,0.019011406844106463,-0.5285171102661597,-0.3612167300380228,-0.7262357414448669,-0.5057034220532319,-0.870722433460076,-0.49429657794676807,-0.9771863117870723,-0.4524714828897338,-0.49429657794676807,-0.41064638783269963,-0.7414448669201521,-0.5817490494296578,-0.908745247148289,-0.5285171102661597,-1.0,-0.4372623574144487,-0.4714828897338403,-0.4220532319391635,-0.714828897338403,-0.5931558935361216,-0.8897338403041825,-0.5399239543726235,-0.9847908745247148,-0.44866920152091255,-0.4600760456273764,-0.4068441064638783,-0.6615969581749049,-0.5437262357414449,-0.8098859315589354,-0.5361216730038023,-0.9125475285171103,-0.4790874524714829
7,0.0,0.0,-0.26359832635983266,0.04602510460251046,-0.497907949790795,0.02092050209205021,-0.6736401673640168,0.016736401673640166,-0.8075313807531381,0.0041841004184100415,-0.5230125523012552,-0.39330543933054396,-0.7447698744769874,-0.5188284518828452,-0.891213389121339,-0.4686192468619247,-0.9874476987447699,-0.39330543933054396,-0.49372384937238495,-0.4309623430962343,-0.7782426778242678,-0.5690376569037657,-0.9330543933054394,-0.4895397489539749,-1.0,-0.38493723849372385,-0.4769874476987448,-0.42677824267782427,-0.7405857740585774,-0.5648535564853556,-0.899581589958159,-0.49372384937238495,-0.9748953974895398,-0.3891213389121339,-0.4686192468619247,-0.38493723849372385,-0.6736401673640168,-0.49372384937238495,-0.8075313807531381,-0.46443514644351463,-0.8828451882845189,-0.39748953974895396
7,0.0,0.0,-0.3241758241758242,-0.005494505494505495,-0.5604395604395604,-0.04945054945054945,-0.7362637362637363,-0.054945054945054944,-0.8791208791208791,-0.07692307692307693,-0.5604395604395604,-0.4835164835164835,-0.7747252747252747,-0.6648351648351648,-0.9230769230769231,-0.5989010989010989,-0.9945054945054945,-0.5,-0.5274725274725275,-0.510989010989011,-0.7857142857142857,-0.7087912087912088,-0.9505494505494505,-0.6153846153846154,-1.0,-0.4945054945054945,-0.5,-0.510989010989011,-0.7417582417582418,-0.7032967032967034,-0.9065934065934066,-0.6153846153846154,-0.9725274725274725,-0.4945054945054945,-0.4835164835164835,-0.489010989010989,-0.6868131868131868,-0.6373626373626373,-0.8296703296703297,-0.6043956043956044,-0.9010989010989011,-0.521978021978022
7,0.0,0.0,-0.3167701863354037,-0.012422360248447204,-0.5527950310559007,-0.062111801242236024,-0.7142857142857143,-0.06832298136645963,-0.8509316770186336,-0.08695652173913043,-0.5652173913043478,-0.515527950310559,-0.7639751552795031,-0.7080745341614907,-0.9130434782608695,-0.6708074534161491,-1.0,-0.5838509316770186,-0.5093167701863354,-0.5527950310559007,-0.7701863354037267,-0.7639751552795031,-0.9254658385093167,-0.6956521739130435,-0.9937888198757764,-0.5900621118012422,-0.45962732919254656,-0.546583850931677,-0.7142857142857143,-0.7515527950310559,-0.8881987577639752,-0.6832298136645962,-0.968944099378882,-0.5838509316770186,-0.4161490683229814,-0.5093167701863354,-0.639751552795031,-0.6459627329192547,-0.7950310559006211,-0.6335403726708074,-0.9006211180124224,-0.5900621118012422
7,0.0,0.0,-0.23711340206185566,0.09278350515463918,-0.5051546391752577,0.041237113402061855,-0.711340206185567,0.030927835051546393,-0.8969072164948454,-0.030927835051546393,-0.4536082474226804,-0.5567010309278351,-0.6082474226804123,-0.8247422680412371,-0.8041237113402062,-0.8556701030927835,-0.9484536082474226,-0.8041237113402062,-0.4020618556701031,-0.6082474226804123,-0.6185567010309279,-0.9072164948453608,-0.8556701030927835,-0.8865979381443299,-1.0,-0.7938144329896907,-0.36082474226804123,-0.6288659793814433,-0.5773195876288659,-0.9175257731958762,-0.8144329896907216,-0.9072164948453608,-0.9690721649484536,-0.8247422680412371,-0.31958762886597936,-0.6082474226804123,-0.5154639175257731,-0.8144329896907216,-0.7010309278350515,-0.8556701030927835,-0.845360824742268,-0.8350515463917526
7,0.0,0.0,-0.336,0.0,-0.616,-0.064,-0.816,-0.096,-0.992,-0.128,-0.592,-0.528,-0.792,-0.76,-0.928,-0.728,-1.0,-0.632,-0.528,-0.568,-0.768,-0.832,-0.928,-0.768,-0.992,-0.648,-0.472,-0.584,-0.712,-0.84,-0.896,-0.776,-0.984,-0.656,-0.424,-0.568,-0.648,-0.752,-0.808,-0.744,-0.92,-0.68
7,0.0,0.0,-0.3364485981308411,-0.009345794392523364,-0.5981308411214953,-0.06542056074766354,-0.794392523364486,-0.102803738317757,-0.9252336448598131,-0.18691588785046728,-0.5420560747663551,-0.5887850467289719,-0.719626168224299,-0.8411214953271028,-0.8878504672897196,-0.822429906542056,-0.9906542056074766,-0.7476635514018691,-0.48598130841121495,-0.6448598130841121,-0.7289719626168224,-0.9252336448598131,-0.9158878504672897,-0.8785046728971962,-1.0,-0.7570093457943925,-0.45794392523364486,-0.6635514018691588,-0.6915887850467289,-0.9345794392523364,-0.8878504672897196,-0.8785046728971962,-0.9906542056074766,-0.7663551401869159,-0.42990654205607476,-0.6635514018691588,-0.6448598130841121,-0.8691588785046729,-0.822429906542056,-0.8598130841121495,-0.9345794392523364,-0.7850467289719626
7,0.0,0.0,-0.22093023255813954,0.11627906976744186,-0.5232558139534884,0.08139534883720931,-0.7441860465116279,0.046511627906976744,-0.9418604651162791,-0.05813953488372093,-0.45348837209302323,-0.5465116279069767,-0.6395348837209303,-0.7790697674418605,-0.8372093023255814,-0.8255813953488372,-0.9767441860465116,-0.7906976744186046,-0.38372093023255816,-0.6395348837209303,-0.6046511627906976,-0.9186046511627907,-0.8372093023255814,-0.9186046511627907,-1.0,-0.8372093023255814,-0.32558139534883723,-0.6976744186046512,-0.5465116279069767,-1.0,-0.8023255813953488,-0.9883720930232558,-0.9651162790697675,-0.9069767441860465,-0.27906976744186046,-0.7209302325581395,-0.4883720930232558,-0.9651162790697675,-0.686046511627907,-1.0,-0.8372093023255814,-0.9534883720930233
7,0.0,0.0,-0.29591836734693877,0.030612244897959183,-0.5714285714285714,-0.030612244897959183,-0.7653061224489796,-0.05102040816326531,-0.9183673469387755,-0.1326530612244898,-0.5306122448979592,-0.6122448979591837,-0.7040816326530612,-0.8469387755102041,-0.8673469387755102,-0.8571428571428571,-0.9693877551020408,-0.8061224489795918,-0.46938775510204084,-0.6632653061224489,-0.673469387755102,-0.9591836734693877,-0.8673469387755102,-0.9387755102040817,-0.9897959183673469,-0.8469387755102041,-0.40816326530612246,-0.6938775510204082,-0.6122448979591837,-1.0,-0.8367346938775511,-0.9795918367346939,-0.9591836734693877,-0.8775510204081632,-0.35714285714285715,-0.6836734693877551,-0.5510204081632653,-0.9183673469387755,-0.7448979591836735,-0.9387755102040817,-0.8673469387755102,-0.8877551020408163
7,0.0,0.0,-0.2871287128712871,0.039603960396039604,-0.5544554455445545,-0.0297029702970297,-0.7524752475247525,-0.06930693069306931,-0.9108910891089109,-0.1485148514851485,-0.504950495049505,-0.594059405940594,-0.6435643564356436,-0.8712871287128713,-0.7821782178217822,-0.900990099009901,-0.900990099009901,-0.8811881188118812,-0.42574257425742573,-0.6534653465346535,-0.5742574257425742,-0.9702970297029703,-0.7623762376237624,-0.9801980198019802,-0.8910891089108911,-0.900990099009901,-0.3465346534653465,-0.6831683168316832,-0.504950495049505,-1.0,-0.7227722772277227,-1.0,-0.8712871287128713,-0.9306930693069307,-0.27722772277227725,-0.6831683168316832,-0.43564356435643564,-0.9108910891089109,-0.6138613861386139,-0.9603960396039604,-0.7425742574257426,-0.9306930693069307
7,0.0,0.0,-0.25688073394495414,0.0,-0.4954128440366973,-0.07339449541284404,-0.6697247706422018,-0.13761467889908258,-0.8073394495412844,-0.22935779816513763,-0.3853211009174312,-0.5779816513761468,-0.48623853211009177,-0.8348623853211009,-0.6146788990825688,-0.8990825688073395,-0.7155963302752294,-0.8899082568807339,-0.3119266055045872,-0.6330275229357798,-0.43119266055045874,-0.9357798165137615,-0.5963302752293578,-0.981651376146789,-0.7247706422018348,-0.926605504587156,-0.24770642201834864,-0.6605504587155964,-0.3761467889908257,-0.963302752293578,-0.5688073394495413,-1.0,-0.6972477064220184,-0.9541284403669725,-0.1926605504587156,-0.6605504587155964,-0.3302752293577982,-0.8899082568807339,-0.48623853211009177,-0.9541284403669725,-0.6055045871559633,-0.944954128440367
7,0.0,0.0,-0.26666666666666666,0.0,-0.5047619047619047,-0.08571428571428572,-0.6857142857142857,-0.13333333333333333,-0.8285714285714286,-0.21904761904761905,-0.37142857142857144,-0.6190476190476191,-0.47619047619047616,-0.8761904761904762,-0.6285714285714286,-0.9238095238095239,-0.7428571428571429,-0.9047619047619048,-0.3142857142857143,-0.6571428571428571,-0.42857142857142855,-0.9809523809523809,-0.6285714285714286,-0.9904761904761905,-0.7523809523809524,-0.9142857142857143,-0.2571428571428571,-0.6761904761904762,-0.38095238095238093,-0.9904761904761905,-0.5904761904761905,-1.0,-0.7238095238095238,-0.9238095238095239,-0.20952380952380953,-0.6571428571428571,-0.3333333333333333,-0.9047619047619048,-0.4857142857142857,-0.9619047619047619,-0.6095238095238096,-0.9238095238095239
7,0.0,0.0,-0.2616822429906542,-0.018691588785046728,-0.48598130841121495,-0.12149532710280374,-0.6542056074766355,-0.17757009345794392,-0.8037383177570093,-0.2523364485981308,-0.35514018691588783,-0.6074766355140186,-0.4672897196261682,-0.8691588785046729,-0.6074766355140186,-0.9252336448598131,-0.719626168224299,-0.9158878504672897,-0.2897196261682243,-0.6448598130841121,-0.411214953271028,-0.9626168224299065,-0.5887850467289719,-0.9906542056074766,-0.719626168224299,-0.9345794392523364,-0.22429906542056074,-0.6635514018691588,-0.35514018691588783,-0.9719626168224299,-0.5607476635514018,-1.0,-0.6915887850467289,-0.9439252336448598,-0.17757009345794392,-0.6448598130841121,-0.3177570093457944,-0.8785046728971962,-0.4766355140186916,-0.9252336448598131,-0.5887850467289719,-0.897196261682243
7,0.0,0.0,-0.24528301886792453,-0.02830188679245283,-0.4716981132075472,-0.12264150943396226,-0.6320754716981132,-0.19811320754716982,-0.7735849056603774,-0.27358490566037735,-0.330188679245283,-0.6132075471698113,-0.42452830188679247,-0.8679245283018868,-0.5660377358490566,-0.9245283018867925,-0.6698113207547169,-0.8962264150943396,-0.2641509433962264,-0.6509433962264151,-0.3867924528301887,-0.9528301886792453,-0.5566037735849056,-0.9905660377358491,-0.6792452830188679,-0.9339622641509434,-0.20754716981132076,-0.6698113207547169,-0.33962264150943394,-0.9622641509433962,-0.5188679245283019,-1.0,-0.6509433962264151,-0.9433962264150944,-0.16981132075471697,-0.6415094339622641,-0.3018867924528302,-0.8584905660377359,-0.44339622641509435,-0.9150943396226415,-0.5566037735849056,-0.9150943396226415
7,0.0,0.0,-0.2403846153846154,-0.057692307692307696,-0.4519230769230769,-0.17307692307692307,-0.6057692307692307,-0.2403846153846154,-0.7307692307692307,-0.3076923076923077,-0.28846153846153844,-0.6346153846153846,-0.3557692307692308,-0.9038461538461539,-0.5,-0.9423076923076923,-0.5961538461538461,-0.9134615384615384,-0.22115384615384615,-0.6634615384615384,-0.3173076923076923,-0.9807692307692307,-0.49038461538461536,-1.0,-0.6057692307692307,-0.9326923076923077,-0.16346153846153846,-0.6634615384615384,-0.2692307692307692,-0.9711538461538461,-0.46153846153846156,-0.9903846153846154,-0.5865384615384616,-0.9326923076923077,-0.11538461538461539,-0.6346153846153846,-0.23076923076923078,-0.8557692307692307,-0.38461538461538464,-0.9134615384615384,-0.5,-0.8942307692307693
7,0.0,0.0,-0.25,-0.03,-0.48,-0.14,-0.64,-0.2,-0.77,-0.28,-0.34,-0.63,-0.4,-0.91,-0.54,-0.95,-0.66,-0.92,-0.27,-0.66,-0.35,-0.98,-0.53,-1.0,-0.66,-0.92,-0.21,-0.66,-0.3,-0.96,-0.49,-0.98,-0.62,-0.92,-0.15,-0.63,-0.27,-0.84,-0.41,-0.89,-0.51,-0.89
7,0.0,0.0,-0.2727272727272727,-0.04040404040404041,-0.494949494949495,-0.15151515151515152,-0.6565656565656566,-0.20202020202020202,-0.797979797979798,-0.2828282828282828,-0.3333333333333333,-0.6363636363636364,-0.42424242424242425,-0.8888888888888888,-0.5757575757575758,-0.9393939393939394,-0.696969696969697,-0.9191919191919192,-0.26262626262626265,-0.6565656565656566,-0.37373737373737376,-0.9797979797979798,-0.5656565656565656,-1.0,-0.7070707070707071,-0.9191919191919192,-0.20202020202020202,-0.6565656565656566,-0.32323232323232326,-0.9595959595959596,-0.5252525252525253,-0.9797979797979798,-0.6666666666666666,-0.9090909090909091,-0.15151515151515152,-0.6262626262626263,-0.29292929292929293,-0.8484848484848485,-0.4444444444444444,-0.9090909090909091,-0.5656565656565656,-0.898989898989899
7,0.0,0.0,-0.2828282828282828,0.0,-0.5252525252525253,-0.09090909090909091,-0.696969696969697,-0.15151515151515152,-0.8484848484848485,-0.23232323232323232,-0.3838383838383838,-0.6262626262626263,-0.494949494949495,-0.8585858585858586,-0.6464646464646465,-0.9090909090909091,-0.7676767676767676,-0.8787878787878788,-0.32323232323232326,-0.6666666666666666,-0.45454545454545453,-0.9595959595959596,-0.6464646464646465,-0.9696969696969697,-0.7777777777777778,-0.9090909090909091,-0.26262626262626265,-0.6868686868686869,-0.40404040404040403,-0.98989898989899,-0.6161616161616161,-1.0,-0.7676767676767676,-0.9393939393939394,-0.2222222222222222,-0.6767676767676768,-0.3838383838383838,-0.9090909090909091,-0.5454545454545454,-0.9595959595959596,-0.6767676767676768,-0.9393939393939394
7,0.0,0.0,-0.27835051546391754,0.010309278350515464,-0.5463917525773195,-0.07216494845360824,-0.7525773195876289,-0.12371134020618557,-0.9072164948453608,-0.2268041237113402,-0.422680412371134,-0.6185567010309279,-0.5773195876288659,-0.8350515463917526,-0.7422680412371134,-0.865979381443299,-0.8556701030927835,-0.8247422680412371,-0.36082474226804123,-0.6701030927835051,-0.5463917525773195,-0.9381443298969072,-0.7319587628865979,-0.9381443298969072,-0.8556701030927835,-0.865979381443299,-0.29896907216494845,-0.7010309278350515,-0.4639175257731959,-0.9896907216494846,-0.6804123711340206,-0.9896907216494846,-0.8247422680412371,-0.9278350515463918,-0.2268041237113402,-0.7010309278350515,-0.38144329896907214,-0.9587628865979382,-0.5670103092783505,-1.0,-0.7010309278350515,-0.9690721649484536
7,0.0,0.0,-0.2727272727272727,0.050505050505050504,-0.5454545454545454,-0.010101010101010102,-0.7575757575757576,-0.06060606060606061,-0.9090909090909091,-0.16161616161616163,-0.41414141414141414,-0.5858585858585859,-0.5656565656565656,-0.8181818181818182,-0.7272727272727273,-0.8686868686868687,-0.8383838383838383,-0.8585858585858586,-0.35353535353535354,-0.6464646464646465,-0.5252525252525253,-0.9191919191919192,-0.7070707070707071,-0.9393939393939394,-0.8282828282828283,-0.8787878787878788,-0.29292929292929293,-0.6868686868686869,-0.47474747474747475,-0.9696969696969697,-0.6767676767676768,-0.98989898989899,-0.797979797979798,-0.9292929292929293,-0.23232323232323232,-0.7070707070707071,-0.3939393939393939,-0.9494949494949495,-0.5555555555555556,-1.0,-0.6767676767676768,-0.9696969696969697
7,0.0,0.0,-0.2608695652173913,-0.017391304347826087,-0.48695652173913045,-0.10434782608695652,-0.6608695652173913,-0.16521739130434782,-0.8,-0.2608695652173913,-0.3217391304347826,-0.6173913043478261,-0.41739130434782606,-0.8521739130434782,-0.5739130434782609,-0.9304347826086956,-0.7043478260869566,-0.9391304347826087,-0.26956521739130435,-0.6521739130434783,-0.4,-0.9391304347826087,-0.5826086956521739,-0.9739130434782609,-0.7130434782608696,-0.9304347826086956,-0.21739130434782608,-0.6782608695652174,-0.3391304347826087,-0.9652173913043478,-0.5391304347826087,-1.0,-0.6782608695652174,-0.9565217391304348,-0.1565217391304348,-0.6782608695652174,-0.26956521739130435,-0.9217391304347826,-0.4260869565217391,-0.991304347826087,-0.5565217391304348,-0.9826086956521739
7,0.0,0.0,-0.24812030075187969,-0.05263157894736842,-0.42105263157894735,-0.17293233082706766,-0.5714285714285714,-0.24812030075187969,-0.6992481203007519,-0.3533834586466165,-0.15037593984962405,-0.6390977443609023,-0.2631578947368421,-0.8872180451127819,-0.44360902255639095,-0.9398496240601504,-0.5789473684210527,-0.9172932330827067,-0.09774436090225563,-0.6691729323308271,-0.2556390977443609,-0.9699248120300752,-0.46616541353383456,-0.9924812030075187,-0.6165413533834586,-0.9398496240601504,-0.06015037593984962,-0.6766917293233082,-0.21052631578947367,-0.9849624060150376,-0.43609022556390975,-1.0,-0.5789473684210527,-0.9398496240601504,-0.05263157894736842,-0.6541353383458647,-0.18045112781954886,-0.8947368421052632,-0.3383458646616541,-0.9473684210526315,-0.45864661654135336,-0.9323308270676691
7,0.0,0.0,-0.25,-0.058823529411764705,-0.45588235294117646,-0.17647058823529413,-0.625,-0.23529411764705882,-0.7573529411764706,-0.33088235294117646,-0.25,-0.6323529411764706,-0.38235294117647056,-0.8529411764705882,-0.5514705882352942,-0.875,-0.6544117647058824,-0.8308823529411765,-0.19117647058823528,-0.6764705882352942,-0.34558823529411764,-0.9632352941176471,-0.5441176470588235,-0.9705882352941176,-0.6691176470588235,-0.8970588235294118,-0.14705882352941177,-0.6838235294117647,-0.29411764705882354,-0.9852941176470589,-0.5073529411764706,-1.0,-0.6397058823529411,-0.9338235294117647,-0.125,-0.6691176470588235,-0.27205882352941174,-0.9044117647058824,-0.4411764705882353,-0.9558823529411765,-0.5661764705882353,-0.9338235294117647
7,0.0,0.0,-0.2589928057553957,-0.03597122302158273,-0.4892086330935252,-0.15827338129496402,-0.6474820143884892,-0.22302158273381295,-0.7697841726618705,-0.3381294964028777,-0.2517985611510791,-0.6546762589928058,-0.4028776978417266,-0.8848920863309353,-0.5827338129496403,-0.8992805755395683,-0.7050359712230215,-0.841726618705036,-0.18705035971223022,-0.6906474820143885,-0.37410071942446044,-0.9784172661870504,-0.5899280575539568,-0.9712230215827338,-0.7266187050359713,-0.8848920863309353,-0.1366906474820144,-0.6906474820143885,-0.31654676258992803,-0.9928057553956835,-0.5539568345323741,-1.0,-0.697841726618705,-0.920863309352518,-0.11510791366906475,-0.6546762589928058,-0.28776978417266186,-0.8992805755395683,-0.4676258992805755,-0.9424460431654677,-0.5971223021582733,-0.9136690647482014
7,0.0,0.0,-0.24489795918367346,-0.047619047619047616,-0.4557823129251701,-0.17006802721088435,-0.6122448979591837,-0.23129251700680273,-0.7074829931972789,-0.3401360544217687,-0.2653061224489796,-0.6462585034013606,-0.3741496598639456,-0.8775510204081632,-0.5306122448979592,-0.8979591836734694,-0.6530612244897959,-0.8571428571428571,-0.19727891156462585,-0.6802721088435374,-0.3333333333333333,-0.9795918367346939,-0.5374149659863946,-0.9795918367346939,-0.673469387755102,-0.9047619047619048,-0.14285714285714285,-0.673469387755102,-0.2653061224489796,-0.9863945578231292,-0.4897959183673469,-1.0,-0.6326530612244898,-0.9387755102040817,-0.09523809523809523,-0.6394557823129252,-0.22448979591836735,-0.891156462585034,-0.3945578231292517,-0.9455782312925171,-0.5238095238095238,-0.9251700680272109
7,0.0,0.0,-0.2375,-0.0375,-0.45625,-0.15625,-0.625,-0.21875,-0.74375,-0.3,-0.28125,-0.61875,-0.4125,-0.83125,-0.575,-0.85625,-0.70625,-0.8125,-0.2125,-0.6625,-0.34375,-0.9375,-0.5375,-0.95625,-0.675,-0.88125,-0.14375,-0.675,-0.24375,-0.96875,-0.45625,-1.0,-0.6,-0.9375,-0.08125,-0.64375,-0.175,-0.89375,-0.3375,-0.95,-0.475,-0.925
7,0.0,0.0,-0.24615384615384617,-0.046153846153846156,-0.46153846153846156,-0.19487179487179487,-0.6205128205128205,-0.28205128205128205,-0.7384615384615385,-0.39487179487179486,-0.24615384615384617,-0.6256410256410256,-0.3282051282051282,-0.8666666666666667,-0.48717948717948717,-0.8974358974358975,-0.6256410256410256,-0.8717948717948718,-0.1794871794871795,-0.6564102564102564,-0.27692307692307694,-0.9538461538461539,-0.47692307692307695,-0.9794871794871794,-0.6153846153846154,-0.9230769230769231,-0.11282051282051282,-0.6615384615384615,-0.2,-0.9692307692307692,-0.40512820512820513,-1.0,-0.5487179487179488,-0.9538461538461539,-0.05128205128205128,-0.6358974358974359,-0.14358974358974358,-0.882051282051282,-0.30256410256410254,-0.9435897435897436,-0.4307692307692308,-0.9333333333333333
7,0.0,0.0,-0.31382978723404253,-0.010638297872340425,-0.5797872340425532,-0.11170212765957446,-0.7712765957446809,-0.19148936170212766,-0.9308510638297872,-0.28191489361702127,-0.4734042553191489,-0.6063829787234043,-0.6170212765957447,-0.8085106382978723,-0.7659574468085106,-0.8670212765957447,-0.8882978723404256,-0.8776595744680851,-0.4095744680851064,-0.6648936170212766,-0.574468085106383,-0.9202127659574468,-0.75,-0.9574468085106383,-0.8882978723404256,-0.9202127659574468,-0.32978723404255317,-0.7021276595744681,-0.48936170212765956,-0.9627659574468085,-0.6808510638297872,-0.9840425531914894,-0.8191489361702128,-0.9308510638297872,-0.22872340425531915,-0.7074468085106383,-0.3723404255319149,-0.9521276595744681,-0.5425531914893617,-1.0,-0.6808510638297872,-0.973404255319149
7,0.0,0.0,-0.3054187192118227,0.034482758620689655,-0.5763546798029556,-0.04433497536945813,-0.7733990147783252,-0.07881773399014778,-0.9605911330049262,-0.11822660098522167,-0.5270935960591133,-0.5517241379310345,-0.6798029556650246,-0.7487684729064039,-0.8423645320197044,-0.7783251231527094,-0.9753694581280788,-0.7487684729064039,-0.46798029556650245,-0.6009852216748769,-0.6502463054187192,-0.8472906403940886,-0.8571428571428571,-0.8374384236453202,-1.0,-0.7487684729064039,-0.39901477832512317,-0.6157635467980296,-0.5812807881773399,-0.8768472906403941,-0.8078817733990148,-0.8620689655172413,-0.9605911330049262,-0.7733990147783252,-0.33004926108374383,-0.5960591133004927,-0.4975369458128079,-0.812807881773399,-0.6847290640394089,-0.8374384236453202,-0.812807881773399,-0.7881773399014779
7,0.0,0.0,-0.29017857142857145,0.026785714285714284,-0.5535714285714286,-0.044642857142857144,-0.7455357142857143,-0.05803571428571429,-0.9196428571428571,-0.10714285714285714,-0.47767857142857145,-0.53125,-0.65625,-0.7232142857142857,-0.8348214285714286,-0.7410714285714286,-0.9776785714285714,-0.7053571428571429,-0.42857142857142855,-0.5758928571428571,-0.6473214285714286,-0.8258928571428571,-0.8616071428571429,-0.8125,-1.0,-0.71875,-0.3794642857142857,-0.5803571428571429,-0.5892857142857143,-0.8392857142857143,-0.8125,-0.8214285714285714,-0.9642857142857143,-0.7321428571428571,-0.34375,-0.5535714285714286,-0.5267857142857143,-0.75,-0.7098214285714286,-0.7633928571428571,-0.8571428571428571,-0.71875
7,0.0,0.0,-0.27896995708154504,0.017167381974248927,-0.51931330472103,-0.012875536480686695,-0.6995708154506438,-0.017167381974248927,-0.8583690987124464,-0.02575107296137339,-0.5622317596566524,-0.39914163090128757,-0.7467811158798283,-0.5836909871244635,-0.8927038626609443,-0.575107296137339,-1.0,-0.5236051502145923,-0.5150214592274678,-0.43776824034334766,-0.7339055793991416,-0.6609442060085837,-0.9055793991416309,-0.6266094420600858,-1.0,-0.5278969957081545,-0.4592274678111588,-0.45064377682403434,-0.6609442060085837,-0.6609442060085837,-0.8369098712446352,-0.6180257510729614,-0.9399141630901288,-0.51931330472103,-0.39914163090128757,-0.43776824034334766,-0.5665236051502146,-0.5708154506437768,-0.7081545064377682,-0.5536480686695279,-0.8111587982832618,-0.4892703862660944
7,0.0,0.0,-0.2612244897959184,0.04897959183673469,-0.49795918367346936,0.044897959183673466,-0.6693877551020408,0.061224489795918366,-0.8204081632653061,0.07346938775510205,-0.5714285714285714,-0.2979591836734694,-0.7510204081632653,-0.4530612244897959,-0.8857142857142857,-0.44081632653061226,-0.9918367346938776,-0.39591836734693875,-0.5306122448979592,-0.3346938775510204,-0.7510204081632653,-0.5306122448979592,-0.9061224489795918,-0.47346938775510206,-1.0,-0.37142857142857144,-0.4775510204081633,-0.3469387755102041,-0.6816326530612244,-0.5224489795918368,-0.8530612244897959,-0.46938775510204084,-0.9551020408163265,-0.3673469387755102,-0.4204081632653061,-0.3224489795918367,-0.5877551020408164,-0.43673469387755104,-0.7224489795918367,-0.4122448979591837,-0.8163265306122449,-0.3469387755102041
7,0.0,0.0,-0.26609442060085836,0.04291845493562232,-0.5021459227467812,0.030042918454935622,-0.6824034334763949,0.030042918454935622,-0.8497854077253219,0.012875536480686695,-0.575107296137339,-0.33476394849785407,-0.7553648068669528,-0.4892703862660944,-0.8969957081545065,-0.47639484978540775,-1.0,-0.4206008583690987,-0.5278969957081545,-0.38197424892703863,-0.7424892703862661,-0.5793991416309013,-0.9055793991416309,-0.5278969957081545,-0.9957081545064378,-0.41201716738197425,-0.4721030042918455,-0.39914163090128757,-0.6824034334763949,-0.5836909871244635,-0.8540772532188842,-0.5278969957081545,-0.9527896995708155,-0.41630901287553645,-0.41201716738197425,-0.3905579399141631,-0.5879828326180258,-0.5150214592274678,-0.721030042918455,-0.4978540772532189,-0.8197424892703863,-0.4291845493562232
7,0.0,0.0,-0.28444444444444444,0.022222222222222223,-0.52,-0.0044444444444444444,-0.7066666666666667,-0.0044444444444444444,-0.88,-0.04,-0.5688888888888889,-0.37777777777777777,-0.7377777777777778,-0.5466666666666666,-0.8844444444444445,-0.5377777777777778,-0.9911111111111112,-0.47555555555555556,-0.52,-0.4311111111111111,-0.7155555555555555,-0.64,-0.8888888888888888,-0.6,-1.0,-0.4888888888888889,-0.4577777777777778,-0.4444444444444444,-0.6533333333333333,-0.6577777777777778,-0.8355555555555556,-0.6133333333333333,-0.9466666666666667,-0.5066666666666667,-0.39555555555555555,-0.4266666666666667,-0.5644444444444444,-0.5733333333333334,-0.7155555555555555,-0.5688888888888889,-0.8266666666666667,-0.5111111111111111
8,0.0,0.0,-0.07630522088353414,-0.11646586345381527,-0.08433734939759036,-0.24899598393574296,0.020080321285140562,-0.357429718875502,0.1285140562248996,-0.43373493975903615,-0.060240963855421686,-0.5020080321285141,-0.08032128514056225,-0.7309236947791165,-0.07630522088353414,-0.8634538152610441,-0.06827309236947791,-0.9799196787148594,0.04819277108433735,-0.4859437751004016,0.10040160642570281,-0.7389558232931727,0.14457831325301204,-0.8795180722891566,0.17670682730923695,-1.0,0.1285140562248996,-0.42971887550200805,0.21686746987951808,-0.5943775100401606,0.27710843373493976,-0.714859437751004,0.321285140562249,-0.8353413654618473,0.17670682730923695,-0.321285140562249,0.18875502008032127,-0.4538152610441767,0.15261044176706828,-0.40963855421686746,0.10843373493975904,-0.3373493975903614
8,0.0,0.0,-0.09505703422053231,-0.11787072243346007,-0.11026615969581749,-0.25475285171102663,-0.015209125475285171,-0.3840304182509506,0.08365019011406843,-0.46387832699619774,-0.13688212927756654,-0.49429657794676807,-0.19011406844106463,-0.7034220532319392,-0.21292775665399238,-0.8288973384030418,-0.22813688212927757,-0.935361216730038,-0.022813688212927757,-0.49809885931558934,-0.0076045627376425855,-0.7452471482889734,0.019011406844106463,-0.8859315589353612,0.04182509505703422,-1.0,0.06463878326996197,-0.44866920152091255,0.13688212927756654,-0.6121673003802282,0.19391634980988592,-0.7224334600760456,0.23574144486692014,-0.8326996197718631,0.12927756653992395,-0.34980988593155893,0.12547528517110265,-0.4866920152091255,0.09885931558935361,-0.44866920152091255,0.06844106463878327,-0.3840304182509506
8,0.0,0.0,-0.10344827586206896,-0.09578544061302682,-0.1417624521072797,-0.21455938697318008,-0.04980842911877394,-0.3333333333333333,0.05363984674329502,-0.4061302681992337,-0.14942528735632185,-0.47126436781609193,-0.2222222222222222,-0.6819923371647509,-0.26053639846743293,-0.8045977011494253,-0.2835249042145594,-0.9118773946360154,-0.0421455938697318,-0.4827586206896552,-0.038314176245210725,-0.7394636015325671,-0.022988505747126436,-0.8812260536398467,-0.01532567049808429,-1.0,0.0421455938697318,-0.4444444444444444,0.10727969348659004,-0.6168582375478927,0.15708812260536398,-0.7279693486590039,0.19157088122605365,-0.8467432950191571,0.10727969348659004,-0.34099616858237547,0.1111111111111111,-0.48659003831417624,0.08045977011494253,-0.4521072796934866,0.04597701149425287,-0.37547892720306514
8,0.0,0.0,-0.10408921933085502,-0.08921933085501858,-0.1412639405204461,-0.1970260223048327,-0.03345724907063197,-0.30855018587360594,0.07434944237918216,-0.3828996282527881,-0.1524163568773234,-0.46096654275092935,-0.2379182156133829,-0.6728624535315985,-0.2788104089219331,-0.7955390334572491,-0.3048327137546468,-0.9033457249070632,-0.040892193308550186,-0.4758364312267658,-0.03717472118959108,-0.7360594795539034,-0.026022304832713755,-0.8773234200743495,-0.011152416356877323,-1.0,0.04460966542750929,-0.4349442379182156,0.11152416356877323,-0.5985130111524164,0.15985130111524162,-0.7174721189591078,0.19330855018587362,-0.8364312267657993,0.11524163568773234,-0.3271375464684015,0.11524163568773234,-0.4646840148698885,0.08178438661710037,-0.4312267657992565,0.048327137546468404,-0.36059479553903345
8,0.0,0.0,-0.10869565217391304,-0.09057971014492754,-0.14492753623188406,-0.2028985507246377,-0.050724637681159424,-0.32971014492753625,0.03985507246376811,-0.4166666666666667,-0.15217391304347827,-0.4673913043478261,-0.23550724637681159,-0.6811594202898551,-0.2753623188405797,-0.8007246376811594,-0.3007246376811594,-0.9094202898550725,-0.03985507246376811,-0.48188405797101447,-0.04710144927536232,-0.7391304347826086,-0.03260869565217391,-0.8804347826086957,-0.018115942028985508,-1.0,0.050724637681159424,-0.4420289855072464,0.11231884057971014,-0.6123188405797102,0.15942028985507245,-0.7246376811594203,0.1956521739130435,-0.8442028985507246,0.11956521739130435,-0.32971014492753625,0.12318840579710146,-0.4891304347826087,0.09057971014492754,-0.44565217391304346,0.06521739130434782,-0.358695652173913
8,0.0,0.0,-0.10915492957746478,-0.07746478873239436,-0.13380281690140844,-0.20774647887323944,-0.02112676056338028,-0.3345070422535211,0.07394366197183098,-0.426056338028169,-0.16549295774647887,-0.46830985915492956,-0.24295774647887325,-0.6725352112676056,-0.28169014084507044,-0.7922535211267606,-0.30633802816901406,-0.9014084507042254,-0.0528169014084507,-0.4894366197183099,-0.0528169014084507,-0.7394366197183099,-0.035211267605633804,-0.8838028169014085,-0.02464788732394366,-1.0,0.03873239436619718,-0.45422535211267606,0.10211267605633803,-0.6232394366197183,0.15845070422535212,-0.7359154929577465,0.1936619718309859,-0.8450704225352113,0.11267605633802817,-0.3626760563380282,0.11267605633802817,-0.4859154929577465,0.0880281690140845,-0.4295774647887324,0.06338028169014084,-0.352112676056338
8,0.0,0.0,-0.10702341137123746,-0.08695652173913043,-0.13377926421404682,-0.21070234113712374,-0.026755852842809364,-0.33444816053511706,0.06354515050167224,-0.4180602006688963,-0.15384615384615385,-0.47157190635451507,-0.2408026755852843,-0.6822742474916388,-0.2809364548494983,-0.802675585284281,-0.3076923076923077,-0.9096989966555183,-0.043478260869565216,-0.48494983277591974,-0.05016722408026756,-0.7391304347826086,-0.04013377926421405,-0.8795986622073578,-0.026755852842809364,-1.0,0.043478260869565216,-0.44816053511705684,0.10702341137123746,-0.6254180602006689,0.15719063545150502,-0.7424749163879598,0.19063545150501673,-0.8595317725752508,0.11371237458193979,-0.34448160535117056,0.12040133779264214,-0.49498327759197325,0.0903010033444816,-0.44816053511705684,0.06020066889632107,-0.3612040133779264
8,0.0,0.0,-0.10240963855421686,-0.0963855421686747,-0.1355421686746988,-0.20481927710843373,-0.030120481927710843,-0.32831325301204817,0.06325301204819277,-0.40963855421686746,-0.14457831325301204,-0.4578313253012048,-0.23493975903614459,-0.6837349397590361,-0.2740963855421687,-0.8042168674698795,-0.29518072289156627,-0.9126506024096386,-0.03614457831325301,-0.47289156626506024,-0.0391566265060241,-0.7349397590361446,-0.02710843373493976,-0.8765060240963856,-0.012048192771084338,-1.0,0.05421686746987952,-0.4307228915662651,0.10542168674698796,-0.5963855421686747,0.1566265060240964,-0.7108433734939759,0.19578313253012047,-0.8313253012048193,0.11746987951807229,-0.31626506024096385,0.11746987951807229,-0.46987951807228917,0.08734939759036145,-0.4367469879518072,0.060240963855421686,-0.35843373493975905
8,0.0,0.0,-0.1,-0.09705882352941177,-0.12352941176470589,-0.21176470588235294,-0.023529411764705882,-0.34411764705882353,0.06764705882352941,-0.4147058823529412,-0.14411764705882352,-0.4676470588235294,-0.22647058823529412,-0.6941176470588235,-0.25882352941176473,-0.8147058823529412,-0.27941176470588236,-0.9205882352941176,-0.03823529411764706,-0.47941176470588237,-0.041176470588235294,-0.7470588235294118,-0.020588235294117647,-0.8852941176470588,-0.0029411764705882353,-1.0,0.052941176470588235,-0.4411764705882353,0.11176470588235295,-0.611764705882353,0.1676470588235294,-0.7176470588235294,0.2088235294117647,-0.8323529411764706,0.11470588235294117,-0.3235294117647059,0.11764705882352941,-0.4852941176470588,0.09117647058823529,-0.4470588235294118,0.07058823529411765,-0.3588235294117647
8,0.0,0.0,-0.10511363636363637,-0.08806818181818182,-0.14488636363636365,-0.20454545454545456,-0.05397727272727273,-0.32954545454545453,0.03977272727272727,-0.40625,-0.16193181818181818,-0.4744318181818182,-0.23295454545454544,-0.6818181818181818,-0.26704545454545453,-0.8011363636363636,-0.2840909090909091,-0.9119318181818182,-0.05113636363636364,-0.48863636363636365,-0.04261363636363636,-0.7357954545454546,-0.028409090909090908,-0.8778409090909091,-0.014204545454545454,-1.0,0.036931818181818184,-0.44886363636363635,0.09943181818181818,-0.6164772727272727,0.1534090909090909,-0.7244318181818182,0.1903409090909091,-0.8409090909090909,0.10795454545454546,-0.3409090909090909,0.11363636363636363,-0.48579545454545453,0.07954545454545454,-0.4375,0.05397727272727273,-0.3522727272727273
8,0.0,0.0,-0.10256410256410256,-0.07977207977207977,-0.1452991452991453,-0.18803418803418803,-0.05413105413105413,-0.30484330484330485,0.045584045584045586,-0.38461538461538464,-0.1623931623931624,-0.4672364672364672,-0.24786324786324787,-0.6809116809116809,-0.2849002849002849,-0.8034188034188035,-0.30484330484330485,-0.9116809116809117,-0.05698005698005698,-0.48148148148148145,-0.06267806267806268,-0.7350427350427351,-0.045584045584045586,-0.8831908831908832,-0.02849002849002849,-1.0,0.02849002849002849,-0.4444444444444444,0.08831908831908832,-0.6125356125356125,0.14245014245014245,-0.7236467236467237,0.17663817663817663,-0.8404558404558404,0.10256410256410256,-0.3418803418803419,0.10541310541310542,-0.47293447293447294,0.07122507122507123,-0.4301994301994302,0.03418803418803419,-0.3475783475783476
8,0.0,0.0,-0.10479041916167664,-0.08982035928143713,-0.1377245508982036,-0.19760479041916168,-0.029940119760479042,-0.2994011976047904,0.0718562874251497,-0.3562874251497006,-0.15568862275449102,-0.47005988023952094,-0.24251497005988024,-0.6826347305389222,-0.27844311377245506,-0.8023952095808383,-0.30538922155688625,-0.907185628742515,-0.04491017964071856,-0.47904191616766467,-0.04790419161676647,-0.7365269461077845,-0.03592814371257485,-0.8802395209580839,-0.020958083832335328,-1.0,0.041916167664670656,-0.437125748502994,0.10778443113772455,-0.5958083832335329,0.16467065868263472,-0.7095808383233533,0.20059880239520958,-0.8233532934131736,0.11676646706586827,-0.3263473053892216,0.11676646706586827,-0.4491017964071856,0.08383233532934131,-0.4101796407185629,0.05389221556886228,-0.32934131736526945
8,0.0,0.0,-0.10344827586206896,-0.06206896551724138,-0.15172413793103448,-0.1724137931034483,-0.027586206896551724,-0.25517241379310346,0.1,-0.3310344827586207,-0.17586206896551723,-0.46206896551724136,-0.2517241379310345,-0.6655172413793103,-0.29310344827586204,-0.7896551724137931,-0.31724137931034485,-0.903448275862069,-0.06551724137931035,-0.4862068965517241,-0.05517241379310345,-0.7275862068965517,-0.034482758620689655,-0.8724137931034482,-0.017241379310344827,-1.0,0.027586206896551724,-0.4482758620689655,0.13448275862068965,-0.593103448275862,0.21724137931034482,-0.6827586206896552,0.27241379310344827,-0.7620689655172413,0.1103448275862069,-0.3586206896551724,0.15172413793103448,-0.43103448275862066,0.1310344827586207,-0.3689655172413793,0.09310344827586207,-0.3
8,0.0,0.0,-0.0996309963099631,-0.08118081180811808,-0.13284132841328414,-0.19557195571955718,0.0036900369003690036,-0.2767527675276753,0.14022140221402213,-0.33948339483394835,-0.14022140221402213,-0.46494464944649444,-0.2140221402214022,-0.6678966789667896,-0.25092250922509224,-0.7933579335793358,-0.28044280442804426,-0.9077490774907749,-0.025830258302583026,-0.4907749077490775,-0.01845018450184502,-0.7343173431734318,0.0036900369003690036,-0.8782287822878229,0.025830258302583026,-1.0,0.06642066420664207,-0.44280442804428044,0.16974169741697417,-0.5940959409594095,0.25092250922509224,-0.6900369003690037,0.3062730627306273,-0.7785977859778598,0.14760147601476015,-0.35793357933579334,0.17343173431734318,-0.41697416974169743,0.14391143911439114,-0.3505535055350554,0.1033210332103321,-0.28413284132841327
8,0.0,0.0,-0.08080808080808081,-0.025252525252525252,-0.06565656565656566,-0.1111111111111111,0.06060606060606061,-0.17676767676767677,0.18181818181818182,-0.23737373737373738,-0.08585858585858586,-0.41414141414141414,-0.16161616161616163,-0.6212121212121212,-0.20707070707070707,-0.7626262626262627,-0.23232323232323232,-0.8888888888888888,0.030303030303030304,-0.43434343434343436,0.025252525252525252,-0.696969696969697,0.050505050505050504,-0.8535353535353535,0.0707070707070707,-1.0,0.12626262626262627,-0.3838383838383838,0.25252525252525254,-0.5505050505050505,0.3333333333333333,-0.6515151515151515,0.398989898989899,-0.7575757575757576,0.20707070707070707,-0.2878787878787879,0.2727272727272727,-0.3484848484848485,0.23232323232323232,-0.2828282828282828,0.1919191919191919,-0.20202020202020202
8,0.0,0.0,-0.08333333333333333,-0.09166666666666666,-0.1,-0.225,0.03333333333333333,-0.3416666666666667,0.14583333333333334,-0.42916666666666664,-0.12916666666666668,-0.5041666666666667,-0.18333333333333332,-0.7041666666666667,-0.20833333333333334,-0.8291666666666667,-0.22916666666666666,-0.9333333333333333,-0.029166666666666667,-0.5125,-0.0125,-0.75,0.008333333333333333,-0.8875,0.029166666666666667,-1.0,0.05416666666666667,-0.4666666666666667,0.1625,-0.6125,0.22916666666666666,-0.7083333333333334,0.2833333333333333,-0.8041666666666667,0.12083333333333333,-0.37083333333333335,0.16666666666666666,-0.45,0.14166666666666666,-0.3875,0.1125,-0.325
8,0.0,0.0,-0.06726457399103139,-0.053811659192825115,-0.07174887892376682,-0.19730941704035873,0.017937219730941704,-0.3452914798206278,0.11210762331838565,-0.45739910313901344,-0.14798206278026907,-0.47085201793721976,-0.21524663677130046,-0.6771300448430493,-0.2556053811659193,-0.7982062780269058,-0.2825112107623318,-0.905829596412556,-0.053811659192825115,-0.4977578475336323,-0.07623318385650224,-0.7443946188340808,-0.07174887892376682,-0.8834080717488789,-0.06726457399103139,-1.0,0.026905829596412557,-0.4663677130044843,0.08968609865470852,-0.6367713004484304,0.14349775784753363,-0.7488789237668162,0.17937219730941703,-0.8385650224215246,0.09417040358744394,-0.3901345291479821,0.1210762331838565,-0.4977578475336323,0.1210762331838565,-0.4618834080717489,0.10762331838565023,-0.3991031390134529
8,0.0,0.0,-0.0967741935483871,-0.03225806451612903,-0.1032258064516129,-0.14193548387096774,0.01935483870967742,-0.2645161290322581,0.12903225806451613,-0.3548387096774194,-0.1870967741935484,-0.3935483870967742,-0.2838709677419355,-0.6064516129032258,-0.3225806451612903,-0.7483870967741936,-0.3548387096774194,-0.8838709677419355,-0.07096774193548387,-0.432258064516129,-0.0967741935483871,-0.6838709677419355,-0.08387096774193549,-0.8580645161290322,-0.08387096774193549,-1.0,0.025806451612903226,-0.4,0.11612903225806452,-0.5741935483870968,0.18064516129032257,-0.7032258064516129,0.22580645161290322,-0.8129032258064516,0.11612903225806452,-0.3225806451612903,0.14838709677419354,-0.3935483870967742,0.11612903225806452,-0.3225806451612903,0.0967741935483871,-0.23870967741935484
8,0.0,0.0,-0.06598984771573604,-0.116751269035533,-0.06598984771573604,-0.27918781725888325,0.04060913705583756,-0.41624365482233505,0.1319796954314721,-0.5025380710659898,-0.14213197969543148,-0.5076142131979695,-0.2131979695431472,-0.700507614213198,-0.24873096446700507,-0.8121827411167513,-0.2639593908629442,-0.9086294416243654,-0.05583756345177665,-0.5329949238578681,-0.07106598984771574,-0.7563451776649747,-0.06091370558375635,-0.8934010152284264,-0.04568527918781726,-1.0,0.025380710659898477,-0.49238578680203043,0.09137055837563451,-0.6598984771573604,0.14720812182741116,-0.7715736040609137,0.19289340101522842,-0.8578680203045685,0.09137055837563451,-0.41116751269035534,0.1319796954314721,-0.5076142131979695,0.13705583756345177,-0.48223350253807107,0.13705583756345177,-0.4416243654822335
8,0.0,0.0,-0.059322033898305086,-0.025423728813559324,-0.0423728813559322,-0.11016949152542373,0.06779661016949153,-0.19491525423728814,0.16101694915254236,-0.2796610169491525,-0.1271186440677966,-0.3813559322033898,-0.22033898305084745,-0.5508474576271186,-0.2711864406779661,-0.6779661016949152,-0.2966101694915254,-0.788135593220339,-0.01694915254237288,-0.4322033898305085,-0.0423728813559322,-0.6864406779661016,-0.03389830508474576,-0.8559322033898306,-0.03389830508474576,-1.0,0.09322033898305085,-0.3898305084745763,0.23728813559322035,-0.5847457627118644,0.3389830508474576,-0.6949152542372882,0.4067796610169492,-0.7966101694915254,0.1864406779661017,-0.3050847457627119,0.3050847457627119,-0.3644067796610169,0.3559322033898305,-0.3813559322033898,0.3728813559322034,-0.3983050847457627
8,0.0,0.0,-0.06557377049180328,-0.11475409836065574,-0.08196721311475409,-0.2677595628415301,0.03825136612021858,-0.3989071038251366,0.15300546448087432,-0.4918032786885246,-0.15846994535519127,-0.4972677595628415,-0.2185792349726776,-0.6939890710382514,-0.25136612021857924,-0.8087431693989071,-0.26229508196721313,-0.9016393442622951,-0.0546448087431694,-0.5245901639344263,-0.06557377049180328,-0.7540983606557377,-0.060109289617486336,-0.8852459016393442,-0.04371584699453552,-1.0,0.03825136612021858,-0.48633879781420764,0.10382513661202186,-0.6612021857923497,0.15846994535519127,-0.7704918032786885,0.20218579234972678,-0.8633879781420765,0.12021857923497267,-0.40437158469945356,0.14754098360655737,-0.5191256830601093,0.14754098360655737,-0.4972677595628415,0.14207650273224043,-0.4644808743169399
8,0.0,0.0,-0.07462686567164178,-0.022388059701492536,-0.09701492537313433,-0.1044776119402985,0.022388059701492536,-0.21641791044776118,0.12686567164179105,-0.3208955223880597,-0.17164179104477612,-0.3880597014925373,-0.26865671641791045,-0.6044776119402985,-0.31343283582089554,-0.753731343283582,-0.34328358208955223,-0.8880597014925373,-0.05223880597014925,-0.417910447761194,-0.08208955223880597,-0.6791044776119403,-0.06716417910447761,-0.8507462686567164,-0.05970149253731343,-1.0,0.05223880597014925,-0.3805970149253731,0.14925373134328357,-0.5522388059701493,0.23134328358208955,-0.6940298507462687,0.2835820895522388,-0.8059701492537313,0.1417910447761194,-0.29850746268656714,0.17164179104477612,-0.34328358208955223,0.13432835820895522,-0.26119402985074625,0.08955223880597014,-0.1791044776119403
8,0.0,0.0,-0.06285714285714286,-0.12,-0.07428571428571429,-0.2742857142857143,0.02857142857142857,-0.4,0.12571428571428572,-0.49142857142857144,-0.14857142857142858,-0.5085714285714286,-0.2057142857142857,-0.7028571428571428,-0.24,-0.8171428571428572,-0.26285714285714284,-0.9142857142857143,-0.045714285714285714,-0.5257142857142857,-0.05714285714285714,-0.7542857142857143,-0.05142857142857143,-0.8914285714285715,-0.04,-1.0,0.045714285714285714,-0.48,0.10857142857142857,-0.6514285714285715,0.1657142857142857,-0.7657142857142857,0.21142857142857144,-0.8628571428571429,0.12,-0.3942857142857143,0.15428571428571428,-0.5028571428571429,0.16,-0.5142857142857142,0.15428571428571428,-0.5028571428571429
8,0.0,0.0,-0.10344827586206896,-0.041379310344827586,-0.12413793103448276,-0.14482758620689656,0.0,-0.2689655172413793,0.0896551724137931,-0.36551724137931035,-0.18620689655172415,-0.4206896551724138,-0.2689655172413793,-0.6275862068965518,-0.3103448275862069,-0.7655172413793103,-0.33793103448275863,-0.8827586206896552,-0.07586206896551724,-0.46206896551724136,-0.09655172413793103,-0.7034482758620689,-0.08275862068965517,-0.8689655172413793,-0.07586206896551724,-1.0,0.027586206896551724,-0.42758620689655175,0.1103448275862069,-0.6068965517241379,0.1793103448275862,-0.7310344827586207,0.2206896551724138,-0.8413793103448276,0.12413793103448276,-0.3448275862068966,0.1724137931034483,-0.46206896551724136,0.15172413793103448,-0.4206896551724138,0.11724137931034483,-0.3586206896551724
8,0.0,0.0,-0.0650887573964497,-0.10059171597633136,-0.0650887573964497,-0.25443786982248523,0.05325443786982249,-0.39644970414201186,0.14201183431952663,-0.5088757396449705,-0.14792899408284024,-0.4970414201183432,-0.21301775147928995,-0.6923076923076923,-0.24260355029585798,-0.8165680473372781,-0.27218934911242604,-0.9171597633136095,-0.04142011834319527,-0.514792899408284,-0.05917159763313609,-0.757396449704142,-0.047337278106508875,-0.8875739644970414,-0.03550295857988166,-1.0,0.047337278106508875,-0.47928994082840237,0.11834319526627218,-0.650887573964497,0.17159763313609466,-0.7514792899408284,0.21301775147928995,-0.8461538461538461,0.11834319526627218,-0.39644970414201186,0.15384615384615385,-0.5029585798816568,0.14201183431952663,-0.44970414201183434,0.1242603550295858,-0.39644970414201186
8,0.0,0.0,-0.07926829268292683,-0.0975609756097561,-0.08536585365853659,-0.25,0.024390243902439025,-0.3780487804878049,0.10975609756097561,-0.4878048780487805,-0.15853658536585366,-0.49390243902439024,-0.23170731707317074,-0.6890243902439024,-0.2621951219512195,-0.8109756097560976,-0.2865853658536585,-0.9207317073170732,-0.04878048780487805,-0.5121951219512195,-0.06097560975609756,-0.75,-0.042682926829268296,-0.8841463414634146,-0.036585365853658534,-1.0,0.04878048780487805,-0.47560975609756095,0.11585365853658537,-0.6463414634146342,0.17682926829268292,-0.7560975609756098,0.21341463414634146,-0.8597560975609756,0.12804878048780488,-0.4024390243902439,0.15853658536585366,-0.5121951219512195,0.1402439024390244,-0.4634146341463415,0.11585365853658537,-0.40853658536585363
8,0.0,0.0,-0.09202453987730061,-0.08588957055214724,-0.11042944785276074,-0.2392638036809816,-0.006134969325153374,-0.3803680981595092,0.09815950920245399,-0.48466257668711654,-0.17177914110429449,-0.4723926380368098,-0.24539877300613497,-0.6871165644171779,-0.26993865030674846,-0.8098159509202454,-0.2883435582822086,-0.9202453987730062,-0.06134969325153374,-0.49693251533742333,-0.06748466257668712,-0.7484662576687117,-0.049079754601226995,-0.8834355828220859,-0.03680981595092025,-1.0,0.03680981595092025,-0.4662576687116564,0.09815950920245399,-0.656441717791411,0.15337423312883436,-0.7730061349693251,0.20245398773006135,-0.8834355828220859,0.12269938650306748,-0.39263803680981596,0.12883435582822086,-0.5214723926380368,0.11042944785276074,-0.4662576687116564,0.09815950920245399,-0.4049079754601227
8,0.0,0.0,-0.0975609756097561,-0.0975609756097561,-0.10975609756097561,-0.25609756097560976,0.006097560975609756,-0.3902439024390244,0.10975609756097561,-0.47560975609756095,-0.15853658536585366,-0.4878048780487805,-0.22560975609756098,-0.6890243902439024,-0.25609756097560976,-0.8109756097560976,-0.2804878048780488,-0.9207317073170732,-0.054878048780487805,-0.5,-0.06097560975609756,-0.7378048780487805,-0.042682926829268296,-0.8841463414634146,-0.018292682926829267,-1.0,0.036585365853658534,-0.4573170731707317,0.10975609756097561,-0.6341463414634146,0.17682926829268292,-0.75,0.22560975609756098,-0.8658536585365854,0.12195121951219512,-0.3719512195121951,0.14634146341463414,-0.49390243902439024,0.11585365853658537,-0.45121951219512196,0.09146341463414634,-0.40853658536585363
8,0.0,0.0,-0.09770114942528736,-0.09770114942528736,-0.12643678160919541,-0.23563218390804597,-0.022988505747126436,-0.367816091954023,0.06321839080459771,-0.45977011494252873,-0.16666666666666666,-0.47701149425287354,-0.22988505747126436,-0.6896551724137931,-0.25862068965517243,-0.8103448275862069,-0.27586206896551724,-0.9195402298850575,-0.05172413793103448,-0.4942528735632184,-0.04597701149425287,-0.735632183908046,-0.022988505747126436,-0.8793103448275862,0.0,-1.0,0.040229885057471264,-0.4540229885057471,0.10919540229885058,-0.6264367816091954,0.16666666666666666,-0.7471264367816092,0.21264367816091953,-0.8505747126436781,0.1206896551724138,-0.3620689655172414,0.13218390804597702,-0.5,0.11494252873563218,-0.4885057471264368,0.08620689655172414,-0.4482758620689655
8,0.0,0.0,-0.10382513661202186,-0.10382513661202186,-0.12021857923497267,-0.25136612021857924,-0.00546448087431694,-0.3770491803278688,0.09289617486338798,-0.46994535519125685,-0.15300546448087432,-0.4808743169398907,-0.21311475409836064,-0.6994535519125683,-0.24043715846994534,-0.819672131147541,-0.26229508196721313,-0.9289617486338798,-0.03825136612021858,-0.4918032786885246,-0.03278688524590164,-0.7431693989071039,-0.01639344262295082,-0.8852459016393442,0.00546448087431694,-1.0,0.04918032786885246,-0.44808743169398907,0.1092896174863388,-0.639344262295082,0.16939890710382513,-0.7540983606557377,0.21311475409836064,-0.8688524590163934,0.12021857923497267,-0.3551912568306011,0.1366120218579235,-0.5081967213114754,0.12568306010928962,-0.48633879781420764,0.1092896174863388,-0.43169398907103823
8,0.0,0.0,-0.0970873786407767,-0.08737864077669903,-0.11650485436893204,-0.23786407766990292,-0.0048543689320388345,-0.36893203883495146,0.09223300970873786,-0.44660194174757284,-0.1650485436893204,-0.46116504854368934,-0.24271844660194175,-0.6650485436893204,-0.2815533980582524,-0.7961165048543689,-0.3058252427184466,-0.9077669902912622,-0.05825242718446602,-0.48058252427184467,-0.05339805825242718,-0.7281553398058253,-0.038834951456310676,-0.8786407766990292,-0.019417475728155338,-1.0,0.03398058252427184,-0.44660194174757284,0.10679611650485436,-0.6359223300970874,0.16019417475728157,-0.7621359223300971,0.2087378640776699,-0.8737864077669902,0.11650485436893204,-0.3640776699029126,0.13592233009708737,-0.4854368932038835,0.11165048543689321,-0.4563106796116505,0.08737864077669903,-0.3932038834951456
8,0.0,0.0,-0.087248322147651,-0.053691275167785234,-0.09395973154362416,-0.15436241610738255,-0.020134228187919462,-0.24161073825503357,0.04697986577181208,-0.30201342281879195,-0.11409395973154363,-0.35570469798657717,-0.20134228187919462,-0.610738255033557,-0.2483221476510067,-0.7785234899328859,-0.28187919463087246,-0.9194630872483222,0.006711409395973154,-0.35570469798657717,0.020134228187919462,-0.6442953020134228,0.053691275167785234,-0.8456375838926175,0.08053691275167785,-1.0,0.11409395973154363,-0.28859060402684567,0.2483221476510067,-0.5033557046979866,0.3422818791946309,-0.6778523489932886,0.40939597315436244,-0.8187919463087249,0.2080536912751678,-0.19463087248322147,0.30201342281879195,-0.28859060402684567,0.30201342281879195,-0.2953020134228188,0.28187919463087246,-0.2751677852348993
8,0.0,0.0,-0.10407239819004525,-0.07692307692307693,-0.12217194570135746,-0.2171945701357466,0.0,-0.334841628959276,0.09502262443438914,-0.42081447963800905,-0.1493212669683258,-0.47058823529411764,-0.21266968325791855,-0.6832579185520362,-0.2398190045248869,-0.8054298642533937,-0.26244343891402716,-0.918552036199095,-0.03619909502262444,-0.4841628959276018,-0.027149321266968326,-0.7330316742081447,-0.00904977375565611,-0.8733031674208145,0.004524886877828055,-1.0,0.05429864253393665,-0.4434389140271493,0.12669683257918551,-0.6199095022624435,0.18552036199095023,-0.7330316742081447,0.23076923076923078,-0.8552036199095022,0.13574660633484162,-0.34841628959276016,0.1493212669683258,-0.48868778280542985,0.12217194570135746,-0.4479638009049774,0.09049773755656108,-0.3755656108597285
8,0.0,0.0,-0.09090909090909091,-0.012987012987012988,-0.1038961038961039,-0.12337662337662338,0.025974025974025976,-0.24675324675324675,0.13636363636363635,-0.37012987012987014,-0.24675324675324675,-0.42207792207792205,-0.34415584415584416,-0.6558441558441559,-0.3961038961038961,-0.8441558441558441,-0.43506493506493504,-0.9935064935064936,-0.11688311688311688,-0.4675324675324675,-0.11038961038961038,-0.7077922077922078,-0.07142857142857142,-0.8636363636363636,-0.045454545454545456,-1.0,0.006493506493506494,-0.44155844155844154,0.11038961038961038,-0.6623376623376623,0.18831168831168832,-0.7922077922077922,0.2597402597402597,-0.935064935064935,0.12987012987012986,-0.37012987012987014,0.18831168831168832,-0.461038961038961,0.19480519480519481,-0.44155844155844154,0.2012987012987013,-0.42207792207792205
8,0.0,0.0,-0.09292035398230089,-0.061946902654867256,-0.11061946902654868,-0.2168141592920354,0.022123893805309734,-0.35398230088495575,0.12831858407079647,-0.45132743362831856,-0.18584070796460178,-0.4646017699115044,-0.2743362831858407,-0.6814159292035398,-0.3274336283185841,-0.8230088495575221,-0.36283185840707965,-0.9469026548672567,-0.07964601769911504,-0.5,-0.10176991150442478,-0.7389380530973452,-0.10176991150442478,-0.8849557522123894,-0.09734513274336283,-1.0,0.017699115044247787,-0.47345132743362833,0.09734513274336283,-0.6548672566371682,0.16371681415929204,-0.7699115044247787,0.2168141592920354,-0.8849557522123894,0.10619469026548672,-0.3893805309734513,0.13716814159292035,-0.5,0.12389380530973451,-0.4469026548672566,0.10176991150442478,-0.3805309734513274
8,0.0,0.0,-0.11067193675889328,-0.06324110671936758,-0.1422924901185771,-0.1857707509881423,-0.02766798418972332,-0.308300395256917,0.07114624505928854,-0.4031620553359684,-0.18972332015810275,-0.4624505928853755,-0.2648221343873518,-0.6719367588932806,-0.30039525691699603,-0.8023715415019763,-0.3201581027667984,-0.924901185770751,-0.07905138339920949,-0.49407114624505927,-0.09881422924901186,-0.7351778656126482,-0.09486166007905138,-0.8774703557312253,-0.09090909090909091,-1.0,0.015810276679841896,-0.47035573122529645,0.07509881422924901,-0.6363636363636364,0.13043478260869565,-0.7509881422924901,0.16205533596837945,-0.8735177865612648,0.1067193675889328,-0.3794466403162055,0.11857707509881422,-0.5059288537549407,0.09881422924901186,-0.4426877470355731,0.07114624505928854,-0.35968379446640314
8,0.0,0.0,-0.10661764705882353,-0.05514705882352941,-0.15441176470588236,-0.15441176470588236,-0.04044117647058824,-0.23897058823529413,0.07720588235294118,-0.3014705882352941,-0.15808823529411764,-0.4485294117647059,-0.21323529411764705,-0.6727941176470589,-0.23161764705882354,-0.8088235294117647,-0.24632352941176472,-0.9227941176470589,-0.03676470588235294,-0.46691176470588236,-0.014705882352941176,-0.7205882352941176,0.022058823529411766,-0.875,0.051470588235294115,-1.0,0.0625,-0.4264705882352941,0.14338235294117646,-0.6029411764705882,0.20220588235294118,-0.7205882352941176,0.2426470588235294,-0.8235294117647058,0.14705882352941177,-0.3382352941176471,0.1875,-0.4375,0.17647058823529413,-0.39705882352941174,0.15073529411764705,-0.34558823529411764
8,0.0,0.0,-0.09931506849315068,-0.06164383561643835,-0.1232876712328767,-0.1815068493150685,0.0136986301369863,-0.2568493150684932,0.13356164383561644,-0.3116438356164384,-0.13356164383561644,-0.4589041095890411,-0.1815068493150685,-0.684931506849315,-0.1952054794520548,-0.8287671232876712,-0.2089041095890411,-0.9486301369863014,-0.0136986301369863,-0.476027397260274,0.0136986301369863,-0.7191780821917808,0.04794520547945205,-0.8732876712328768,0.07191780821917808,-1.0,0.07534246575342465,-0.4349315068493151,0.15753424657534246,-0.6164383561643836,0.22602739726027396,-0.7294520547945206,0.2671232876712329,-0.8356164383561644,0.1541095890410959,-0.3493150684931507,0.1917808219178082,-0.4520547945205479,0.1780821917808219,-0.3938356164383562,0.14726027397260275,-0.3219178082191781
8,0.0,0.0,-0.0911854103343465,-0.0790273556231003,-0.1033434650455927,-0.19756838905775076,0.0243161094224924,-0.2978723404255319,0.1276595744680851,-0.3738601823708207,-0.1094224924012158,-0.47112462006079026,-0.1641337386018237,-0.6869300911854104,-0.1884498480243161,-0.817629179331307,-0.2006079027355623,-0.9331306990881459,0.0,-0.48936170212765956,0.015197568389057751,-0.7386018237082067,0.0364741641337386,-0.8814589665653495,0.0486322188449848,-1.0,0.0790273556231003,-0.45288753799392095,0.16109422492401215,-0.6382978723404256,0.22796352583586627,-0.756838905775076,0.270516717325228,-0.878419452887538,0.1458966565349544,-0.3495440729483283,0.16717325227963525,-0.47720364741641336,0.1458966565349544,-0.4072948328267477,0.11246200607902736,-0.3069908814589666
8,0.0,0.0,-0.0872093023255814,-0.07267441860465117,-0.09593023255813954,-0.19476744186046513,0.0377906976744186,-0.29941860465116277,0.14534883720930233,-0.3866279069767442,-0.11918604651162791,-0.47674418604651164,-0.17732558139534885,-0.6947674418604651,-0.20930232558139536,-0.8343023255813954,-0.22965116279069767,-0.9563953488372093,-0.011627906976744186,-0.4941860465116279,0.005813953488372093,-0.7383720930232558,0.03488372093023256,-0.8808139534883721,0.05232558139534884,-1.0,0.07267441860465117,-0.4563953488372093,0.17151162790697674,-0.6337209302325582,0.25290697674418605,-0.75,0.311046511627907,-0.8633720930232558,0.14825581395348839,-0.3633720930232558,0.17151162790697674,-0.4738372093023256,0.14825581395348839,-0.3953488372093023,0.11337209302325581,-0.29941860465116277
8,0.0,0.0,-0.08450704225352113,-0.0676056338028169,-0.09295774647887324,-0.2056338028169014,0.030985915492957747,-0.3211267605633803,0.1267605633802817,-0.4197183098591549,-0.14929577464788732,-0.4676056338028169,-0.2140845070422535,-0.6647887323943662,-0.24507042253521127,-0.7971830985915493,-0.2647887323943662,-0.9126760563380282,-0.04507042253521127,-0.49577464788732395,-0.036619718309859155,-0.7352112676056338,-0.011267605633802818,-0.8760563380281691,0.008450704225352112,-1.0,0.04225352112676056,-0.4619718309859155,0.13802816901408452,-0.6028169014084507,0.2084507042253521,-0.704225352112676,0.2563380281690141,-0.8084507042253521,0.10985915492957747,-0.38309859154929576,0.1352112676056338,-0.4225352112676056,0.10422535211267606,-0.3352112676056338,0.07605633802816901,-0.2591549295774648
8,0.0,0.0,-0.09646302250803858,-0.0707395498392283,-0.13504823151125403,-0.19614147909967847,-0.03536977491961415,-0.31511254019292606,0.06752411575562701,-0.4180064308681672,-0.1832797427652733,-0.4855305466237942,-0.2572347266881029,-0.6752411575562701,-0.2990353697749196,-0.7942122186495176,-0.3311897106109325,-0.9003215434083601,-0.07717041800643087,-0.5112540192926045,-0.08360128617363344,-0.7459807073954984,-0.07395498392282958,-0.8810289389067524,-0.06752411575562701,-1.0,0.00964630225080386,-0.47266881028938906,0.08681672025723473,-0.617363344051447,0.13504823151125403,-0.7170418006430869,0.17041800643086816,-0.8135048231511254,0.08360128617363344,-0.3954983922829582,0.0932475884244373,-0.42443729903536975,0.05787781350482315,-0.33440514469453375,0.03536977491961415,-0.2572347266881029
8,0.0,0.0,-0.08135593220338982,-0.0711864406779661,-0.10508474576271186,-0.2,-0.010169491525423728,-0.3220338983050847,0.07457627118644068,-0.423728813559322,-0.1694915254237288,-0.48135593220338985,-0.25084745762711863,-0.6677966101694915,-0.29152542372881357,-0.7864406779661017,-0.3220338983050847,-0.8915254237288136,-0.06779661016949153,-0.5050847457627119,-0.07457627118644068,-0.7457627118644068,-0.061016949152542375,-0.8847457627118644,-0.04745762711864407,-1.0,0.020338983050847456,-0.4711864406779661,0.09491525423728814,-0.6271186440677966,0.15593220338983052,-0.7322033898305085,0.19661016949152543,-0.823728813559322,0.09830508474576272,-0.39661016949152544,0.09491525423728814,-0.4610169491525424,0.05423728813559322,-0.3898305084745763,0.02711864406779661,-0.31186440677966104
8,0.0,0.0,-0.108,-0.076,-0.164,-0.208,-0.076,-0.332,0.016,-0.44,-0.212,-0.5,-0.288,-0.684,-0.328,-0.8,-0.36,-0.896,-0.112,-0.52,-0.12,-0.74,-0.116,-0.88,-0.112,-1.0,-0.024,-0.472,0.036,-0.624,0.068,-0.728,0.092,-0.824,0.048,-0.388,0.048,-0.444,0.008,-0.388,-0.032,-0.336
8,0.0,0.0,-0.11790393013100436,-0.08733624454148471,-0.17467248908296942,-0.2314410480349345,-0.07423580786026202,-0.35807860262008734,0.021834061135371178,-0.4497816593886463,-0.2096069868995633,-0.5065502183406113,-0.28820960698689957,-0.6899563318777293,-0.32751091703056767,-0.8078602620087336,-0.35807860262008734,-0.9082969432314411,-0.10043668122270742,-0.5283842794759825,-0.1091703056768559,-0.7554585152838428,-0.1091703056768559,-0.8864628820960698,-0.10480349344978165,-1.0,-0.008733624454148471,-0.4847161572052402,0.043668122270742356,-0.6375545851528385,0.07860262008733625,-0.7336244541484717,0.1091703056768559,-0.8253275109170306,0.06550218340611354,-0.39737991266375544,0.0611353711790393,-0.4585152838427948,0.03056768558951965,-0.4017467248908297,0.004366812227074236,-0.34934497816593885
8,0.0,0.0,-0.10457516339869281,-0.013071895424836602,-0.1111111111111111,-0.09803921568627451,-0.0196078431372549,-0.16993464052287582,0.0784313725490196,-0.24183006535947713,-0.16339869281045752,-0.38562091503267976,-0.26143790849673204,-0.6078431372549019,-0.30718954248366015,-0.7450980392156863,-0.33986928104575165,-0.869281045751634,-0.0457516339869281,-0.41830065359477125,-0.0457516339869281,-0.6928104575163399,-0.026143790849673203,-0.8562091503267973,-0.006535947712418301,-1.0,0.06535947712418301,-0.3790849673202614,0.1568627450980392,-0.5490196078431373,0.22875816993464052,-0.6797385620915033,0.28104575163398693,-0.7973856209150327,0.1437908496732026,-0.2875816993464052,0.16993464052287582,-0.32679738562091504,0.1111111111111111,-0.24836601307189543,0.06535947712418301,-0.1503267973856209
8,0.0,0.0,-0.08173076923076923,-0.07211538461538461,-0.11538461538461539,-0.21153846153846154,-0.03365384615384615,-0.34615384615384615,0.04807692307692308,-0.4567307692307692,-0.17307692307692307,-0.5096153846153846,-0.2403846153846154,-0.7067307692307693,-0.28365384615384615,-0.8221153846153846,-0.3173076923076923,-0.9230769230769231,-0.08653846153846154,-0.5336538461538461,-0.08653846153846154,-0.7548076923076923,-0.07692307692307693,-0.8894230769230769,-0.07211538461538461,-1.0,-0.009615384615384616,-0.5,0.0673076923076923,-0.6586538461538461,0.10576923076923077,-0.7548076923076923,0.1346153846153846,-0.8365384615384616,0.057692307692307696,-0.4230769230769231,0.07692307692307693,-0.4807692307692308,0.04326923076923077,-0.41346153846153844,0.019230769230769232,-0.34615384615384615
8,0.0,0.0,-0.08235294117647059,-0.07058823529411765,-0.10588235294117647,-0.19411764705882353,-0.01764705882352941,-0.3235294117647059,0.07647058823529412,-0.4235294117647059,-0.17058823529411765,-0.5176470588235295,-0.23529411764705882,-0.711764705882353,-0.27647058823529413,-0.8294117647058824,-0.3058823529411765,-0.9294117647058824,-0.07058823529411765,-0.5411764705882353,-0.07058823529411765,-0.7647058823529411,-0.06470588235294118,-0.8941176470588236,-0.058823529411764705,-1.0,0.011764705882352941,-0.5,0.08235294117647059,-0.6529411764705882,0.13529411764705881,-0.7411764705882353,0.17058823529411765,-0.8176470588235294,0.07647058823529412,-0.4235294117647059,0.09411764705882353,-0.48823529411764705,0.07647058823529412,-0.4117647058823529,0.058823529411764705,-0.3352941176470588
8,0.0,0.0,-0.072,-0.016,-0.056,-0.104,0.064,-0.208,0.168,-0.304,-0.112,-0.384,-0.216,-0.608,-0.272,-0.752,-0.312,-0.88,0.0,-0.416,0.0,-0.696,0.016,-0.856,0.04,-1.0,0.096,-0.384,0.208,-0.552,0.28,-0.664,0.336,-0.784,0.168,-0.304,0.224,-0.376,0.184,-0.312,0.144,-0.232
8,0.0,0.0,-0.11464968152866242,-0.09554140127388536,-0.1592356687898089,-0.2356687898089172,-0.044585987261146494,-0.35668789808917195,0.06369426751592357,-0.445859872611465,-0.1910828025477707,-0.5095541401273885,-0.267515923566879,-0.7070063694267515,-0.31210191082802546,-0.821656050955414,-0.3375796178343949,-0.9235668789808917,-0.08917197452229299,-0.5286624203821656,-0.10191082802547771,-0.7579617834394905,-0.08917197452229299,-0.89171974522293,-0.07643312101910828,-1.0,0.0,-0.4840764331210191,0.06369426751592357,-0.6369426751592356,0.11464968152866242,-0.732484076433121,0.1592356687898089,-0.8089171974522293,0.08280254777070063,-0.4140127388535032,0.08280254777070063,-0.4840764331210191,0.06369426751592357,-0.4394904458598726,0.050955414012738856,-0.3885350318471338
8,0.0,0.0,-0.0625,-0.008928571428571428,-0.044642857142857144,-0.10714285714285714,0.05357142857142857,-0.22321428571428573,0.14285714285714285,-0.33035714285714285,-0.13392857142857142,-0.35714285714285715,-0.24107142857142858,-0.5535714285714286,-0.30357142857142855,-0.6785714285714286,-0.3482142857142857,-0.7946428571428571,-0.03571428571428571,-0.4017857142857143,-0.05357142857142857,-0.6785714285714286,-0.03571428571428571,-0.8482142857142857,-0.026785714285714284,-1.0,0.0625,-0.38392857142857145,0.1875,-0.5714285714285714,0.25892857142857145,-0.6964285714285714,0.3125,-0.8214285714285714,0.15178571428571427,-0.3125,0.19642857142857142,-0.38392857142857145,0.16071428571428573,-0.32142857142857145,0.125,-0.25
8,0.0,0.0,-0.1111111111111111,-0.09027777777777778,-0.14583333333333334,-0.22916666666666666,-0.04861111111111111,-0.3541666666666667,0.034722222222222224,-0.4652777777777778,-0.20833333333333334,-0.4930555555555556,-0.2986111111111111,-0.6805555555555556,-0.3402777777777778,-0.7986111111111112,-0.375,-0.9027777777777778,-0.10416666666666667,-0.5277777777777778,-0.11805555555555555,-0.7569444444444444,-0.1111111111111111,-0.8958333333333334,-0.10416666666666667,-1.0,-0.013888888888888888,-0.4930555555555556,0.034722222222222224,-0.6666666666666666,0.08333333333333333,-0.7708333333333334,0.125,-0.8541666666666666,0.06944444444444445,-0.4236111111111111,0.0625,-0.5208333333333334,0.041666666666666664,-0.4791666666666667,0.034722222222222224,-0.4166666666666667
8,0.0,0.0,-0.11764705882352941,-0.03361344537815126,-0.15966386554621848,-0.15126050420168066,-0.05042016806722689,-0.29411764705882354,0.05042016806722689,-0.40336134453781514,-0.2184873949579832,-0.42857142857142855,-0.3277310924369748,-0.6470588235294118,-0.3949579831932773,-0.7899159663865546,-0.4369747899159664,-0.9159663865546218,-0.10084033613445378,-0.47058823529411764,-0.12605042016806722,-0.7142857142857143,-0.11764705882352941,-0.8739495798319328,-0.1092436974789916,-1.0,0.0,-0.44537815126050423,0.08403361344537816,-0.6386554621848739,0.14285714285714285,-0.773109243697479,0.19327731092436976,-0.8823529411764706,0.08403361344537816,-0.3697478991596639,0.09243697478991597,-0.47058823529411764,0.06722689075630252,-0.40336134453781514,0.03361344537815126,-0.3277310924369748
8,0.0,0.0,-0.1276595744680851,-0.0851063829787234,-0.1702127659574468,-0.2198581560283688,-0.07092198581560284,-0.3617021276595745,0.0070921985815602835,-0.46808510638297873,-0.22695035460992907,-0.48226950354609927,-0.3191489361702128,-0.6879432624113475,-0.3617021276595745,-0.8085106382978723,-0.3829787234042553,-0.9078014184397163,-0.11347517730496454,-0.5106382978723404,-0.1276595744680851,-0.75177304964539,-0.11347517730496454,-0.8936170212765957,-0.10638297872340426,-1.0,-0.02127659574468085,-0.48226950354609927,0.0425531914893617,-0.6524822695035462,0.09219858156028368,-0.7588652482269503,0.1276595744680851,-0.8439716312056738,0.05673758865248227,-0.40425531914893614,0.05673758865248227,-0.49645390070921985,0.04964539007092199,-0.46099290780141844,0.0425531914893617,-0.41843971631205673
8,0.0,0.0,-0.09219858156028368,-0.0851063829787234,-0.11347517730496454,-0.22695035460992907,0.0,-0.36879432624113473,0.0851063829787234,-0.46808510638297873,-0.18439716312056736,-0.475177304964539,-0.2695035460992908,-0.6737588652482269,-0.3120567375886525,-0.7943262411347518,-0.3475177304964539,-0.9078014184397163,-0.07801418439716312,-0.5106382978723404,-0.09219858156028368,-0.7446808510638298,-0.07801418439716312,-0.8865248226950354,-0.06382978723404255,-1.0,0.014184397163120567,-0.475177304964539,0.0851063829787234,-0.6524822695035462,0.14184397163120568,-0.7659574468085106,0.19148936170212766,-0.8581560283687943,0.09219858156028368,-0.3971631205673759,0.09929078014184398,-0.5035460992907801,0.07801418439716312,-0.44680851063829785,0.05673758865248227,-0.3829787234042553
8,0.0,0.0,-0.0875,-0.075,-0.1,-0.21875,-0.00625,-0.3625,0.08125,-0.46875,-0.18125,-0.4625,-0.26875,-0.6625,-0.30625,-0.79375,-0.33125,-0.90625,-0.075,-0.49375,-0.08125,-0.73125,-0.06875,-0.88125,-0.05,-1.0,0.025,-0.4625,0.09375,-0.64375,0.15,-0.7625,0.2,-0.8625,0.10625,-0.38125,0.11875,-0.49375,0.1,-0.45,0.08125,-0.40625
8,0.0,0.0,-0.07647058823529412,-0.08823529411764706,-0.07647058823529412,-0.23529411764705882,0.047058823529411764,-0.3764705882352941,0.1411764705882353,-0.4764705882352941,-0.15294117647058825,-0.47058823529411764,-0.22941176470588234,-0.6647058823529411,-0.2647058823529412,-0.788235294117647,-0.29411764705882354,-0.8941176470588236,-0.041176470588235294,-0.49411764705882355,-0.047058823529411764,-0.7352941176470589,-0.029411764705882353,-0.8823529411764706,-0.011764705882352941,-1.0,0.047058823529411764,-0.4470588235294118,0.12352941176470589,-0.6352941176470588,0.18235294117647058,-0.7529411764705882,0.22941176470588234,-0.8588235294117647,0.12352941176470589,-0.3588235294117647,0.13529411764705881,-0.47058823529411764,0.11764705882352941,-0.4117647058823529,0.09411764705882353,-0.3352941176470588
8,0.0,0.0,-0.08426966292134831,-0.07865168539325842,-0.10112359550561797,-0.21910112359550563,-0.0056179775280898875,-0.3539325842696629,0.07865168539325842,-0.4606741573033708,-0.16853932584269662,-0.47191011235955055,-0.24719101123595505,-0.6685393258426966,-0.2808988764044944,-0.797752808988764,-0.29775280898876405,-0.9101123595505618,-0.06179775280898876,-0.5,-0.06179775280898876,-0.7359550561797753,-0.03932584269662921,-0.8820224719101124,-0.02247191011235955,-1.0,0.033707865168539325,-0.4606741573033708,0.11797752808988764,-0.6460674157303371,0.17415730337078653,-0.7640449438202247,0.21348314606741572,-0.8651685393258427,0.11235955056179775,-0.38202247191011235,0.1348314606741573,-0.5056179775280899,0.10674157303370786,-0.46629213483146065,0.07865168539325842,-0.4101123595505618
8,0.0,0.0,-0.022222222222222223,-0.022222222222222223,0.0,-0.1111111111111111,0.12222222222222222,-0.23333333333333334,0.2222222222222222,-0.32222222222222224,-0.06666666666666667,-0.4111111111111111,-0.14444444444444443,-0.6222222222222222,-0.2111111111111111,-0.7777777777777778,-0.25555555555555554,-0.9,0.011111111111111112,-0.45555555555555555,0.0,-0.7,0.022222222222222223,-0.8666666666666667,0.03333333333333333,-1.0,0.1,-0.4222222222222222,0.2222222222222222,-0.6111111111111112,0.3,-0.7444444444444445,0.37777777777777777,-0.8444444444444444,0.15555555555555556,-0.34444444444444444,0.2,-0.4444444444444444,0.17777777777777778,-0.4222222222222222,0.15555555555555556,-0.37777777777777777
8,0.0,0.0,-0.05660377358490566,-0.10062893081761007,-0.0440251572327044,-0.2641509433962264,0.06289308176100629,-0.39622641509433965,0.15723270440251572,-0.49056603773584906,-0.11320754716981132,-0.4968553459119497,-0.18867924528301888,-0.6918238993710691,-0.2138364779874214,-0.8176100628930818,-0.2389937106918239,-0.9245283018867925,-0.012578616352201259,-0.5094339622641509,0.0,-0.7484276729559748,0.025157232704402517,-0.8867924528301887,0.050314465408805034,-1.0,0.07547169811320754,-0.4716981132075472,0.16352201257861634,-0.6415094339622641,0.22641509433962265,-0.7547169811320755,0.27672955974842767,-0.8490566037735849,0.1509433962264151,-0.389937106918239,0.18238993710691823,-0.4968553459119497,0.16352201257861634,-0.44654088050314467,0.13836477987421383,-0.389937106918239
8,0.0,0.0,-0.056074766355140186,-0.018691588785046728,-0.056074766355140186,-0.11214953271028037,0.04672897196261682,-0.21495327102803738,0.1588785046728972,-0.3177570093457944,-0.08411214953271028,-0.38317757009345793,-0.1308411214953271,-0.6074766355140186,-0.1308411214953271,-0.7663551401869159,-0.11214953271028037,-0.8878504672897196,0.028037383177570093,-0.40186915887850466,0.07476635514018691,-0.6635514018691588,0.12149532710280374,-0.8411214953271028,0.1588785046728972,-1.0,0.12149532710280374,-0.35514018691588783,0.2523364485981308,-0.48598130841121495,0.29906542056074764,-0.45794392523364486,0.3177570093457944,-0.42990654205607476,0.19626168224299065,-0.27102803738317754,0.2616822429906542,-0.35514018691588783,0.2336448598130841,-0.29906542056074764,0.19626168224299065,-0.2336448598130841
8,0.0,0.0,-0.05732484076433121,-0.08917197452229299,-0.050955414012738856,-0.24203821656050956,0.06369426751592357,-0.3821656050955414,0.1592356687898089,-0.49044585987261147,-0.12738853503184713,-0.4840764331210191,-0.19745222929936307,-0.6751592356687898,-0.2229299363057325,-0.7961783439490446,-0.24203821656050956,-0.9044585987261147,-0.01910828025477707,-0.5031847133757962,-0.006369426751592357,-0.7515923566878981,0.01910828025477707,-0.8789808917197452,0.044585987261146494,-1.0,0.07006369426751592,-0.4713375796178344,0.15286624203821655,-0.6369426751592356,0.2229299363057325,-0.7452229299363057,0.267515923566879,-0.8535031847133758,0.14012738853503184,-0.39490445859872614,0.17834394904458598,-0.5159235668789809,0.16560509554140126,-0.4585987261146497,0.15286624203821655,-0.3885350318471338
8,0.0,0.0,-0.057692307692307696,-0.057692307692307696,-0.019230769230769232,-0.19230769230769232,0.11538461538461539,-0.3076923076923077,0.2403846153846154,-0.3942307692307692,-0.038461538461538464,-0.4519230769230769,-0.11538461538461539,-0.6923076923076923,-0.15384615384615385,-0.8365384615384616,-0.18269230769230768,-0.9615384615384616,0.08653846153846154,-0.4423076923076923,0.22115384615384615,-0.7115384615384616,0.3269230769230769,-0.875,0.3942307692307692,-1.0,0.17307692307692307,-0.375,0.25961538461538464,-0.4519230769230769,0.21153846153846154,-0.36538461538461536,0.16346153846153846,-0.3076923076923077,0.22115384615384615,-0.27884615384615385,0.2692307692307692,-0.3076923076923077,0.21153846153846154,-0.25,0.15384615384615385,-0.19230769230769232
8,0.0,0.0,-0.07051282051282051,-0.09615384615384616,-0.08333333333333333,-0.25,0.02564102564102564,-0.38461538461538464,0.1346153846153846,-0.4807692307692308,-0.15384615384615385,-0.47435897435897434,-0.23717948717948717,-0.6730769230769231,-0.2692307692307692,-0.8012820512820513,-0.2948717948717949,-0.9038461538461539,-0.05128205128205128,-0.5064102564102564,-0.057692307692307696,-0.75,-0.03205128205128205,-0.8910256410256411,-0.00641025641025641,-1.0,0.04487179487179487,-0.47435897435897434,0.11538461538461539,-0.6602564102564102,0.17307692307692307,-0.7756410256410257,0.22435897435897437,-0.8653846153846154,0.12179487179487179,-0.3974358974358974,0.14102564102564102,-0.5064102564102564,0.12179487179487179,-0.44871794871794873,0.10897435897435898,-0.3782051282051282
8,0.0,0.0,-0.0703125,-0.03125,-0.0546875,-0.1640625,0.0390625,-0.28125,0.125,-0.3828125,-0.1484375,-0.390625,-0.234375,-0.5625,-0.28125,-0.671875,-0.3125,-0.765625,-0.046875,-0.4296875,-0.0703125,-0.6953125,-0.0546875,-0.859375,-0.0390625,-1.0,0.046875,-0.421875,0.15625,-0.6171875,0.2109375,-0.75,0.25,-0.875,0.140625,-0.3515625,0.1875,-0.4296875,0.1328125,-0.3515625,0.09375,-0.265625
8,0.0,0.0,-0.07643312101910828,-0.11464968152866242,-0.08280254777070063,-0.28662420382165604,0.03184713375796178,-0.4267515923566879,0.12738853503184713,-0.5159235668789809,-0.17197452229299362,-0.4840764331210191,-0.24203821656050956,-0.6815286624203821,-0.27388535031847133,-0.802547770700637,-0.29936305732484075,-0.9044585987261147,-0.07006369426751592,-0.5031847133757962,-0.07006369426751592,-0.7452229299363057,-0.050955414012738856,-0.8853503184713376,-0.03184713375796178,-1.0,0.025477707006369428,-0.4585987261146497,0.10191082802547771,-0.6560509554140127,0.15286624203821655,-0.7707006369426752,0.1910828025477707,-0.8662420382165605,0.10828025477707007,-0.37579617834394907,0.12738853503184713,-0.49044585987261147,0.10191082802547771,-0.43312101910828027,0.08917197452229299,-0.35668789808917195
8,0.0,0.0,-0.09883720930232558,-0.06976744186046512,-0.12790697674418605,-0.20348837209302326,-0.046511627906976744,-0.3546511627906977,0.029069767441860465,-0.47093023255813954,-0.20930232558139536,-0.46511627906976744,-0.3081395348837209,-0.6511627906976745,-0.3546511627906977,-0.7732558139534884,-0.38372093023255816,-0.877906976744186,-0.09883720930232558,-0.5058139534883721,-0.11046511627906977,-0.7441860465116279,-0.10465116279069768,-0.8837209302325582,-0.10465116279069768,-1.0,-0.011627906976744186,-0.48255813953488375,0.03488372093023256,-0.6686046511627907,0.0755813953488372,-0.7965116279069767,0.09302325581395349,-0.9069767441860465,0.06976744186046512,-0.4186046511627907,0.0755813953488372,-0.5348837209302325,0.06395348837209303,-0.4883720930232558,0.046511627906976744,-0.43023255813953487
8,0.0,0.0,-0.10215053763440861,-0.06989247311827956,-0.12903225806451613,-0.20430107526881722,-0.03225806451612903,-0.3387096774193548,0.04838709677419355,-0.44623655913978494,-0.1881720430107527,-0.4731182795698925,-0.27419354838709675,-0.6612903225806451,-0.3118279569892473,-0.7849462365591398,-0.3387096774193548,-0.8870967741935484,-0.08064516129032258,-0.510752688172043,-0.0913978494623656,-0.7473118279569892,-0.08064516129032258,-0.8870967741935484,-0.06989247311827956,-1.0,0.005376344086021506,-0.4838709677419355,0.05913978494623656,-0.6720430107526881,0.10215053763440861,-0.7903225806451613,0.13440860215053763,-0.8924731182795699,0.08602150537634409,-0.40860215053763443,0.0913978494623656,-0.532258064516129,0.07526881720430108,-0.489247311827957,0.05913978494623656,-0.43010752688172044
8,0.0,0.0,-0.1,-0.05625,-0.11875,-0.15,-0.025,-0.26875,0.03125,-0.36875,-0.1625,-0.4,-0.25625,-0.6125,-0.30625,-0.75,-0.35,-0.86875,-0.05,-0.43125,-0.04375,-0.68125,-0.01875,-0.85,-0.00625,-1.0,0.04375,-0.39375,0.125,-0.58125,0.1875,-0.73125,0.225,-0.86875,0.13125,-0.30625,0.1375,-0.45,0.10625,-0.41875,0.0625,-0.35625
8,0.0,0.0,-0.10526315789473684,-0.07894736842105263,-0.1368421052631579,-0.21052631578947367,-0.05263157894736842,-0.3473684210526316,0.02631578947368421,-0.45789473684210524,-0.18947368421052632,-0.4789473684210526,-0.26842105263157895,-0.6736842105263158,-0.3,-0.8,-0.32105263157894737,-0.9105263157894737,-0.07368421052631578,-0.5105263157894737,-0.06315789473684211,-0.7473684210526316,-0.042105263157894736,-0.8842105263157894,-0.031578947368421054,-1.0,0.015789473684210527,-0.4842105263157895,0.07894736842105263,-0.6631578947368421,0.12105263157894737,-0.7789473684210526,0.14736842105263157,-0.8842105263157894,0.09473684210526316,-0.4,0.09473684210526316,-0.5210526315789473,0.06842105263157895,-0.4631578947368421,0.04736842105263158,-0.38421052631578945
8,0.0,0.0,-0.08333333333333333,-0.019230769230769232,-0.09615384615384616,-0.11538461538461539,-0.00641025641025641,-0.22435897435897437,0.0641025641025641,-0.3333333333333333,-0.14743589743589744,-0.391025641025641,-0.24358974358974358,-0.6153846153846154,-0.2948717948717949,-0.7756410256410257,-0.33974358974358976,-0.9102564102564102,-0.02564102564102564,-0.4230769230769231,-0.019230769230769232,-0.6858974358974359,0.0,-0.8525641025641025,0.00641025641025641,-1.0,0.07692307692307693,-0.391025641025641,0.1858974358974359,-0.5833333333333334,0.24358974358974358,-0.7307692307692307,0.28846153846153844,-0.8589743589743589,0.16025641025641027,-0.3076923076923077,0.19230769230769232,-0.40384615384615385,0.14102564102564102,-0.3525641025641026,0.09615384615384616,-0.28846153846153844
8,0.0,0.0,-0.11386138613861387,-0.06930693069306931,-0.14356435643564355,-0.2079207920792079,-0.04455445544554455,-0.33663366336633666,0.034653465346534656,-0.44554455445544555,-0.18811881188118812,-0.4801980198019802,-0.26732673267326734,-0.6782178217821783,-0.3069306930693069,-0.801980198019802,-0.33663366336633666,-0.9108910891089109,-0.07920792079207921,-0.5099009900990099,-0.08415841584158416,-0.7425742574257426,-0.06930693069306931,-0.8861386138613861,-0.06435643564356436,-1.0,0.009900990099009901,-0.4801980198019802,0.06930693069306931,-0.6534653465346535,0.1188118811881188,-0.7722772277227723,0.15346534653465346,-0.8762376237623762,0.0891089108910891,-0.40594059405940597,0.09405940594059406,-0.5247524752475248,0.06435643564356436,-0.4752475247524752,0.039603960396039604,-0.40594059405940597
8,0.0,0.0,-0.0821917808219178,-0.0136986301369863,-0.0958904109589041,-0.1095890410958904,0.0136986301369863,-0.2191780821917808,0.0958904109589041,-0.3287671232876712,-0.136986301369863,-0.3972602739726027,-0.2191780821917808,-0.5958904109589042,-0.2534246575342466,-0.7397260273972602,-0.273972602739726,-0.8561643835616438,-0.0136986301369863,-0.4246575342465753,0.0273972602739726,-0.684931506849315,0.0684931506849315,-0.8561643835616438,0.10273972602739725,-1.0,0.08904109589041095,-0.3767123287671233,0.21232876712328766,-0.5821917808219178,0.2876712328767123,-0.7397260273972602,0.3493150684931507,-0.863013698630137,0.1917808219178082,-0.273972602739726,0.23972602739726026,-0.3493150684931507,0.21232876712328766,-0.3424657534246575,0.17123287671232876,-0.3082191780821918
8,0.0,0.0,-0.09302325581395349,-0.08372093023255814,-0.10697674418604651,-0.22790697674418606,0.004651162790697674,-0.35348837209302325,0.09767441860465116,-0.4558139534883721,-0.13023255813953488,-0.4883720930232558,-0.19069767441860466,-0.6883720930232559,-0.2186046511627907,-0.8186046511627907,-0.2372093023255814,-0.9255813953488372,-0.018604651162790697,-0.5116279069767442,0.004651162790697674,-0.7488372093023256,0.03255813953488372,-0.8883720930232558,0.05116279069767442,-1.0,0.06976744186046512,-0.4790697674418605,0.14883720930232558,-0.6558139534883721,0.21395348837209302,-0.772093023255814,0.2558139534883721,-0.8744186046511628,0.13953488372093023,-0.3953488372093023,0.15813953488372093,-0.5255813953488372,0.13488372093023257,-0.4744186046511628,0.10232558139534884,-0.4046511627906977
8,0.0,0.0,-0.10465116279069768,-0.10077519379844961,-0.12403100775193798,-0.22093023255813954,-0.003875968992248062,-0.32170542635658916,0.08914728682170543,-0.38372093023255816,-0.12790697674418605,-0.4728682170542636,-0.20155038759689922,-0.686046511627907,-0.2364341085271318,-0.8062015503875969,-0.2558139534883721,-0.9224806201550387,-0.023255813953488372,-0.4806201550387597,-0.015503875968992248,-0.7325581395348837,0.003875968992248062,-0.8798449612403101,0.023255813953488372,-1.0,0.06201550387596899,-0.437984496124031,0.13953488372093023,-0.6162790697674418,0.19767441860465115,-0.7325581395348837,0.2364341085271318,-0.8565891472868217,0.13178294573643412,-0.32558139534883723,0.14728682170542637,-0.4728682170542636,0.10852713178294573,-0.42248062015503873,0.06589147286821706,-0.3372093023255814
8,0.0,0.0,-0.10294117647058823,-0.07720588235294118,-0.11764705882352941,-0.20220588235294118,0.003676470588235294,-0.31985294117647056,0.09558823529411764,-0.40808823529411764,-0.13970588235294118,-0.48161764705882354,-0.20220588235294118,-0.6838235294117647,-0.23529411764705882,-0.8051470588235294,-0.2536764705882353,-0.9117647058823529,-0.025735294117647058,-0.4963235294117647,-0.01838235294117647,-0.7426470588235294,0.007352941176470588,-0.8823529411764706,0.029411764705882353,-1.0,0.058823529411764705,-0.45955882352941174,0.1323529411764706,-0.6176470588235294,0.1948529411764706,-0.7242647058823529,0.23529411764705882,-0.8382352941176471,0.1323529411764706,-0.3639705882352941,0.15073529411764705,-0.47794117647058826,0.1213235294117647,-0.4117647058823529,0.08455882352941177,-0.33088235294117646
8,0.0,0.0,-0.12359550561797752,-0.0898876404494382,-0.17228464419475656,-0.19850187265917604,-0.056179775280898875,-0.31835205992509363,0.04119850187265917,-0.3782771535580524,-0.1647940074906367,-0.4756554307116105,-0.24344569288389514,-0.6966292134831461,-0.27340823970037453,-0.8164794007490637,-0.29213483146067415,-0.9176029962546817,-0.06367041198501873,-0.49063670411985016,-0.056179775280898875,-0.7415730337078652,-0.04119850187265917,-0.8838951310861424,-0.0299625468164794,-1.0,0.02247191011235955,-0.45692883895131087,0.06741573033707865,-0.6217228464419475,0.10861423220973783,-0.7340823970037453,0.13108614232209737,-0.8576779026217228,0.0898876404494382,-0.33707865168539325,0.09737827715355805,-0.50187265917603,0.07116104868913857,-0.46441947565543074,0.04119850187265917,-0.37453183520599254
8,0.0,0.0,-0.1694915254237288,-0.11016949152542373,-0.24152542372881355,-0.2584745762711864,-0.21610169491525424,-0.4025423728813559,-0.2033898305084746,-0.5042372881355932,-0.2245762711864407,-0.5254237288135594,-0.288135593220339,-0.7161016949152542,-0.3220338983050847,-0.8347457627118644,-0.3474576271186441,-0.9279661016949152,-0.11440677966101695,-0.5550847457627118,-0.13135593220338984,-0.7838983050847458,-0.1483050847457627,-0.9110169491525424,-0.15254237288135594,-1.0,-0.029661016949152543,-0.5296610169491526,-0.0423728813559322,-0.6822033898305084,-0.0423728813559322,-0.7669491525423728,-0.038135593220338986,-0.8177966101694916,0.038135593220338986,-0.461864406779661,0.00847457627118644,-0.4915254237288136,-0.00847457627118644,-0.4661016949152542,-0.00847457627118644,-0.423728813559322
9,0.0,0.0,0.10236220472440945,0.03937007874015748,0.25984251968503935,0.10236220472440945,0.41338582677165353,0.1889763779527559,0.5433070866141733,0.2637795275590551,0.4881889763779528,0.015748031496062992,0.7362204724409449,0.16535433070866143,0.8779527559055118,0.25196850393700787,1.0,0.33070866141732286,0.47244094488188976,0.09448818897637795,0.5787401574803149,0.3346456692913386,0.5787401574803149,0.5039370078740157,0.5708661417322834,0.6259842519685039,0.43700787401574803,0.15354330708661418,0.4409448818897638,0.3228346456692913,0.3110236220472441,0.2874015748031496,0.2283464566929134,0.24015748031496062,0.4015748031496063,0.1968503937007874,0.39763779527559057,0.3031496062992126,0.3110236220472441,0.29133858267716534,0.25196850393700787,0.2559055118110236
9,0.0,0.0,0.11965811965811966,0.017094017094017096,0.2777777777777778,0.06837606837606838,0.4230769230769231,0.1623931623931624,0.5512820512820513,0.24786324786324787,0.5170940170940171,-0.008547008547008548,0.7478632478632479,0.1452991452991453,0.8846153846153846,0.23931623931623933,1.0,0.32051282051282054,0.48717948717948717,0.07692307692307693,0.5811965811965812,0.31196581196581197,0.5641025641025641,0.45726495726495725,0.5470085470085471,0.5512820512820513,0.452991452991453,0.1452991452991453,0.46153846153846156,0.3162393162393162,0.33760683760683763,0.27350427350427353,0.26495726495726496,0.21794871794871795,0.41025641025641024,0.19658119658119658,0.41025641025641024,0.29914529914529914,0.3247863247863248,0.2777777777777778,0.2692307692307692,0.23076923076923078
9,0.0,0.0,0.11483253588516747,-0.014354066985645933,0.2679425837320574,0.0,0.4258373205741627,0.07655502392344497,0.5645933014354066,0.1339712918660287,0.5023923444976076,-0.09090909090909091,0.7368421052631579,0.028708133971291867,0.8755980861244019,0.09569377990430622,1.0,0.15789473684210525,0.49760765550239233,0.004784688995215311,0.5885167464114832,0.20095693779904306,0.583732057416268,0.36363636363636365,0.5885167464114832,0.4784688995215311,0.4688995215311005,0.0861244019138756,0.47368421052631576,0.23923444976076555,0.3588516746411483,0.23444976076555024,0.28708133971291866,0.20095693779904306,0.430622009569378,0.13875598086124402,0.430622009569378,0.24401913875598086,0.3492822966507177,0.23923444976076555,0.3014354066985646,0.20574162679425836
9,0.0,0.0,0.1111111111111111,-0.037037037037037035,0.2654320987654321,-0.012345679012345678,0.41358024691358025,0.08641975308641975,0.5617283950617284,0.16049382716049382,0.5308641975308642,-0.08024691358024691,0.7530864197530864,0.05555555555555555,0.8888888888888888,0.14814814814814814,1.0,0.2345679012345679,0.5185185185185185,0.030864197530864196,0.5740740740740741,0.25925925925925924,0.5555555555555556,0.4382716049382716,0.5493827160493827,0.5679012345679012,0.4691358024691358,0.11728395061728394,0.43209876543209874,0.2716049382716049,0.30864197530864196,0.2222222222222222,0.24074074074074073,0.15432098765432098,0.41975308641975306,0.17901234567901234,0.3888888888888889,0.2777777777777778,0.30864197530864196,0.24691358024691357,0.2716049382716049,0.19135802469135801
9,0.0,0.0,0.09868421052631579,-0.02631578947368421,0.24342105263157895,0.019736842105263157,0.40131578947368424,0.11842105263157894,0.5526315789473685,0.17763157894736842,0.5197368421052632,-0.046052631578947366,0.75,0.08552631578947369,0.881578947368421,0.17763157894736842,1.0,0.2631578947368421,0.5,0.06578947368421052,0.5657894736842105,0.28289473684210525,0.5592105263157895,0.4605263157894737,0.5460526315789473,0.5921052631578947,0.45394736842105265,0.14473684210526316,0.4342105263157895,0.2894736842105263,0.3157894736842105,0.25,0.24342105263157895,0.19736842105263158,0.4144736842105263,0.21052631578947367,0.40131578947368424,0.29605263157894735,0.3157894736842105,0.26973684210526316,0.26973684210526316,0.21710526315789475
9,0.0,0.0,0.11538461538461539,-0.046153846153846156,0.26153846153846155,-0.03076923076923077,0.4230769230769231,0.06923076923076923,0.5615384615384615,0.13846153846153847,0.5307692307692308,-0.1,0.7615384615384615,0.038461538461538464,0.8846153846153846,0.13076923076923078,1.0,0.2153846153846154,0.5076923076923077,0.015384615384615385,0.5846153846153846,0.23076923076923078,0.5692307692307692,0.3923076923076923,0.5615384615384615,0.5076923076923077,0.46923076923076923,0.11538461538461539,0.47692307692307695,0.25384615384615383,0.34615384615384615,0.2230769230769231,0.2692307692307692,0.17692307692307693,0.4307692307692308,0.19230769230769232,0.4461538461538462,0.27692307692307694,0.36153846153846153,0.26153846153846155,0.3,0.2153846153846154
9,0.0,0.0,0.038834951456310676,0.0,0.22330097087378642,0.04854368932038835,0.4077669902912621,0.14563106796116504,0.5728155339805825,0.22330097087378642,0.5048543689320388,-0.07766990291262135,0.7281553398058253,0.038834951456310676,0.883495145631068,0.14563106796116504,1.0,0.23300970873786409,0.5242718446601942,0.019417475728155338,0.6407766990291263,0.27184466019417475,0.6310679611650486,0.46601941747572817,0.6019417475728155,0.6019417475728155,0.5048543689320388,0.1262135922330097,0.5145631067961165,0.33980582524271846,0.33980582524271846,0.3300970873786408,0.23300970873786409,0.30097087378640774,0.46601941747572817,0.1941747572815534,0.4854368932038835,0.34951456310679613,0.3786407766990291,0.3592233009708738,0.30097087378640774,0.3300970873786408
9,0.0,0.0,0.125,-0.046875,0.2890625,-0.03125,0.453125,0.0546875,0.5859375,0.1171875,0.5234375,-0.1171875,0.75,-0.015625,0.8828125,0.0703125,1.0,0.140625,0.5,-0.0078125,0.59375,0.1953125,0.6015625,0.3671875,0.59375,0.484375,0.4609375,0.0859375,0.4765625,0.2265625,0.359375,0.1953125,0.28125,0.140625,0.4140625,0.1484375,0.4296875,0.2421875,0.3515625,0.21875,0.296875,0.171875
9,0.0,0.0,0.12,-0.048,0.288,-0.032,0.448,0.048,0.592,0.104,0.52,-0.128,0.744,-0.024,0.88,0.048,1.0,0.12,0.504,-0.016,0.6,0.184,0.616,0.36,0.624,0.472,0.456,0.08,0.472,0.232,0.344,0.192,0.272,0.128,0.408,0.144,0.408,0.248,0.336,0.216,0.296,0.16
9,0.0,0.0,0.10077519379844961,-0.007751937984496124,0.2558139534883721,0.023255813953488372,0.4186046511627907,0.10852713178294573,0.5581395348837209,0.17054263565891473,0.4806201550387597,-0.06976744186046512,0.7286821705426356,0.046511627906976744,0.875968992248062,0.11627906976744186,1.0,0.18604651162790697,0.46511627906976744,0.031007751937984496,0.5736434108527132,0.24806201550387597,0.5891472868217055,0.4263565891472868,0.5813953488372093,0.5581395348837209,0.43410852713178294,0.10852713178294573,0.4496124031007752,0.2713178294573643,0.3333333333333333,0.24031007751937986,0.2558139534883721,0.1937984496124031,0.40310077519379844,0.16279069767441862,0.4108527131782946,0.2558139534883721,0.32558139534883723,0.24806201550387597,0.2713178294573643,0.20930232558139536
9,0.0,0.0,0.11678832116788321,-0.0364963503649635,0.27007299270072993,-0.021897810218978103,0.4233576642335766,0.058394160583941604,0.5620437956204379,0.11678832116788321,0.48905109489051096,-0.10948905109489052,0.7299270072992701,-0.014598540145985401,0.8759124087591241,0.058394160583941604,1.0,0.12408759124087591,0.45985401459854014,0.0,0.5547445255474452,0.19708029197080293,0.5693430656934306,0.36496350364963503,0.5766423357664233,0.48175182481751827,0.41605839416058393,0.08759124087591241,0.41605839416058393,0.23357664233576642,0.291970802919708,0.1897810218978102,0.21897810218978103,0.12408759124087591,0.3722627737226277,0.15328467153284672,0.36496350364963503,0.24817518248175183,0.2846715328467153,0.21897810218978103,0.23357664233576642,0.16058394160583941
9,0.0,0.0,0.043859649122807015,-0.008771929824561403,0.24561403508771928,0.05263157894736842,0.43859649122807015,0.14912280701754385,0.6140350877192983,0.22807017543859648,0.49122807017543857,-0.07894736842105263,0.7105263157894737,0.008771929824561403,0.868421052631579,0.08771929824561403,1.0,0.16666666666666666,0.5087719298245614,0.02631578947368421,0.631578947368421,0.2719298245614035,0.6666666666666666,0.4649122807017544,0.6754385964912281,0.6052631578947368,0.49122807017543857,0.13157894736842105,0.4824561403508772,0.34210526315789475,0.3157894736842105,0.30701754385964913,0.21929824561403508,0.24561403508771928,0.4473684210526316,0.20175438596491227,0.43859649122807015,0.3508771929824561,0.3157894736842105,0.3157894736842105,0.2543859649122807,0.2543859649122807
9,0.0,0.0,0.09655172413793103,-0.041379310344827586,0.2482758620689655,-0.027586206896551724,0.4068965517241379,0.04827586206896552,0.5517241379310345,0.10344827586206896,0.47586206896551725,-0.1103448275862069,0.7241379310344828,-0.027586206896551724,0.8758620689655172,0.041379310344827586,1.0,0.1103448275862069,0.45517241379310347,-0.013793103448275862,0.5586206896551724,0.19310344827586207,0.5655172413793104,0.3724137931034483,0.5724137931034483,0.496551724137931,0.41379310344827586,0.07586206896551724,0.4068965517241379,0.22758620689655173,0.2896551724137931,0.1793103448275862,0.2206896551724138,0.11724137931034483,0.36551724137931035,0.13793103448275862,0.35172413793103446,0.2482758620689655,0.2689655172413793,0.21379310344827587,0.23448275862068965,0.15172413793103448
9,0.0,0.0,0.0915032679738562,-0.026143790849673203,0.24183006535947713,-0.013071895424836602,0.39869281045751637,0.06535947712418301,0.5424836601307189,0.12418300653594772,0.47058823529411764,-0.10457516339869281,0.7189542483660131,-0.013071895424836602,0.8758169934640523,0.058823529411764705,1.0,0.11764705882352941,0.46405228758169936,-0.006535947712418301,0.5686274509803921,0.20261437908496732,0.5751633986928104,0.37254901960784315,0.5751633986928104,0.49019607843137253,0.42483660130718953,0.0784313725490196,0.43137254901960786,0.23529411764705882,0.3006535947712418,0.20261437908496732,0.2222222222222222,0.1437908496732026,0.38562091503267976,0.13725490196078433,0.38562091503267976,0.24183006535947713,0.29411764705882354,0.2222222222222222,0.24183006535947713,0.16339869281045752
9,0.0,0.0,0.08074534161490683,-0.012422360248447204,0.22981366459627328,0.018633540372670808,0.38509316770186336,0.10559006211180125,0.5217391304347826,0.18633540372670807,0.45962732919254656,-0.06832298136645963,0.7204968944099379,0.043478260869565216,0.8757763975155279,0.11801242236024845,1.0,0.18633540372670807,0.453416149068323,0.024844720496894408,0.5590062111801242,0.2608695652173913,0.5527950310559007,0.4409937888198758,0.546583850931677,0.5590062111801242,0.42857142857142855,0.09937888198757763,0.4409937888198758,0.2670807453416149,0.3105590062111801,0.2422360248447205,0.2360248447204969,0.19875776397515527,0.39751552795031053,0.14906832298136646,0.391304347826087,0.2608695652173913,0.30434782608695654,0.2484472049689441,0.2546583850931677,0.20496894409937888
9,0.0,0.0,0.07514450867052024,-0.005780346820809248,0.21965317919075145,0.023121387283236993,0.3815028901734104,0.10404624277456648,0.5202312138728323,0.1791907514450867,0.4508670520231214,-0.09248554913294797,0.7109826589595376,0.017341040462427744,0.8728323699421965,0.09826589595375723,1.0,0.1791907514450867,0.4508670520231214,0.011560693641618497,0.5491329479768786,0.24855491329479767,0.5606936416184971,0.44508670520231214,0.5606936416184971,0.5895953757225434,0.43352601156069365,0.10404624277456648,0.4393063583815029,0.2774566473988439,0.3063583815028902,0.24277456647398843,0.2254335260115607,0.1907514450867052,0.4161849710982659,0.1676300578034682,0.41040462427745666,0.2774566473988439,0.31213872832369943,0.26011560693641617,0.2543352601156069,0.21965317919075145
9,0.0,0.0,0.08854166666666667,0.015625,0.234375,0.057291666666666664,0.3802083333333333,0.14583333333333334,0.5104166666666666,0.21354166666666666,0.4583333333333333,-0.041666666666666664,0.7083333333333334,0.07291666666666667,0.8697916666666666,0.16145833333333334,1.0,0.234375,0.4479166666666667,0.03125,0.5260416666666666,0.22395833333333334,0.375,0.265625,0.265625,0.24479166666666666,0.4270833333333333,0.10416666666666667,0.4635416666666667,0.2708333333333333,0.3229166666666667,0.2604166666666667,0.24479166666666666,0.20833333333333334,0.3958333333333333,0.15104166666666666,0.4114583333333333,0.2760416666666667,0.3125,0.2604166666666667,0.25,0.20833333333333334
9,0.0,0.0,0.08571428571428572,0.01904761904761905,0.23333333333333334,0.06666666666666667,0.38571428571428573,0.15714285714285714,0.5190476190476191,0.22857142857142856,0.4666666666666667,-0.0380952380952381,0.7142857142857143,0.08095238095238096,0.8714285714285714,0.1619047619047619,1.0,0.23333333333333334,0.44761904761904764,0.05714285714285714,0.5523809523809524,0.29523809523809524,0.5714285714285714,0.48095238095238096,0.5714285714285714,0.6190476190476191,0.4142857142857143,0.13333333333333333,0.4238095238095238,0.2904761904761905,0.2904761904761905,0.2619047619047619,0.20476190476190476,0.20952380952380953,0.38095238095238093,0.18095238095238095,0.3904761904761905,0.2857142857142857,0.29523809523809524,0.2571428571428571,0.23333333333333334,0.20952380952380953
9,0.0,0.0,0.08333333333333333,0.02631578947368421,0.23684210526315788,0.08771929824561403,0.38596491228070173,0.17543859649122806,0.5175438596491229,0.25877192982456143,0.45614035087719296,-0.008771929824561403,0.7149122807017544,0.12719298245614036,0.8728070175438597,0.2149122807017544,1.0,0.29385964912280704,0.43859649122807015,0.07894736842105263,0.5394736842105263,0.3333333333333333,0.5394736842105263,0.5219298245614035,0.5263157894736842,0.6491228070175439,0.40789473684210525,0.14912280701754385,0.4166666666666667,0.3157894736842105,0.2850877192982456,0.25877192982456143,0.21052631578947367,0.18859649122807018,0.37280701754385964,0.19298245614035087,0.37719298245614036,0.3026315789473684,0.2807017543859649,0.2675438596491228,0.22807017543859648,0.21052631578947367
9,0.0,0.0,0.07569721115537849,0.06374501992031872,0.2350597609561753,0.1394422310756972,0.3904382470119522,0.2350597609561753,0.5258964143426295,0.2948207171314741,0.4541832669322709,0.00796812749003984,0.7091633466135459,0.15139442231075698,0.8725099601593626,0.24701195219123506,1.0,0.3187250996015936,0.44223107569721115,0.07569721115537849,0.5776892430278885,0.2948207171314741,0.6055776892430279,0.44621513944223107,0.6135458167330677,0.549800796812749,0.4103585657370518,0.13545816733067728,0.4302788844621514,0.3147410358565737,0.30677290836653387,0.2868525896414343,0.23904382470119523,0.24302788844621515,0.38247011952191234,0.18326693227091634,0.38645418326693226,0.30677290836653387,0.2948207171314741,0.2948207171314741,0.23904382470119523,0.2549800796812749
9,0.0,0.0,0.06691449814126393,0.06691449814126393,0.21561338289962825,0.137546468401487,0.37174721189591076,0.21933085501858737,0.516728624535316,0.2899628252788104,0.4349442379182156,-0.007434944237918215,0.7026022304832714,0.13382899628252787,0.8661710037174721,0.21189591078066913,1.0,0.2825278810408922,0.4275092936802974,0.05204460966542751,0.5613382899628253,0.2862453531598513,0.5724907063197026,0.4423791821561338,0.5724907063197026,0.550185873605948,0.4052044609665427,0.10408921933085502,0.4423791821561338,0.29739776951672864,0.30855018587360594,0.275092936802974,0.2342007434944238,0.23048327137546468,0.38661710037174724,0.1449814126394052,0.3903345724907063,0.26765799256505574,0.29739776951672864,0.26394052044609667,0.241635687732342,0.23048327137546468
9,0.0,0.0,0.07894736842105263,0.029605263157894735,0.23684210526315788,0.08552631578947369,0.39473684210526316,0.17105263157894737,0.5361842105263158,0.23684210526315788,0.45723684210526316,-0.04276315789473684,0.7039473684210527,0.05592105263157895,0.8651315789473685,0.1118421052631579,1.0,0.16776315789473684,0.4375,0.039473684210526314,0.5526315789473685,0.26644736842105265,0.5822368421052632,0.45394736842105265,0.5888157894736842,0.5986842105263158,0.40460526315789475,0.1118421052631579,0.4276315789473684,0.2730263157894737,0.2894736842105263,0.22697368421052633,0.21710526315789475,0.17105263157894737,0.3782894736842105,0.1513157894736842,0.3782894736842105,0.2565789473684211,0.28289473684210525,0.23355263157894737,0.23355263157894737,0.19407894736842105
9,0.0,0.0,0.09657320872274143,0.021806853582554516,0.2616822429906542,0.06853582554517133,0.4205607476635514,0.14953271028037382,0.5638629283489096,0.22118380062305296,0.5046728971962616,-0.056074766355140186,0.7507788161993769,0.03426791277258567,0.9096573208722741,0.09657320872274143,1.0,0.1526479750778816,0.4735202492211838,0.028037383177570093,0.5950155763239875,0.24922118380062305,0.6105919003115264,0.42679127725856697,0.6105919003115264,0.5514018691588785,0.4236760124610592,0.09968847352024922,0.4454828660436137,0.2585669781931464,0.308411214953271,0.2336448598130841,0.2336448598130841,0.18691588785046728,0.3862928348909657,0.13707165109034267,0.3894080996884735,0.24922118380062305,0.2866043613707165,0.23052959501557632,0.2336448598130841,0.1838006230529595
9,0.0,0.0,0.10365853658536585,0.024390243902439025,0.2621951219512195,0.06707317073170732,0.4176829268292683,0.13719512195121952,0.5640243902439024,0.19817073170731708,0.4878048780487805,-0.06402439024390244,0.7408536585365854,0.021341463414634148,0.9024390243902439,0.07926829268292683,1.0,0.13414634146341464,0.4634146341463415,0.018292682926829267,0.600609756097561,0.22560975609756098,0.6310975609756098,0.39634146341463417,0.6310975609756098,0.5213414634146342,0.4268292682926829,0.08841463414634146,0.45121951219512196,0.24390243902439024,0.3170731707317073,0.2225609756097561,0.24085365853658536,0.1798780487804878,0.39939024390243905,0.13109756097560976,0.3871951219512195,0.2347560975609756,0.2896341463414634,0.21951219512195122,0.2347560975609756,0.1798780487804878
9,0.0,0.0,0.0872093023255814,0.01744186046511628,0.23546511627906977,0.05813953488372093,0.39244186046511625,0.13662790697674418,0.5319767441860465,0.2005813953488372,0.4680232558139535,-0.061046511627906974,0.7180232558139535,0.03488372093023256,0.8837209302325582,0.09883720930232558,1.0,0.15406976744186046,0.45348837209302323,0.020348837209302327,0.5959302325581395,0.2180232558139535,0.6191860465116279,0.36627906976744184,0.622093023255814,0.47093023255813954,0.4186046511627907,0.09011627906976744,0.4476744186046512,0.25,0.313953488372093,0.22674418604651161,0.23546511627906977,0.18313953488372092,0.38372093023255816,0.13372093023255813,0.3808139534883721,0.24709302325581395,0.28488372093023256,0.22674418604651161,0.2238372093023256,0.18313953488372092
9,0.0,0.0,0.09482758620689655,0.008620689655172414,0.2442528735632184,0.04597701149425287,0.3936781609195402,0.1235632183908046,0.5258620689655172,0.19827586206896552,0.47413793103448276,-0.05459770114942529,0.7241379310344828,0.031609195402298854,0.882183908045977,0.08908045977011494,1.0,0.14367816091954022,0.4511494252873563,0.028735632183908046,0.5632183908045977,0.22701149425287356,0.5459770114942529,0.3620689655172414,0.5258620689655172,0.4482758620689655,0.41379310344827586,0.09770114942528736,0.4454022988505747,0.23850574712643677,0.3218390804597701,0.21264367816091953,0.25,0.16954022988505746,0.3735632183908046,0.13505747126436782,0.3706896551724138,0.23563218390804597,0.28160919540229884,0.20977011494252873,0.23275862068965517,0.16091954022988506
9,0.0,0.0,0.09649122807017543,0.011695906432748537,0.23684210526315788,0.043859649122807015,0.38596491228070173,0.11695906432748537,0.5175438596491229,0.19005847953216373,0.47076023391812866,-0.05555555555555555,0.7222222222222222,0.03216374269005848,0.8771929824561403,0.0935672514619883,1.0,0.14912280701754385,0.45321637426900585,0.02631578947368421,0.5555555555555556,0.23391812865497075,0.5350877192982456,0.3742690058479532,0.5087719298245614,0.4590643274853801,0.42105263157894735,0.09649122807017543,0.43859649122807015,0.24561403508771928,0.30994152046783624,0.2222222222222222,0.23391812865497075,0.1783625730994152,0.391812865497076,0.13742690058479531,0.3830409356725146,0.23976608187134502,0.29239766081871343,0.2222222222222222,0.23391812865497075,0.18128654970760233
9,0.0,0.0,0.09597523219814241,-0.009287925696594427,0.24148606811145512,0.01238390092879257,0.38699690402476783,0.0804953560371517,0.5232198142414861,0.14241486068111456,0.4674922600619195,-0.09597523219814241,0.7213622291021672,-0.009287925696594427,0.8761609907120743,0.04953560371517028,1.0,0.10526315789473684,0.4551083591331269,-0.006191950464396285,0.5603715170278638,0.20123839009287925,0.5603715170278638,0.3591331269349845,0.5541795665634675,0.46439628482972134,0.4241486068111455,0.06501547987616099,0.43034055727554177,0.20743034055727555,0.30030959752321984,0.17337461300309598,0.22910216718266255,0.11764705882352941,0.39009287925696595,0.10526315789473684,0.3715170278637771,0.21052631578947367,0.28173374613003094,0.18575851393188855,0.23839009287925697,0.13003095975232198
9,0.0,0.0,0.1032258064516129,0.0,0.24193548387096775,0.02258064516129032,0.3903225806451613,0.0935483870967742,0.5225806451612903,0.16129032258064516,0.4806451612903226,-0.08387096774193549,0.7258064516129032,-0.0032258064516129032,0.8741935483870967,0.054838709677419356,1.0,0.1064516129032258,0.46774193548387094,-0.00967741935483871,0.5290322580645161,0.16451612903225807,0.4096774193548387,0.2161290322580645,0.3193548387096774,0.21935483870967742,0.43870967741935485,0.05161290322580645,0.4645161290322581,0.1967741935483871,0.33548387096774196,0.1935483870967742,0.25806451612903225,0.15483870967741936,0.3967741935483871,0.09032258064516129,0.4,0.1967741935483871,0.31290322580645163,0.19032258064516128,0.25806451612903225,0.14516129032258066
9,0.0,0.0,0.09929078014184398,-0.01773049645390071,0.24468085106382978,0.024822695035460994,0.3829787234042553,0.12056737588652482,0.5035460992907801,0.1950354609929078,0.4787234042553192,-0.04609929078014184,0.7269503546099291,0.04964539007092199,0.875886524822695,0.1099290780141844,1.0,0.16666666666666666,0.4645390070921986,0.04609929078014184,0.5460992907801419,0.25886524822695034,0.524822695035461,0.39361702127659576,0.5141843971631206,0.48226950354609927,0.4326241134751773,0.11347517730496454,0.43617021276595747,0.25886524822695034,0.30851063829787234,0.2198581560283688,0.22695035460992907,0.17375886524822695,0.3971631205673759,0.15602836879432624,0.3971631205673759,0.24822695035460993,0.30851063829787234,0.22695035460992907,0.2553191489361702,0.18439716312056736
9,0.0,0.0,0.0898876404494382,-0.018726591760299626,0.23595505617977527,0.018726591760299626,0.3857677902621723,0.11235955056179775,0.5131086142322098,0.1797752808988764,0.47191011235955055,-0.06741573033707865,0.7228464419475655,0.03745318352059925,0.8726591760299626,0.09737827715355805,1.0,0.15355805243445692,0.4606741573033708,0.026217228464419477,0.5543071161048689,0.2397003745318352,0.5318352059925093,0.37453183520599254,0.5168539325842697,0.4681647940074906,0.4307116104868914,0.10112359550561797,0.449438202247191,0.23595505617977527,0.32209737827715357,0.20599250936329588,0.24344569288389514,0.17228464419475656,0.4044943820224719,0.14606741573033707,0.41947565543071164,0.23220973782771537,0.3295880149812734,0.21722846441947566,0.26591760299625467,0.19101123595505617
9,0.0,0.0,0.07509881422924901,0.05533596837944664,0.2134387351778656,0.1541501976284585,0.33992094861660077,0.26877470355731226,0.47035573122529645,0.35177865612648224,0.45849802371541504,0.07509881422924901,0.7075098814229249,0.1976284584980237,0.8695652173913043,0.2845849802371542,1.0,0.35968379446640314,0.4505928853754941,0.12648221343873517,0.6798418972332015,0.23715415019762845,0.8181818181818182,0.32806324110671936,0.9288537549407114,0.39920948616600793,0.4150197628458498,0.17391304347826086,0.44664031620553357,0.3438735177865613,0.31225296442687744,0.3241106719367589,0.233201581027668,0.28063241106719367,0.3794466403162055,0.20553359683794467,0.36363636363636365,0.3359683794466403,0.2608695652173913,0.31620553359683795,0.20553359683794467,0.2608695652173913
9,0.0,0.0,0.09056603773584905,0.03018867924528302,0.2339622641509434,0.09433962264150944,0.36981132075471695,0.18490566037735848,0.49056603773584906,0.2528301886792453,0.45660377358490567,0.01509433962264151,0.7056603773584905,0.12452830188679245,0.8679245283018868,0.18490566037735848,1.0,0.2490566037735849,0.4226415094339623,0.1018867924528302,0.5018867924528302,0.3283018867924528,0.5018867924528302,0.5094339622641509,0.5018867924528302,0.6452830188679245,0.38113207547169814,0.16981132075471697,0.37735849056603776,0.3169811320754717,0.25660377358490566,0.2641509433962264,0.19245283018867926,0.20754716981132076,0.3433962264150943,0.21132075471698114,0.32452830188679244,0.30566037735849055,0.23773584905660378,0.2679245283018868,0.19245283018867926,0.20754716981132076
9,0.0,0.0,0.0749063670411985,0.011235955056179775,0.21348314606741572,0.052434456928838954,0.352059925093633,0.13857677902621723,0.4756554307116105,0.21722846441947566,0.45692883895131087,-0.00749063670411985,0.7116104868913857,0.08614232209737828,0.8689138576779026,0.14606741573033707,1.0,0.19850187265917604,0.43820224719101125,0.07865168539325842,0.5393258426966292,0.2846441947565543,0.5430711610486891,0.4419475655430712,0.5355805243445693,0.5543071161048689,0.4044943820224719,0.13857677902621723,0.39325842696629215,0.2846441947565543,0.26591760299625467,0.24719101123595505,0.18726591760299627,0.1947565543071161,0.3707865168539326,0.17228464419475656,0.35580524344569286,0.27340823970037453,0.26217228464419473,0.2546816479400749,0.19850187265917604,0.20599250936329588
9,0.0,0.0,0.08679245283018867,0.007547169811320755,0.22264150943396227,0.04905660377358491,0.3660377358490566,0.13584905660377358,0.49433962264150944,0.19622641509433963,0.45660377358490567,-0.03773584905660377,0.7018867924528301,0.04150943396226415,0.8641509433962264,0.09433962264150944,1.0,0.1471698113207547,0.44150943396226416,0.052830188679245285,0.5320754716981132,0.2679245283018868,0.5358490566037736,0.42641509433962266,0.539622641509434,0.539622641509434,0.41132075471698115,0.12452830188679245,0.4075471698113208,0.2792452830188679,0.2830188679245283,0.22641509433962265,0.2188679245283019,0.1660377358490566,0.37735849056603776,0.1660377358490566,0.3660377358490566,0.27169811320754716,0.2830188679245283,0.24150943396226415,0.23773584905660378,0.18490566037735848
9,0.0,0.0,0.07547169811320754,0.007547169811320755,0.2037735849056604,0.045283018867924525,0.3471698113207547,0.12830188679245283,0.47547169811320755,0.19622641509433963,0.44528301886792454,-0.045283018867924525,0.7018867924528301,0.03773584905660377,0.8679245283018868,0.09056603773584905,1.0,0.13962264150943396,0.4339622641509434,0.04150943396226415,0.5358490566037736,0.25660377358490566,0.5169811320754717,0.39622641509433965,0.49433962264150944,0.47924528301886793,0.4037735849056604,0.10943396226415095,0.41509433962264153,0.27169811320754716,0.28679245283018867,0.24528301886792453,0.21132075471698114,0.19245283018867926,0.37358490566037733,0.1509433962264151,0.3622641509433962,0.2679245283018868,0.27169811320754716,0.24528301886792453,0.2188679245283019,0.18867924528301888
9,0.0,0.0,0.046153846153846156,-0.023076923076923078,0.16538461538461538,-0.0038461538461538464,0.3076923076923077,0.08461538461538462,0.43846153846153846,0.15384615384615385,0.41923076923076924,-0.08846153846153847,0.6923076923076923,-0.011538461538461539,0.8615384615384616,0.03461538461538462,1.0,0.08076923076923077,0.41923076923076924,0.007692307692307693,0.5307692307692308,0.19615384615384615,0.55,0.35,0.5576923076923077,0.4576923076923077,0.3923076923076923,0.08846153846153847,0.3923076923076923,0.23461538461538461,0.2653846153846154,0.2230769230769231,0.19230769230769232,0.18461538461538463,0.36538461538461536,0.1423076923076923,0.36538461538461536,0.24615384615384617,0.27692307692307694,0.23846153846153847,0.2153846153846154,0.20384615384615384
9,0.0,0.0,0.05859375,-0.0390625,0.18359375,-0.03125,0.32421875,0.0625,0.4609375,0.1171875,0.4375,-0.12890625,0.6953125,-0.05859375,0.86328125,-0.0078125,1.0,0.0390625,0.43359375,-0.0234375,0.53125,0.171875,0.53125,0.30859375,0.5390625,0.3984375,0.40625,0.06640625,0.39453125,0.21484375,0.26171875,0.1875,0.19140625,0.13671875,0.37109375,0.12109375,0.36328125,0.23046875,0.265625,0.2109375,0.21484375,0.15625
9,0.0,0.0,0.051181102362204724,-0.047244094488188976,0.16929133858267717,-0.031496062992125984,0.3110236220472441,0.07874015748031496,0.4409448818897638,0.16535433070866143,0.43700787401574803,-0.1062992125984252,0.6850393700787402,-0.023622047244094488,0.8582677165354331,0.047244094488188976,1.0,0.1141732283464567,0.4409448818897638,-0.003937007874015748,0.6062992125984252,0.1220472440944882,0.6850393700787402,0.1968503937007874,0.7598425196850394,0.2440944881889764,0.41732283464566927,0.08661417322834646,0.421259842519685,0.22440944881889763,0.2874015748031496,0.1889763779527559,0.2047244094488189,0.13385826771653545,0.3700787401574803,0.14566929133858267,0.3700787401574803,0.24803149606299213,0.25984251968503935,0.2125984251968504,0.19291338582677164,0.14566929133858267
9,0.0,0.0,0.04780876494023904,-0.04780876494023904,0.16334661354581673,-0.03187250996015936,0.29880478087649404,0.08366533864541832,0.43824701195219123,0.17928286852589642,0.4302788844621514,-0.099601593625498,0.6932270916334662,-0.00796812749003984,0.8605577689243028,0.06374501992031872,1.0,0.13147410358565736,0.4262948207171315,0.01195219123505976,0.5179282868525896,0.21115537848605578,0.4860557768924303,0.33067729083665337,0.4701195219123506,0.40239043824701193,0.3904382470119522,0.10756972111553785,0.3745019920318725,0.26294820717131473,0.23904382470119523,0.2151394422310757,0.18725099601593626,0.15139442231075698,0.3466135458167331,0.17131474103585656,0.32270916334661354,0.2788844621513944,0.22310756972111553,0.2350597609561753,0.18725099601593626,0.17131474103585656
9,0.0,0.0,0.03942652329749104,-0.08602150537634409,0.15770609318996415,-0.10752688172043011,0.3046594982078853,-0.007168458781362007,0.44086021505376344,0.05734767025089606,0.4265232974910394,-0.16845878136200718,0.6917562724014337,-0.0931899641577061,0.8566308243727598,-0.03942652329749104,1.0,0.010752688172043012,0.44802867383512546,-0.053763440860215055,0.48028673835125446,0.14336917562724014,0.4265232974910394,0.2974910394265233,0.4014336917562724,0.4014336917562724,0.43010752688172044,0.043010752688172046,0.40860215053763443,0.2078853046594982,0.2939068100358423,0.24731182795698925,0.23297491039426524,0.25806451612903225,0.3906810035842294,0.11827956989247312,0.37992831541218636,0.23655913978494625,0.3010752688172043,0.2724014336917563,0.25089605734767023,0.27956989247311825
9,0.0,0.0,0.05327868852459016,-0.036885245901639344,0.18442622950819673,-0.045081967213114756,0.3483606557377049,0.01639344262295082,0.5,0.06557377049180328,0.4344262295081967,-0.1557377049180328,0.6926229508196722,-0.09016393442622951,0.8647540983606558,-0.05737704918032787,1.0,-0.028688524590163935,0.4426229508196721,-0.06147540983606557,0.5491803278688525,0.13524590163934427,0.5491803278688525,0.3114754098360656,0.5368852459016393,0.4385245901639344,0.4262295081967213,0.020491803278688523,0.4344262295081967,0.18032786885245902,0.319672131147541,0.19672131147540983,0.25,0.18442622950819673,0.39344262295081966,0.08196721311475409,0.38114754098360654,0.18032786885245902,0.29098360655737704,0.18442622950819673,0.2336065573770492,0.14754098360655737
9,0.0,0.0,0.05327868852459016,-0.04918032786885246,0.18442622950819673,-0.06147540983606557,0.3442622950819672,0.004098360655737705,0.4959016393442623,0.06967213114754098,0.4344262295081967,-0.16393442622950818,0.6967213114754098,-0.10245901639344263,0.8647540983606558,-0.07377049180327869,1.0,-0.036885245901639344,0.44672131147540983,-0.06557377049180328,0.5409836065573771,0.13934426229508196,0.5245901639344263,0.3155737704918033,0.5122950819672131,0.4426229508196721,0.430327868852459,0.020491803278688523,0.45491803278688525,0.18032786885245902,0.36475409836065575,0.22131147540983606,0.3155737704918033,0.24180327868852458,0.4016393442622951,0.08196721311475409,0.4098360655737705,0.18032786885245902,0.3360655737704918,0.20081967213114754,0.28688524590163933,0.19672131147540983
9,0.0,0.0,0.06557377049180328,-0.04918032786885246,0.20491803278688525,-0.05737704918032787,0.36885245901639346,0.00819672131147541,0.5081967213114754,0.06967213114754098,0.45081967213114754,-0.1680327868852459,0.7049180327868853,-0.11885245901639344,0.8688524590163934,-0.09016393442622951,1.0,-0.05737704918032787,0.45901639344262296,-0.07377049180327869,0.5532786885245902,0.11885245901639344,0.5491803278688525,0.2786885245901639,0.5450819672131147,0.39344262295081966,0.4344262295081967,0.00819672131147541,0.44672131147540983,0.14754098360655737,0.32786885245901637,0.1557377049180328,0.2581967213114754,0.13934426229508196,0.3975409836065574,0.06147540983606557,0.39344262295081966,0.14754098360655737,0.30327868852459017,0.14344262295081966,0.2459016393442623,0.11065573770491803
9,0.0,0.0,0.0625,-0.03333333333333333,0.19583333333333333,-0.0375,0.3541666666666667,0.020833333333333332,0.5041666666666667,0.0625,0.44583333333333336,-0.15416666666666667,0.7083333333333334,-0.09583333333333334,0.8666666666666667,-0.06666666666666667,1.0,-0.029166666666666667,0.45,-0.058333333333333334,0.5375,0.13333333333333333,0.5291666666666667,0.2791666666666667,0.5375,0.38333333333333336,0.425,0.029166666666666667,0.4125,0.17916666666666667,0.2791666666666667,0.1625,0.20833333333333334,0.12083333333333333,0.3875,0.0875,0.37083333333333335,0.1875,0.275,0.175,0.225,0.12916666666666668
9,0.0,0.0,0.06072874493927125,-0.044534412955465584,0.19433198380566802,-0.04048582995951417,0.3481781376518219,0.032388663967611336,0.4898785425101215,0.08906882591093117,0.44129554655870445,-0.145748987854251,0.6963562753036437,-0.0931174089068826,0.8623481781376519,-0.06072874493927125,1.0,-0.02834008097165992,0.44129554655870445,-0.048582995951417005,0.5182186234817814,0.13765182186234817,0.4817813765182186,0.2631578947368421,0.46558704453441296,0.3360323886639676,0.41295546558704455,0.04048582995951417,0.41700404858299595,0.17408906882591094,0.291497975708502,0.16194331983805668,0.23481781376518218,0.12550607287449392,0.3765182186234818,0.09716599190283401,0.3724696356275304,0.1902834008097166,0.2834008097165992,0.17813765182186234,0.23481781376518218,0.13765182186234817
9,0.0,0.0,0.05439330543933055,-0.029288702928870293,0.1799163179916318,-0.02510460251046025,0.3389121338912134,0.04602510460251046,0.48535564853556484,0.1087866108786611,0.4309623430962343,-0.13807531380753138,0.6861924686192469,-0.0794979079497908,0.8577405857740585,-0.0502092050209205,1.0,-0.016736401673640166,0.4435146443514644,-0.04602510460251046,0.5606694560669456,0.13807531380753138,0.5774058577405857,0.28451882845188287,0.5857740585774058,0.39748953974895396,0.42677824267782427,0.04184100418410042,0.4309623430962343,0.200836820083682,0.3138075313807531,0.2175732217573222,0.24686192468619247,0.20920502092050208,0.39330543933054396,0.100418410041841,0.39330543933054396,0.20920502092050208,0.301255230125523,0.22594142259414227,0.24686192468619247,0.21338912133891214
9,0.0,0.0,0.05179282868525897,-0.0398406374501992,0.17928286852589642,-0.035856573705179286,0.3346613545816733,0.0398406374501992,0.47410358565737054,0.10358565737051793,0.4262948207171315,-0.14342629482071714,0.6852589641434262,-0.09561752988047809,0.8605577689243028,-0.06772908366533864,1.0,-0.035856573705179286,0.4342629482071713,-0.043824701195219126,0.5537848605577689,0.13545816733067728,0.5657370517928287,0.2749003984063745,0.5776892430278885,0.3705179282868526,0.41832669322709165,0.043824701195219126,0.41832669322709165,0.19123505976095617,0.27091633466135456,0.17131474103585656,0.19123505976095617,0.12749003984063745,0.38645418326693226,0.10358565737051793,0.3784860557768924,0.20318725099601595,0.27091633466135456,0.19123505976095617,0.21115537848605578,0.15139442231075698
9,0.0,0.0,0.04247104247104247,-0.03861003861003861,0.16988416988416988,-0.04247104247104247,0.32432432432432434,0.03088803088803089,0.47104247104247104,0.09266409266409266,0.4247104247104247,-0.15057915057915058,0.6833976833976834,-0.09652509652509653,0.8571428571428571,-0.0694980694980695,1.0,-0.03861003861003861,0.43243243243243246,-0.05405405405405406,0.5057915057915058,0.1583011583011583,0.4864864864864865,0.32432432432432434,0.4749034749034749,0.4362934362934363,0.41312741312741313,0.03474903474903475,0.40540540540540543,0.18532818532818532,0.2625482625482625,0.17374517374517376,0.1891891891891892,0.14285714285714285,0.3861003861003861,0.09652509652509653,0.3783783783783784,0.20463320463320464,0.277992277992278,0.21235521235521235,0.22393822393822393,0.18532818532818532
9,0.0,0.0,0.05223880597014925,-0.033582089552238806,0.1791044776119403,-0.041044776119402986,0.3358208955223881,0.029850746268656716,0.48134328358208955,0.09328358208955224,0.43656716417910446,-0.1417910447761194,0.6940298507462687,-0.09328358208955224,0.8656716417910447,-0.07462686567164178,1.0,-0.048507462686567165,0.43656716417910446,-0.04477611940298507,0.5597014925373134,0.11194029850746269,0.585820895522388,0.26492537313432835,0.5970149253731343,0.3805970149253731,0.41044776119402987,0.033582089552238806,0.4291044776119403,0.1791044776119403,0.3208955223880597,0.19776119402985073,0.2537313432835821,0.19029850746268656,0.376865671641791,0.08582089552238806,0.373134328358209,0.1791044776119403,0.27611940298507465,0.17164179104477612,0.21641791044776118,0.1417910447761194
9,0.0,0.0,0.06015037593984962,-0.03759398496240601,0.19172932330827067,-0.03007518796992481,0.34210526315789475,0.03759398496240601,0.4774436090225564,0.09398496240601503,0.4473684210526316,-0.12781954887218044,0.6992481203007519,-0.08646616541353383,0.8646616541353384,-0.06766917293233082,1.0,-0.041353383458646614,0.4398496240601504,-0.03759398496240601,0.5375939849624061,0.12406015037593984,0.5451127819548872,0.24436090225563908,0.556390977443609,0.32706766917293234,0.41353383458646614,0.041353383458646614,0.40601503759398494,0.18045112781954886,0.2744360902255639,0.16541353383458646,0.20676691729323307,0.13157894736842105,0.37218045112781956,0.09398496240601503,0.36466165413533835,0.18796992481203006,0.2706766917293233,0.17669172932330826,0.21804511278195488,0.13909774436090225
9,0.0,0.0,0.0694980694980695,-0.03474903474903475,0.1969111969111969,-0.015444015444015444,0.33976833976833976,0.06563706563706563,0.47104247104247104,0.13127413127413126,0.44015444015444016,-0.11196911196911197,0.6872586872586872,-0.07722007722007722,0.861003861003861,-0.05405405405405406,1.0,-0.03088803088803089,0.44015444015444016,-0.015444015444015444,0.6023166023166023,0.07335907335907337,0.7027027027027027,0.138996138996139,0.7992277992277992,0.18532818532818532,0.4092664092664093,0.06177606177606178,0.4247104247104247,0.1891891891891892,0.30115830115830117,0.16988416988416988,0.2277992277992278,0.13127413127413126,0.3667953667953668,0.11196911196911197,0.37065637065637064,0.20463320463320464,0.27413127413127414,0.18146718146718147,0.21621621621621623,0.13127413127413126
9,0.0,0.0,0.06224066390041494,-0.05394190871369295,0.17842323651452283,-0.03734439834024896,0.3029045643153527,0.0912863070539419,0.42738589211618255,0.1950207468879668,0.4605809128630705,-0.03734439834024896,0.7136929460580913,0.06639004149377593,0.8672199170124482,0.13278008298755187,1.0,0.1991701244813278,0.44813278008298757,0.07883817427385892,0.4730290456431535,0.25311203319502074,0.4024896265560166,0.3651452282157676,0.36099585062240663,0.44813278008298757,0.4066390041493776,0.17427385892116182,0.3775933609958506,0.33195020746887965,0.2572614107883817,0.34439834024896265,0.1950207468879668,0.34024896265560167,0.34439834024896265,0.24066390041493776,0.36099585062240663,0.36929460580912865,0.2987551867219917,0.4190871369294606,0.2572614107883817,0.43983402489626555
9,0.0,0.0,0.05084745762711865,-0.029661016949152543,0.15677966101694915,-0.00847457627118644,0.2796610169491525,0.11016949152542373,0.4067796610169492,0.211864406779661,0.4322033898305085,-0.038135593220338986,0.690677966101695,0.0847457627118644,0.8559322033898306,0.1652542372881356,1.0,0.2330508474576271,0.423728813559322,0.0635593220338983,0.4322033898305085,0.23728813559322035,0.3050847457627119,0.2923728813559322,0.2542372881355932,0.3093220338983051,0.3898305084745763,0.1483050847457627,0.3389830508474576,0.288135593220339,0.2033898305084746,0.2330508474576271,0.1652542372881356,0.17372881355932204,0.3474576271186441,0.2033898305084746,0.3050847457627119,0.3093220338983051,0.211864406779661,0.2754237288135593,0.18220338983050846,0.21610169491525424
9,0.0,0.0,0.0639269406392694,-0.0273972602739726,0.1735159817351598,0.0045662100456621,0.2831050228310502,0.136986301369863,0.4018264840182648,0.2420091324200913,0.4520547945205479,-0.0273972602739726,0.7123287671232876,0.1232876712328767,0.863013698630137,0.228310502283105,1.0,0.3150684931506849,0.4337899543378995,0.0821917808219178,0.4246575342465753,0.2557077625570776,0.2831050228310502,0.273972602739726,0.228310502283105,0.2648401826484018,0.3926940639269406,0.1735159817351598,0.3424657534246575,0.3150684931506849,0.2054794520547945,0.2511415525114155,0.1689497716894977,0.1735159817351598,0.3378995433789954,0.2328767123287671,0.2922374429223744,0.3333333333333333,0.2054794520547945,0.2831050228310502,0.1780821917808219,0.2100456621004566
9,0.0,0.0,0.06132075471698113,-0.02830188679245283,0.16981132075471697,-0.0047169811320754715,0.2830188679245283,0.12735849056603774,0.41509433962264153,0.22641509433962265,0.4528301886792453,-0.04716981132075472,0.7075471698113207,0.10377358490566038,0.8632075471698113,0.2028301886792453,1.0,0.28773584905660377,0.44339622641509435,0.06132075471698113,0.5801886792452831,0.19339622641509435,0.6226415094339622,0.25471698113207547,0.6886792452830188,0.2971698113207547,0.4056603773584906,0.1509433962264151,0.37264150943396224,0.29245283018867924,0.24056603773584906,0.24056603773584906,0.19339622641509435,0.17452830188679244,0.3490566037735849,0.21226415094339623,0.30660377358490565,0.3113207547169811,0.2169811320754717,0.2688679245283019,0.18396226415094338,0.19811320754716982
0,0.0,0.0,-0.17391304347826086,-0.2422360248447205,-0.2111801242236025,-0.5590062111801242,-0.07453416149068323,-0.8074534161490683,0.09937888198757763,-0.9440993788819876,-0.2111801242236025,-0.7391304347826086,-0.2236024844720497,-1.0,-0.22981366459627328,-0.8571428571428571,-0.22981366459627328,-0.7267080745341615,-0.024844720496894408,-0.7204968944099379,-0.012422360248447204,-0.9565217391304348,-0.049689440993788817,-0.8260869565217391,-0.06832298136645963,-0.7453416149068323,0.14906832298136646,-0.6583850931677019,0.16770186335403728,-0.8322981366459627,0.08074534161490683,-0.6832298136645962,0.031055900621118012,-0.5714285714285714,0.3167701863354037,-0.5714285714285714,0.3105590062111801,-0.6645962732919255,0.21739130434782608,-0.5590062111801242,0.15527950310559005,-0.4658385093167702
0,0.0,0.0,-0.18562874251497005,-0.25748502994011974,-0.23952095808383234,-0.5868263473053892,-0.08383233532934131,-0.8383233532934131,0.11976047904191617,-0.9401197604790419,-0.2215568862275449,-0.7544910179640718,-0.25149700598802394,-1.0,-0.23952095808383234,-0.8562874251497006,-0.2155688622754491,-0.7485029940119761,-0.023952095808383235,-0.7365269461077845,-0.023952095808383235,-0.9580838323353293,-0.041916167664670656,-0.8203592814371258,-0.03592814371257485,-0.7544910179640718,0.1497005988023952,-0.6706586826347305,0.16167664670658682,-0.8083832335329342,0.07784431137724551,-0.6467065868263473,0.041916167664670656,-0.562874251497006,0.32934131736526945,-0.592814371257485,0.2934131736526946,-0.6467065868263473,0.19161676646706588,-0.5389221556886228,0.1437125748502994,-0.47305389221556887
0,0.0,0.0,-0.1744186046511628,-0.2616279069767442,-0.23837209302325582,-0.5581395348837209,-0.11046511627906977,-0.8081395348837209,0.03488372093023256,-0.9534883720930233,-0.2616279069767442,-0.7325581395348837,-0.28488372093023256,-1.0,-0.19186046511627908,-0.9941860465116279,-0.11046511627906977,-0.9069767441860465,-0.0755813953488372,-0.7093023255813954,-0.06976744186046512,-0.936046511627907,0.005813953488372093,-0.9534883720930233,0.06976744186046512,-0.9418604651162791,0.11046511627906977,-0.6395348837209303,0.12790697674418605,-0.813953488372093,0.14534883720930233,-0.8372093023255814,0.1686046511627907,-0.8197674418604651,0.3023255813953488,-0.5348837209302325,0.31976744186046513,-0.6337209302325582,0.27906976744186046,-0.622093023255814,0.23837209302325582,-0.5755813953488372
0,0.0,0.0,-0.18285714285714286,-0.2742857142857143,-0.22285714285714286,-0.5828571428571429,-0.08,-0.8342857142857143,0.08,-0.9714285714285714,-0.26285714285714284,-0.7542857142857143,-0.26857142857142857,-1.0,-0.17714285714285713,-0.9542857142857143,-0.11428571428571428,-0.8571428571428571,-0.07428571428571429,-0.7314285714285714,-0.06857142857142857,-0.9714285714285714,-0.011428571428571429,-0.9428571428571428,0.045714285714285714,-0.8971428571428571,0.10285714285714286,-0.6628571428571428,0.11428571428571428,-0.8514285714285714,0.14285714285714285,-0.8857142857142857,0.1657142857142857,-0.8857142857142857,0.2914285714285714,-0.5714285714285714,0.3142857142857143,-0.6628571428571428,0.30857142857142855,-0.6685714285714286,0.3028571428571429,-0.6628571428571428
0,0.0,0.0,-0.15204678362573099,-0.25146198830409355,-0.19298245614035087,-0.5497076023391813,-0.07017543859649122,-0.783625730994152,0.09941520467836257,-0.8713450292397661,-0.21637426900584794,-0.7309941520467836,-0.25146198830409355,-1.0,-0.19298245614035087,-0.8830409356725146,-0.15789473684210525,-0.7543859649122807,-0.04678362573099415,-0.7134502923976608,-0.04678362573099415,-0.9766081871345029,-0.017543859649122806,-0.8596491228070176,0.005847953216374269,-0.7602339181286549,0.11695906432748537,-0.6432748538011696,0.13450292397660818,-0.847953216374269,0.12280701754385964,-0.7602339181286549,0.11695906432748537,-0.672514619883041,0.2807017543859649,-0.5555555555555556,0.29239766081871343,-0.6666666666666666,0.2573099415204678,-0.6198830409356725,0.23976608187134502,-0.5672514619883041
0,0.0,0.0,-0.16981132075471697,-0.2641509433962264,-0.22641509433962265,-0.559748427672956,-0.10062893081761007,-0.7924528301886793,0.07547169811320754,-0.9056603773584906,-0.2389937106918239,-0.7232704402515723,-0.2641509433962264,-1.0,-0.22641509433962265,-0.8490566037735849,-0.20754716981132076,-0.7295597484276729,-0.050314465408805034,-0.710691823899371,-0.03773584905660377,-0.9937106918238994,-0.031446540880503145,-0.8364779874213837,-0.03773584905660377,-0.7358490566037735,0.12578616352201258,-0.6540880503144654,0.1509433962264151,-0.8301886792452831,0.09433962264150944,-0.6666666666666666,0.050314465408805034,-0.5660377358490566,0.2893081761006289,-0.5660377358490566,0.29559748427672955,-0.6666666666666666,0.22012578616352202,-0.559748427672956,0.15723270440251572,-0.4779874213836478
0,0.0,0.0,-0.17647058823529413,-0.2679738562091503,-0.26143790849673204,-0.5686274509803921,-0.16993464052287582,-0.8300653594771242,-0.026143790849673203,-0.9738562091503268,-0.24183006535947713,-0.7450980392156863,-0.2875816993464052,-1.0,-0.2549019607843137,-0.9084967320261438,-0.21568627450980393,-0.7973856209150327,-0.0784313725490196,-0.7320261437908496,-0.08496732026143791,-0.9673202614379085,-0.06535947712418301,-0.8758169934640523,-0.026143790849673203,-0.803921568627451,0.08496732026143791,-0.673202614379085,0.09803921568627451,-0.8431372549019608,0.0784313725490196,-0.7581699346405228,0.0915032679738562,-0.6797385620915033,0.24836601307189543,-0.5816993464052288,0.24836601307189543,-0.6797385620915033,0.19607843137254902,-0.6209150326797386,0.16993464052287582,-0.5620915032679739
0,0.0,0.0,-0.22435897435897437,-0.25,-0.3333333333333333,-0.5705128205128205,-0.24358974358974358,-0.8333333333333334,-0.057692307692307696,-0.9935897435897436,-0.27564102564102566,-0.8076923076923077,-0.38461538461538464,-1.0,-0.3525641025641026,-0.7948717948717948,-0.2948717948717949,-0.6923076923076923,-0.08974358974358974,-0.8269230769230769,-0.20512820512820512,-1.0,-0.20512820512820512,-0.7628205128205128,-0.14743589743589744,-0.6794871794871795,0.08974358974358974,-0.7948717948717948,-0.019230769230769232,-0.8782051282051282,-0.05128205128205128,-0.6410256410256411,-0.00641025641025641,-0.5576923076923077,0.2692307692307692,-0.717948717948718,0.11538461538461539,-0.7115384615384616,0.0641025641025641,-0.5448717948717948,0.09615384615384616,-0.48717948717948717
0,0.0,0.0,-0.23076923076923078,-0.22485207100591717,-0.35502958579881655,-0.5443786982248521,-0.2958579881656805,-0.8224852071005917,-0.15976331360946747,-1.0,-0.2781065088757396,-0.7455621301775148,-0.3727810650887574,-0.9822485207100592,-0.34911242603550297,-0.8757396449704142,-0.28994082840236685,-0.7928994082840237,-0.10650887573964497,-0.757396449704142,-0.1834319526627219,-0.9585798816568047,-0.1893491124260355,-0.8816568047337278,-0.15976331360946747,-0.8520710059171598,0.07100591715976332,-0.7159763313609467,0.01775147928994083,-0.8579881656804734,-0.04142011834319527,-0.6982248520710059,-0.05325443786982249,-0.5857988165680473,0.24260355029585798,-0.6568047337278107,0.17751479289940827,-0.7218934911242604,0.08284023668639054,-0.6035502958579881,0.04142011834319527,-0.514792899408284
0,0.0,0.0,-0.21142857142857144,-0.22857142857142856,-0.3142857142857143,-0.5485714285714286,-0.24,-0.8342857142857143,-0.08571428571428572,-1.0,-0.29714285714285715,-0.7257142857142858,-0.3485714285714286,-0.9714285714285714,-0.3314285714285714,-0.8514285714285714,-0.2857142857142857,-0.7485714285714286,-0.11428571428571428,-0.7314285714285714,-0.14857142857142858,-0.9542857142857143,-0.15428571428571428,-0.84,-0.13142857142857142,-0.7828571428571428,0.06857142857142857,-0.6857142857142857,0.045714285714285714,-0.8171428571428572,-0.011428571428571429,-0.6457142857142857,-0.022857142857142857,-0.5314285714285715,0.2571428571428571,-0.6285714285714286,0.2057142857142857,-0.6971428571428572,0.12,-0.5771428571428572,0.09142857142857143,-0.4857142857142857
0,0.0,0.0,-0.19473684210526315,-0.2578947368421053,-0.2578947368421053,-0.5473684210526316,-0.14736842105263157,-0.8105263157894737,-0.005263157894736842,-0.9842105263157894,-0.2789473684210526,-0.7263157894736842,-0.28421052631578947,-1.0,-0.19473684210526315,-0.9894736842105263,-0.12631578947368421,-0.9052631578947369,-0.08421052631578947,-0.6947368421052632,-0.05263157894736842,-0.9263157894736842,0.010526315789473684,-0.9421052631578948,0.05789473684210526,-0.9368421052631579,0.08947368421052632,-0.6105263157894737,0.14210526315789473,-0.7894736842105263,0.14736842105263157,-0.8,0.15263157894736842,-0.7684210526315789,0.26842105263157895,-0.5,0.3105263157894737,-0.6052631578947368,0.25263157894736843,-0.5736842105263158,0.18947368421052632,-0.5157894736842106
0,0.0,0.0,-0.15348837209302327,-0.2837209302325581,-0.18604651162790697,-0.586046511627907,-0.06511627906976744,-0.827906976744186,0.06976744186046512,-0.986046511627907,-0.19534883720930232,-0.7441860465116279,-0.19534883720930232,-1.0,-0.13023255813953488,-0.9674418604651163,-0.08372093023255814,-0.8883720930232558,-0.013953488372093023,-0.6883720930232559,0.009302325581395349,-0.9162790697674419,0.06511627906976744,-0.9348837209302325,0.12093023255813953,-0.9255813953488372,0.14418604651162792,-0.5906976744186047,0.1813953488372093,-0.7767441860465116,0.19069767441860466,-0.8093023255813954,0.20930232558139536,-0.8,0.3023255813953488,-0.4697674418604651,0.32558139534883723,-0.5720930232558139,0.2837209302325581,-0.5581395348837209,0.24651162790697675,-0.5209302325581395
0,0.0,0.0,-0.14349775784753363,-0.23766816143497757,-0.19730941704035873,-0.547085201793722,-0.11659192825112108,-0.8116591928251121,-0.04484304932735426,-1.0,-0.2645739910313901,-0.6995515695067265,-0.24663677130044842,-0.9730941704035875,-0.1210762331838565,-0.9820627802690582,-0.017937219730941704,-0.9192825112107623,-0.1031390134529148,-0.6636771300448431,-0.05829596412556054,-0.905829596412556,0.06278026905829596,-0.9192825112107623,0.16143497757847533,-0.9013452914798207,0.04932735426008968,-0.5874439461883408,0.10762331838565023,-0.757847533632287,0.19282511210762332,-0.7892376681614349,0.273542600896861,-0.7802690582959642,0.19730941704035873,-0.48878923766816146,0.242152466367713,-0.5964125560538116,0.26905829596412556,-0.5919282511210763,0.3004484304932735,-0.5605381165919282
0,0.0,0.0,-0.07655502392344497,-0.291866028708134,-0.03349282296650718,-0.5789473684210527,0.12440191387559808,-0.8133971291866029,0.27751196172248804,-0.9330143540669856,-0.19138755980861244,-0.7607655502392344,-0.11483253588516747,-1.0,-0.028708133971291867,-0.9186602870813397,0.009569377990430622,-0.784688995215311,-0.004784688995215311,-0.6985645933014354,0.0861244019138756,-0.9473684210526315,0.17703349282296652,-0.8995215311004785,0.22488038277511962,-0.84688995215311,0.16267942583732056,-0.5933014354066986,0.2631578947368421,-0.7607655502392344,0.3014354066985646,-0.722488038277512,0.3014354066985646,-0.6650717703349283,0.3062200956937799,-0.4688995215311005,0.37799043062200954,-0.5741626794258373,0.37799043062200954,-0.5358851674641149,0.3492822966507177,-0.47368421052631576
0,0.0,0.0,-0.11855670103092783,-0.27319587628865977,-0.08762886597938144,-0.5773195876288659,0.08762886597938144,-0.8402061855670103,0.24742268041237114,-0.979381443298969,-0.211340206185567,-0.7783505154639175,-0.14432989690721648,-1.0,-0.10824742268041238,-0.8969072164948454,-0.08247422680412371,-0.7422680412371134,-0.005154639175257732,-0.7319587628865979,0.05670103092783505,-0.9742268041237113,0.07731958762886598,-0.8917525773195877,0.08762886597938144,-0.788659793814433,0.19072164948453607,-0.6443298969072165,0.24742268041237114,-0.8556701030927835,0.2422680412371134,-0.7989690721649485,0.22164948453608246,-0.7164948453608248,0.3556701030927835,-0.5463917525773195,0.38144329896907214,-0.711340206185567,0.36082474226804123,-0.6907216494845361,0.32989690721649484,-0.6391752577319587
0,0.0,0.0,-0.15384615384615385,-0.2358974358974359,-0.15384615384615385,-0.558974358974359,0.010256410256410256,-0.8256410256410256,0.18461538461538463,-0.9641025641025641,-0.2358974358974359,-0.8051282051282052,-0.22564102564102564,-1.0,-0.16923076923076924,-0.8717948717948718,-0.11794871794871795,-0.7282051282051282,-0.020512820512820513,-0.764102564102564,0.015384615384615385,-0.9692307692307692,0.03076923076923077,-0.7948717948717948,0.03076923076923077,-0.6820512820512821,0.17435897435897435,-0.676923076923077,0.22564102564102564,-0.8307692307692308,0.18461538461538463,-0.676923076923077,0.14871794871794872,-0.5897435897435898,0.3487179487179487,-0.5692307692307692,0.37435897435897436,-0.6820512820512821,0.3282051282051282,-0.5897435897435898,0.28717948717948716,-0.5333333333333333
0,0.0,0.0,-0.1674641148325359,-0.215311004784689,-0.16267942583732056,-0.5598086124401914,-0.009569377990430622,-0.8181818181818182,0.14354066985645933,-0.9808612440191388,-0.24401913875598086,-0.7751196172248804,-0.2535885167464115,-1.0,-0.1674641148325359,-0.9473684210526315,-0.09569377990430622,-0.8181818181818182,-0.028708133971291867,-0.7416267942583732,0.0430622009569378,-0.9521531100478469,0.0861244019138756,-0.8373205741626795,0.10047846889952153,-0.7511961722488039,0.16267942583732056,-0.645933014354067,0.24401913875598086,-0.7655502392344498,0.18660287081339713,-0.5789473684210527,0.12440191387559808,-0.4880382775119617,0.3253588516746411,-0.5263157894736842,0.37320574162679426,-0.6124401913875598,0.2966507177033493,-0.4688995215311005,0.22488038277511962,-0.4019138755980861
0,0.0,0.0,-0.16071428571428573,-0.25892857142857145,-0.13839285714285715,-0.5714285714285714,0.013392857142857142,-0.8214285714285714,0.16071428571428573,-0.9955357142857143,-0.22767857142857142,-0.75,-0.23214285714285715,-1.0,-0.16071428571428573,-0.9017857142857143,-0.10267857142857142,-0.7678571428571429,-0.026785714285714284,-0.7053571428571429,0.03571428571428571,-0.9419642857142857,0.10267857142857142,-0.8660714285714286,0.13839285714285715,-0.7991071428571429,0.14732142857142858,-0.6205357142857143,0.23214285714285715,-0.7633928571428571,0.1875,-0.5892857142857143,0.13839285714285715,-0.4732142857142857,0.30357142857142855,-0.5357142857142857,0.35267857142857145,-0.6160714285714286,0.29017857142857145,-0.49107142857142855,0.23660714285714285,-0.39732142857142855
0,0.0,0.0,-0.13559322033898305,-0.2796610169491525,-0.13983050847457626,-0.5847457627118644,-0.00423728813559322,-0.826271186440678,0.1228813559322034,-1.0,-0.22033898305084745,-0.7245762711864406,-0.2076271186440678,-0.9915254237288136,-0.11864406779661017,-0.9533898305084746,-0.0635593220338983,-0.847457627118644,-0.03389830508474576,-0.690677966101695,0.00847457627118644,-0.9322033898305084,0.08898305084745763,-0.9279661016949152,0.1483050847457627,-0.9067796610169492,0.1271186440677966,-0.6059322033898306,0.1906779661016949,-0.7838983050847458,0.1864406779661017,-0.7288135593220338,0.17796610169491525,-0.6567796610169492,0.2838983050847458,-0.5084745762711864,0.326271186440678,-0.6271186440677966,0.2796610169491525,-0.5550847457627118,0.2245762711864407,-0.4661016949152542
0,0.0,0.0,-0.10317460317460317,-0.29365079365079366,-0.11904761904761904,-0.5873015873015873,-0.027777777777777776,-0.8174603174603174,0.07539682539682539,-1.0,-0.18253968253968253,-0.6865079365079365,-0.16666666666666666,-0.9365079365079365,-0.03968253968253968,-0.9722222222222222,0.06746031746031746,-0.9325396825396826,-0.03571428571428571,-0.6349206349206349,-0.015873015873015872,-0.8928571428571429,0.09126984126984126,-0.9325396825396826,0.19047619047619047,-0.9285714285714286,0.08333333333333333,-0.5595238095238095,0.12301587301587301,-0.7619047619047619,0.19047619047619047,-0.8293650793650794,0.26587301587301587,-0.8253968253968254,0.21825396825396826,-0.4722222222222222,0.25396825396825395,-0.626984126984127,0.29365079365079366,-0.6666666666666666,0.3373015873015873,-0.6666666666666666
0,0.0,0.0,-0.15416666666666667,-0.2916666666666667,-0.19583333333333333,-0.6083333333333333,-0.08333333333333333,-0.8458333333333333,0.03333333333333333,-0.9833333333333333,-0.15,-0.7416666666666667,-0.1625,-1.0,-0.06666666666666667,-0.9958333333333333,0.016666666666666666,-0.9333333333333333,0.004166666666666667,-0.6958333333333333,0.008333333333333333,-0.9333333333333333,0.0875,-0.95,0.1625,-0.9291666666666667,0.12916666666666668,-0.6083333333333333,0.15,-0.8083333333333333,0.19583333333333333,-0.8625,0.24583333333333332,-0.8541666666666666,0.26666666666666666,-0.5,0.3,-0.6125,0.3125,-0.6375,0.325,-0.6166666666666667
0,0.0,0.0,-0.15021459227467812,-0.2832618025751073,-0.1630901287553648,-0.5879828326180258,-0.04291845493562232,-0.8497854077253219,0.0944206008583691,-1.0,-0.15021459227467812,-0.7510729613733905,-0.15021459227467812,-1.0,-0.11587982832618025,-0.9570815450643777,-0.07725321888412018,-0.8798283261802575,0.02145922746781116,-0.703862660944206,0.05150214592274678,-0.9399141630901288,0.060085836909871244,-0.9141630901287554,0.0815450643776824,-0.8927038626609443,0.1759656652360515,-0.6180257510729614,0.22317596566523606,-0.7811158798283262,0.1630901287553648,-0.6909871244635193,0.13304721030042918,-0.5965665236051502,0.33047210300429186,-0.51931330472103,0.33905579399141633,-0.6437768240343348,0.26180257510729615,-0.5793991416309013,0.2145922746781116,-0.5021459227467812
0,0.0,0.0,-0.14782608695652175,-0.2782608695652174,-0.17391304347826086,-0.6,-0.0391304347826087,-0.8478260869565217,0.12608695652173912,-0.9695652173913043,-0.13478260869565217,-0.7521739130434782,-0.15217391304347827,-1.0,-0.15217391304347827,-0.8826086956521739,-0.13043478260869565,-0.7782608695652173,0.030434782608695653,-0.7043478260869566,0.05217391304347826,-0.9260869565217391,0.013043478260869565,-0.7869565217391304,0.008695652173913044,-0.717391304347826,0.1826086956521739,-0.6217391304347826,0.2,-0.7521739130434782,0.11739130434782609,-0.6043478260869565,0.08695652173913043,-0.5217391304347826,0.32608695652173914,-0.5217391304347826,0.3130434782608696,-0.6217391304347826,0.2217391304347826,-0.5347826086956522,0.19130434782608696,-0.4652173913043478
0,0.0,0.0,-0.12093023255813953,-0.2744186046511628,-0.13488372093023257,-0.586046511627907,-0.013953488372093023,-0.8232558139534883,0.16279069767441862,-0.9255813953488372,-0.07441860465116279,-0.7348837209302326,-0.07906976744186046,-1.0,-0.13023255813953488,-0.8232558139534883,-0.11162790697674418,-0.7209302325581395,0.07441860465116279,-0.6883720930232559,0.10232558139534884,-0.9395348837209302,0.018604651162790697,-0.7395348837209302,0.04186046511627907,-0.6651162790697674,0.2186046511627907,-0.6046511627906976,0.22325581395348837,-0.7581395348837209,0.11162790697674418,-0.5674418604651162,0.12093023255813953,-0.48372093023255813,0.37209302325581395,-0.5023255813953489,0.35348837209302325,-0.6325581395348837,0.25116279069767444,-0.5209302325581395,0.2372093023255814,-0.44651162790697674
0,0.0,0.0,-0.12857142857142856,-0.26666666666666666,-0.1380952380952381,-0.580952380952381,-0.009523809523809525,-0.8142857142857143,0.1523809523809524,-0.9238095238095239,-0.10476190476190476,-0.7238095238095238,-0.08571428571428572,-1.0,-0.12380952380952381,-0.8380952380952381,-0.10952380952380952,-0.7380952380952381,0.047619047619047616,-0.680952380952381,0.09047619047619047,-0.9238095238095239,0.023809523809523808,-0.7285714285714285,0.03333333333333333,-0.6571428571428571,0.19523809523809524,-0.6,0.20952380952380953,-0.7523809523809524,0.10476190476190476,-0.5666666666666667,0.10476190476190476,-0.49047619047619045,0.34285714285714286,-0.49523809523809526,0.3380952380952381,-0.6238095238095238,0.23333333333333334,-0.5142857142857142,0.21428571428571427,-0.4380952380952381
0,0.0,0.0,-0.12953367875647667,-0.26424870466321243,-0.15025906735751296,-0.5699481865284974,-0.031088082901554404,-0.7927461139896373,0.13471502590673576,-0.8808290155440415,-0.11917098445595854,-0.7305699481865285,-0.11398963730569948,-1.0,-0.14507772020725387,-0.8186528497409327,-0.13989637305699482,-0.7098445595854922,0.03626943005181347,-0.694300518134715,0.06217616580310881,-0.9430051813471503,0.0,-0.7409326424870466,0.010362694300518135,-0.6683937823834197,0.18652849740932642,-0.6217616580310881,0.19170984455958548,-0.7616580310880829,0.09326424870466321,-0.5751295336787565,0.08808290155440414,-0.49222797927461137,0.3316062176165803,-0.5233160621761658,0.31088082901554404,-0.6321243523316062,0.21243523316062177,-0.5181347150259067,0.19689119170984457,-0.44559585492227977
0,0.0,0.0,-0.14457831325301204,-0.26506024096385544,-0.20481927710843373,-0.5903614457831325,-0.10843373493975904,-0.8253012048192772,0.04216867469879518,-0.927710843373494,-0.2289156626506024,-0.7108433734939759,-0.25301204819277107,-1.0,-0.21686746987951808,-0.8614457831325302,-0.19879518072289157,-0.7349397590361446,-0.060240963855421686,-0.7048192771084337,-0.05421686746987952,-0.9879518072289156,-0.04216867469879518,-0.8313253012048193,-0.04216867469879518,-0.7289156626506024,0.0963855421686747,-0.6506024096385542,0.12048192771084337,-0.8373493975903614,0.09036144578313253,-0.6807228915662651,0.06626506024096386,-0.5783132530120482,0.2469879518072289,-0.5662650602409639,0.2469879518072289,-0.6987951807228916,0.19879518072289157,-0.5903614457831325,0.1686746987951807,-0.5
0,0.0,0.0,-0.16083916083916083,-0.27972027972027974,-0.2097902097902098,-0.5874125874125874,-0.0979020979020979,-0.8251748251748252,0.06293706293706294,-0.9230769230769231,-0.23076923076923078,-0.7272727272727273,-0.24475524475524477,-1.0,-0.2517482517482518,-0.8531468531468531,-0.23076923076923078,-0.7342657342657343,-0.06293706293706294,-0.7062937062937062,-0.03496503496503497,-0.993006993006993,-0.06293706293706294,-0.8181818181818182,-0.055944055944055944,-0.7062937062937062,0.0979020979020979,-0.6363636363636364,0.13286713286713286,-0.8181818181818182,0.055944055944055944,-0.6433566433566433,0.03496503496503497,-0.5314685314685315,0.25874125874125875,-0.5384615384615384,0.2727272727272727,-0.6923076923076923,0.18181818181818182,-0.5874125874125874,0.15384615384615385,-0.48951048951048953
0,0.0,0.0,-0.18110236220472442,-0.25196850393700787,-0.23622047244094488,-0.5826771653543307,-0.12598425196850394,-0.84251968503937,0.047244094488188976,-0.9606299212598425,-0.25984251968503935,-0.7480314960629921,-0.28346456692913385,-1.0,-0.29133858267716534,-0.8188976377952756,-0.2755905511811024,-0.7086614173228346,-0.07874015748031496,-0.7401574803149606,-0.07874015748031496,-0.968503937007874,-0.11023622047244094,-0.7716535433070866,-0.11023622047244094,-0.7086614173228346,0.09448818897637795,-0.6850393700787402,0.08661417322834646,-0.8110236220472441,0.023622047244094488,-0.6062992125984252,0.031496062992125984,-0.5433070866141733,0.2677165354330709,-0.6141732283464567,0.2283464566929134,-0.6850393700787402,0.15748031496062992,-0.5433070866141733,0.14960629921259844,-0.48031496062992124
0,0.0,0.0,-0.176,-0.256,-0.24,-0.56,-0.136,-0.816,0.024,-0.936,-0.248,-0.712,-0.288,-1.0,-0.256,-0.84,-0.224,-0.72,-0.088,-0.704,-0.088,-0.968,-0.088,-0.784,-0.08,-0.696,0.08,-0.648,0.088,-0.816,0.032,-0.632,0.024,-0.528,0.248,-0.568,0.232,-0.704,0.16,-0.592,0.136,-0.504
0,0.0,0.0,-0.1885245901639344,-0.2540983606557377,-0.26229508196721313,-0.5573770491803278,-0.1885245901639344,-0.8278688524590164,-0.040983606557377046,-0.9836065573770492,-0.2786885245901639,-0.7213114754098361,-0.32786885245901637,-1.0,-0.32786885245901637,-0.8360655737704918,-0.30327868852459017,-0.7213114754098361,-0.11475409836065574,-0.7213114754098361,-0.10655737704918032,-1.0,-0.13934426229508196,-0.8360655737704918,-0.13114754098360656,-0.7459016393442623,0.05737704918032787,-0.6721311475409836,0.05737704918032787,-0.8442622950819673,-0.01639344262295082,-0.6311475409836066,-0.02459016393442623,-0.5081967213114754,0.22950819672131148,-0.5983606557377049,0.21311475409836064,-0.7295081967213115,0.12295081967213115,-0.6065573770491803,0.10655737704918032,-0.5081967213114754
0,0.0,0.0,-0.1794871794871795,-0.26495726495726496,-0.23931623931623933,-0.5726495726495726,-0.13675213675213677,-0.811965811965812,0.017094017094017096,-0.9487179487179487,-0.2564102564102564,-0.7264957264957265,-0.29914529914529914,-1.0,-0.29914529914529914,-0.8461538461538461,-0.27350427350427353,-0.717948717948718,-0.09401709401709402,-0.7094017094017094,-0.09401709401709402,-1.0,-0.11965811965811966,-0.8205128205128205,-0.1111111111111111,-0.7094017094017094,0.07692307692307693,-0.6495726495726496,0.06837606837606838,-0.8205128205128205,0.008547008547008548,-0.6324786324786325,0.0,-0.5213675213675214,0.2564102564102564,-0.5641025641025641,0.21367521367521367,-0.6837606837606838,0.13675213675213677,-0.5641025641025641,0.11965811965811966,-0.47863247863247865
0,0.0,0.0,-0.17543859649122806,-0.2719298245614035,-0.23684210526315788,-0.5877192982456141,-0.12280701754385964,-0.8245614035087719,0.03508771929824561,-0.956140350877193,-0.21052631578947367,-0.7192982456140351,-0.2543859649122807,-1.0,-0.2631578947368421,-0.8508771929824561,-0.24561403508771928,-0.7280701754385965,-0.05263157894736842,-0.7017543859649122,-0.043859649122807015,-0.9736842105263158,-0.08771929824561403,-0.8070175438596491,-0.07894736842105263,-0.7105263157894737,0.09649122807017543,-0.631578947368421,0.10526315789473684,-0.8070175438596491,0.02631578947368421,-0.6228070175438597,0.017543859649122806,-0.5087719298245614,0.2631578947368421,-0.543859649122807,0.23684210526315788,-0.6929824561403509,0.14912280701754385,-0.5701754385964912,0.13157894736842105,-0.47368421052631576
0,0.0,0.0,-0.17391304347826086,-0.25217391304347825,-0.23478260869565218,-0.5652173913043478,-0.12173913043478261,-0.808695652173913,0.034782608695652174,-0.9391304347826087,-0.24347826086956523,-0.7304347826086957,-0.2782608695652174,-1.0,-0.2782608695652174,-0.808695652173913,-0.2608695652173913,-0.6869565217391305,-0.06956521739130435,-0.7217391304347827,-0.08695652173913043,-0.9565217391304348,-0.12173913043478261,-0.7391304347826086,-0.09565217391304348,-0.6608695652173913,0.10434782608695652,-0.6695652173913044,0.08695652173913043,-0.8,0.017391304347826087,-0.5826086956521739,0.02608695652173913,-0.5043478260869565,0.26956521739130435,-0.6,0.22608695652173913,-0.6782608695652174,0.14782608695652175,-0.5391304347826087,0.14782608695652175,-0.4782608695652174
0,0.0,0.0,-0.19130434782608696,-0.25217391304347825,-0.26956521739130435,-0.5652173913043478,-0.17391304347826086,-0.8260869565217391,-0.008695652173913044,-0.9652173913043478,-0.25217391304347825,-0.7217391304347827,-0.30434782608695654,-1.0,-0.2956521739130435,-0.8260869565217391,-0.26956521739130435,-0.7043478260869566,-0.08695652173913043,-0.7217391304347827,-0.12173913043478261,-0.991304347826087,-0.1391304347826087,-0.8,-0.11304347826086956,-0.6956521739130435,0.08695652173913043,-0.6869565217391305,0.05217391304347826,-0.8260869565217391,-0.008695652173913044,-0.6086956521739131,-0.008695652173913044,-0.5043478260869565,0.26956521739130435,-0.6173913043478261,0.20869565217391303,-0.7043478260869566,0.13043478260869565,-0.5652173913043478,0.11304347826086956,-0.4782608695652174
0,0.0,0.0,-0.2,-0.25217391304347825,-0.28695652173913044,-0.5739130434782609,-0.20869565217391303,-0.8434782608695652,-0.05217391304347826,-0.991304347826087,-0.24347826086956523,-0.7652173913043478,-0.3130434782608696,-1.0,-0.33043478260869563,-0.808695652173913,-0.2956521739130435,-0.7130434782608696,-0.0782608695652174,-0.7739130434782608,-0.12173913043478261,-0.991304347826087,-0.16521739130434782,-0.7739130434782608,-0.13043478260869565,-0.7043478260869566,0.10434782608695652,-0.7217391304347827,0.043478260869565216,-0.8347826086956521,-0.02608695652173913,-0.6086956521739131,0.0,-0.5304347826086957,0.2782608695652174,-0.6521739130434783,0.2,-0.7217391304347827,0.11304347826086956,-0.5826086956521739,0.11304347826086956,-0.5130434782608696
0,0.0,0.0,-0.19130434782608696,-0.24347826086956523,-0.26956521739130435,-0.5826086956521739,-0.17391304347826086,-0.8260869565217391,-0.008695652173913044,-0.9478260869565217,-0.22608695652173913,-0.7739130434782608,-0.2782608695652174,-1.0,-0.28695652173913044,-0.782608695652174,-0.25217391304347825,-0.7043478260869566,-0.043478260869565216,-0.7652173913043478,-0.08695652173913043,-0.9739130434782609,-0.12173913043478261,-0.7391304347826086,-0.0782608695652174,-0.6869565217391305,0.12173913043478261,-0.7130434782608696,0.0782608695652174,-0.808695652173913,0.0,-0.5826086956521739,0.02608695652173913,-0.5391304347826087,0.2956521739130435,-0.6347826086956522,0.21739130434782608,-0.6869565217391305,0.13043478260869565,-0.5391304347826087,0.1391304347826087,-0.4956521739130435
0,0.0,0.0,-0.1794871794871795,-0.24786324786324787,-0.2564102564102564,-0.5726495726495726,-0.1623931623931624,-0.8205128205128205,0.008547008547008548,-0.9487179487179487,-0.23931623931623933,-0.7350427350427351,-0.27350427350427353,-1.0,-0.27350427350427353,-0.8205128205128205,-0.2564102564102564,-0.6923076923076923,-0.06837606837606838,-0.7264957264957265,-0.09401709401709402,-0.9914529914529915,-0.11965811965811966,-0.8034188034188035,-0.10256410256410256,-0.7094017094017094,0.10256410256410256,-0.6837606837606838,0.07692307692307693,-0.8290598290598291,0.008547008547008548,-0.6239316239316239,0.017094017094017096,-0.5213675213675214,0.28205128205128205,-0.6068376068376068,0.2222222222222222,-0.7008547008547008,0.13675213675213677,-0.5641025641025641,0.11965811965811966,-0.47863247863247865
0,0.0,0.0,-0.1810344827586207,-0.27586206896551724,-0.2413793103448276,-0.5862068965517241,-0.13793103448275862,-0.8275862068965517,0.02586206896551724,-0.9396551724137931,-0.20689655172413793,-0.7327586206896551,-0.25,-1.0,-0.2672413793103448,-0.8275862068965517,-0.2413793103448276,-0.7155172413793104,-0.05172413793103448,-0.7155172413793104,-0.0603448275862069,-0.9741379310344828,-0.10344827586206896,-0.7672413793103449,-0.08620689655172414,-0.6896551724137931,0.10344827586206896,-0.6551724137931034,0.09482758620689655,-0.8103448275862069,0.017241379310344827,-0.603448275862069,0.02586206896551724,-0.5086206896551724,0.2672413793103448,-0.5775862068965517,0.25,-0.7068965517241379,0.15517241379310345,-0.5862068965517241,0.13793103448275862,-0.5
0,0.0,0.0,-0.1651376146788991,-0.25688073394495414,-0.22935779816513763,-0.5504587155963303,-0.13761467889908258,-0.7981651376146789,0.01834862385321101,-0.9357798165137615,-0.22935779816513763,-0.7247706422018348,-0.24770642201834864,-1.0,-0.26605504587155965,-0.8715596330275229,-0.25688073394495414,-0.7339449541284404,-0.07339449541284404,-0.6972477064220184,-0.05504587155963303,-0.981651376146789,-0.08256880733944955,-0.8256880733944955,-0.07339449541284404,-0.7247706422018348,0.09174311926605505,-0.6330275229357798,0.10091743119266056,-0.8165137614678899,0.027522935779816515,-0.6513761467889908,0.01834862385321101,-0.5412844036697247,0.24770642201834864,-0.5504587155963303,0.22935779816513763,-0.6972477064220184,0.14678899082568808,-0.5871559633027523,0.12844036697247707,-0.4954128440366973
0,0.0,0.0,-0.15454545454545454,-0.24545454545454545,-0.20909090909090908,-0.5727272727272728,-0.11818181818181818,-0.8181818181818182,0.03636363636363636,-0.9272727272727272,-0.20909090909090908,-0.7272727272727273,-0.22727272727272727,-1.0,-0.22727272727272727,-0.8090909090909091,-0.20909090909090908,-0.7,-0.05454545454545454,-0.7090909090909091,-0.045454545454545456,-0.9636363636363636,-0.07272727272727272,-0.7545454545454545,-0.05454545454545454,-0.6818181818181818,0.1,-0.6545454545454545,0.10909090909090909,-0.8181818181818182,0.03636363636363636,-0.6181818181818182,0.045454545454545456,-0.5454545454545454,0.2636363636363636,-0.5818181818181818,0.2545454545454545,-0.7090909090909091,0.16363636363636364,-0.5818181818181818,0.15454545454545454,-0.509090909090909
0,0.0,0.0,-0.14563106796116504,-0.2621359223300971,-0.1941747572815534,-0.5728155339805825,-0.11650485436893204,-0.8252427184466019,0.019417475728155338,-0.9514563106796117,-0.1941747572815534,-0.7281553398058253,-0.23300970873786409,-1.0,-0.22330097087378642,-0.883495145631068,-0.18446601941747573,-0.7572815533980582,-0.04854368932038835,-0.7184466019417476,-0.038834951456310676,-0.9611650485436893,-0.04854368932038835,-0.8058252427184466,-0.038834951456310676,-0.7184466019417476,0.10679611650485436,-0.6601941747572816,0.1262135922330097,-0.8252427184466019,0.05825242718446602,-0.6601941747572816,0.04854368932038835,-0.5631067961165048,0.2524271844660194,-0.5728155339805825,0.2621359223300971,-0.6990291262135923,0.1941747572815534,-0.5922330097087378,0.1650485436893204,-0.5048543689320388
0,0.0,0.0,-0.1782178217821782,-0.26732673267326734,-0.22772277227722773,-0.594059405940594,-0.1188118811881188,-0.8415841584158416,0.04950495049504951,-0.9603960396039604,-0.21782178217821782,-0.7425742574257426,-0.25742574257425743,-1.0,-0.26732673267326734,-0.8217821782178217,-0.2376237623762376,-0.7029702970297029,-0.04950495049504951,-0.7128712871287128,-0.0594059405940594,-0.9702970297029703,-0.0891089108910891,-0.7623762376237624,-0.0594059405940594,-0.6732673267326733,0.10891089108910891,-0.6534653465346535,0.09900990099009901,-0.8118811881188119,0.0297029702970297,-0.6039603960396039,0.039603960396039604,-0.5247524752475248,0.27722772277227725,-0.5643564356435643,0.2376237623762376,-0.693069306930693,0.1485148514851485,-0.5544554455445545,0.1485148514851485,-0.48514851485148514
0,0.0,0.0,-0.15384615384615385,-0.25961538461538464,-0.20192307692307693,-0.5865384615384616,-0.08653846153846154,-0.8461538461538461,0.057692307692307696,-1.0,-0.22115384615384615,-0.7403846153846154,-0.25,-1.0,-0.25,-0.8653846153846154,-0.23076923076923078,-0.75,-0.04807692307692308,-0.7307692307692307,-0.038461538461538464,-0.9711538461538461,-0.0673076923076923,-0.7884615384615384,-0.038461538461538464,-0.7211538461538461,0.125,-0.6730769230769231,0.125,-0.8076923076923077,0.057692307692307696,-0.6057692307692307,0.057692307692307696,-0.5384615384615384,0.2980769230769231,-0.5961538461538461,0.2692307692307692,-0.7019230769230769,0.19230769230769232,-0.5673076923076923,0.17307692307692307,-0.5
0,0.0,0.0,-0.17592592592592593,-0.25,-0.24074074074074073,-0.5833333333333334,-0.12962962962962962,-0.8425925925925926,0.027777777777777776,-0.9722222222222222,-0.2222222222222222,-0.7407407407407407,-0.25,-1.0,-0.25925925925925924,-0.8148148148148148,-0.23148148148148148,-0.7037037037037037,-0.06481481481481481,-0.7314814814814815,-0.08333333333333333,-0.9814814814814815,-0.1111111111111111,-0.7685185185185185,-0.07407407407407407,-0.6851851851851852,0.10185185185185185,-0.6666666666666666,0.08333333333333333,-0.8240740740740741,0.009259259259259259,-0.6018518518518519,0.037037037037037035,-0.5185185185185185,0.2777777777777778,-0.5925925925925926,0.21296296296296297,-0.7222222222222222,0.1388888888888889,-0.5555555555555556,0.1574074074074074,-0.49074074074074076
0,0.0,0.0,-0.17757009345794392,-0.2897196261682243,-0.22429906542056074,-0.6074766355140186,-0.12149532710280374,-0.8504672897196262,0.037383177570093455,-0.9626168224299065,-0.205607476635514,-0.7383177570093458,-0.24299065420560748,-1.0,-0.24299065420560748,-0.8598130841121495,-0.21495327102803738,-0.7476635514018691,-0.04672897196261682,-0.719626168224299,-0.056074766355140186,-0.9532710280373832,-0.08411214953271028,-0.7850467289719626,-0.07476635514018691,-0.6915887850467289,0.11214953271028037,-0.6635514018691588,0.102803738317757,-0.8130841121495327,0.037383177570093455,-0.6355140186915887,0.028037383177570093,-0.5420560747663551,0.2803738317757009,-0.5794392523364486,0.2616822429906542,-0.7009345794392523,0.16822429906542055,-0.6074766355140186,0.14018691588785046,-0.5233644859813084
0,0.0,0.0,-0.1834862385321101,-0.25688073394495414,-0.25688073394495414,-0.5779816513761468,-0.1651376146788991,-0.8440366972477065,-0.01834862385321101,-1.0,-0.23853211009174313,-0.7522935779816514,-0.30275229357798167,-1.0,-0.3119266055045872,-0.8165137614678899,-0.27522935779816515,-0.7155963302752294,-0.06422018348623854,-0.7431192660550459,-0.10091743119266056,-0.981651376146789,-0.13761467889908258,-0.7614678899082569,-0.09174311926605505,-0.6880733944954128,0.10091743119266056,-0.6972477064220184,0.07339449541284404,-0.8256880733944955,0.0,-0.6055045871559633,0.027522935779816515,-0.5321100917431193,0.28440366972477066,-0.6238532110091743,0.22935779816513763,-0.7247706422018348,0.13761467889908258,-0.5871559633027523,0.14678899082568808,-0.5137614678899083
0,0.0,0.0,-0.21428571428571427,-0.24107142857142858,-0.3125,-0.5714285714285714,-0.22321428571428573,-0.8392857142857143,-0.044642857142857144,-0.9910714285714286,-0.2857142857142857,-0.7589285714285714,-0.36607142857142855,-1.0,-0.375,-0.7857142857142857,-0.33035714285714285,-0.6875,-0.09821428571428571,-0.7678571428571429,-0.16964285714285715,-0.9910714285714286,-0.20535714285714285,-0.7410714285714286,-0.16071428571428573,-0.6875,0.08928571428571429,-0.7232142857142857,0.026785714285714284,-0.8214285714285714,-0.044642857142857144,-0.5714285714285714,-0.017857142857142856,-0.5178571428571429,0.2857142857142857,-0.6428571428571429,0.20535714285714285,-0.7142857142857143,0.11607142857142858,-0.5625,0.10714285714285714,-0.5
0,0.0,0.0,-0.192,-0.24,-0.272,-0.56,-0.168,-0.832,-0.016,-0.992,-0.28,-0.736,-0.32,-1.0,-0.304,-0.832,-0.272,-0.712,-0.096,-0.728,-0.104,-0.976,-0.128,-0.776,-0.096,-0.704,0.088,-0.672,0.072,-0.8,0.008,-0.576,0.024,-0.504,0.272,-0.6,0.248,-0.704,0.16,-0.56,0.144,-0.488
3,0.0,0.0,-0.330188679245283,-0.12264150943396226,-0.5188679245283019,-0.2830188679245283,-0.6792452830188679,-0.39622641509433965,-0.7169811320754716,-0.5377358490566038,-0.11320754716981132,-0.7641509433962265,-0.37735849056603776,-0.9433962264150944,-0.5849056603773585,-0.8207547169811321,-0.6698113207547169,-0.6415094339622641,-0.04716981132075472,-0.7735849056603774,-0.3867924528301887,-1.0,-0.6132075471698113,-0.8679245283018868,-0.6886792452830188,-0.6981132075471698,-0.018867924528301886,-0.7547169811320755,-0.36792452830188677,-0.9905660377358491,-0.6037735849056604,-0.8679245283018868,-0.6886792452830188,-0.6981132075471698,-0.0660377358490566,-0.6981132075471698,-0.36792452830188677,-0.8773584905660378,-0.5660377358490566,-0.8301886792452831,-0.6698113207547169,-0.7169811320754716
3,0.0,0.0,-0.3238095238095238,-0.12380952380952381,-0.5142857142857142,-0.29523809523809524,-0.6666666666666666,-0.4,-0.7333333333333333,-0.5428571428571428,-0.1523809523809524,-0.780952380952381,-0.4095238095238095,-0.9428571428571428,-0.6190476190476191,-0.819047619047619,-0.6857142857142857,-0.6476190476190476,-0.0761904761904762,-0.7904761904761904,-0.4095238095238095,-1.0,-0.638095238095238,-0.8666666666666667,-0.7047619047619048,-0.6952380952380952,-0.0380952380952381,-0.7714285714285715,-0.38095238095238093,-0.9904761904761905,-0.6190476190476191,-0.8666666666666667,-0.6952380952380952,-0.6952380952380952,-0.0761904761904762,-0.6952380952380952,-0.3619047619047619,-0.8857142857142857,-0.5619047619047619,-0.8476190476190476,-0.6571428571428571,-0.7238095238095238
3,0.0,0.0,-0.3333333333333333,-0.12380952380952381,-0.5238095238095238,-0.2857142857142857,-0.6761904761904762,-0.4,-0.7333333333333333,-0.5333333333333333,-0.14285714285714285,-0.780952380952381,-0.4,-0.9428571428571428,-0.6095238095238096,-0.8285714285714286,-0.6857142857142857,-0.6571428571428571,-0.06666666666666667,-0.8,-0.4095238095238095,-1.0,-0.638095238095238,-0.8761904761904762,-0.7142857142857143,-0.7142857142857143,-0.0380952380952381,-0.780952380952381,-0.38095238095238093,-0.9904761904761905,-0.6190476190476191,-0.8857142857142857,-0.7142857142857143,-0.7333333333333333,-0.0761904761904762,-0.7047619047619048,-0.37142857142857144,-0.8857142857142857,-0.5714285714285714,-0.8476190476190476,-0.6666666666666666,-0.7428571428571429
3,0.0,0.0,-0.34285714285714286,-0.13333333333333333,-0.5428571428571428,-0.29523809523809524,-0.6952380952380952,-0.4,-0.7523809523809524,-0.5333333333333333,-0.11428571428571428,-0.780952380952381,-0.3904761904761905,-0.9428571428571428,-0.6,-0.8285714285714286,-0.6952380952380952,-0.6666666666666666,-0.05714285714285714,-0.8,-0.4095238095238095,-1.0,-0.6285714285714286,-0.8666666666666667,-0.7142857142857143,-0.7047619047619048,-0.0380952380952381,-0.780952380952381,-0.3904761904761905,-1.0,-0.6285714285714286,-0.8761904761904762,-0.7238095238095238,-0.7142857142857143,-0.10476190476190476,-0.7047619047619048,-0.3904761904761905,-0.8952380952380953,-0.5904761904761905,-0.8571428571428571,-0.7047619047619048,-0.7523809523809524
3,0.0,0.0,-0.3269230769230769,-0.125,-0.5192307692307693,-0.28846153846153844,-0.6634615384615384,-0.40384615384615385,-0.7019230769230769,-0.5576923076923077,-0.09615384615384616,-0.7692307692307693,-0.375,-0.8942307692307693,-0.5673076923076923,-0.7788461538461539,-0.6538461538461539,-0.6057692307692307,-0.028846153846153848,-0.7884615384615384,-0.3557692307692308,-1.0,-0.5865384615384616,-0.8846153846153846,-0.6826923076923077,-0.7115384615384616,-0.009615384615384616,-0.7788461538461539,-0.34615384615384615,-1.0,-0.5769230769230769,-0.8942307692307693,-0.6730769230769231,-0.7403846153846154,-0.0673076923076923,-0.7211538461538461,-0.3557692307692308,-0.9038461538461539,-0.5480769230769231,-0.875,-0.6538461538461539,-0.7692307692307693
3,0.0,0.0,-0.33653846153846156,-0.11538461538461539,-0.5192307692307693,-0.28846153846153844,-0.6538461538461539,-0.41346153846153844,-0.7211538461538461,-0.5769230769230769,-0.09615384615384616,-0.7788461538461539,-0.38461538461538464,-0.9326923076923077,-0.5865384615384616,-0.8365384615384616,-0.6826923076923077,-0.6826923076923077,-0.028846153846153848,-0.7980769230769231,-0.375,-1.0,-0.5961538461538461,-0.875,-0.6826923076923077,-0.7115384615384616,-0.019230769230769232,-0.7692307692307693,-0.375,-1.0,-0.6057692307692307,-0.875,-0.6923076923076923,-0.7115384615384616,-0.08653846153846154,-0.7019230769230769,-0.375,-0.9038461538461539,-0.5769230769230769,-0.8557692307692307,-0.6730769230769231,-0.7403846153846154
3,0.0,0.0,-0.34285714285714286,-0.09523809523809523,-0.5238095238095238,-0.2571428571428571,-0.6571428571428571,-0.37142857142857144,-0.7047619047619048,-0.5047619047619047,-0.09523809523809523,-0.7619047619047619,-0.41904761904761906,-0.9047619047619048,-0.6095238095238096,-0.7714285714285715,-0.6857142857142857,-0.6,-0.0380952380952381,-0.780952380952381,-0.41904761904761906,-0.9904761904761905,-0.638095238095238,-0.8285714285714286,-0.7047619047619048,-0.6476190476190476,-0.02857142857142857,-0.7619047619047619,-0.41904761904761906,-1.0,-0.638095238095238,-0.8285714285714286,-0.6952380952380952,-0.638095238095238,-0.10476190476190476,-0.6952380952380952,-0.4095238095238095,-0.8952380952380953,-0.5904761904761905,-0.8285714285714286,-0.6666666666666666,-0.7047619047619048
3,0.0,0.0,-0.3333333333333333,-0.09523809523809523,-0.5142857142857142,-0.2571428571428571,-0.6666666666666666,-0.3619047619047619,-0.7333333333333333,-0.49523809523809526,-0.08571428571428572,-0.780952380952381,-0.38095238095238093,-0.9523809523809523,-0.6,-0.8571428571428571,-0.6952380952380952,-0.7142857142857143,-0.047619047619047616,-0.7904761904761904,-0.4,-1.0,-0.6285714285714286,-0.8761904761904762,-0.7047619047619048,-0.7238095238095238,-0.05714285714285714,-0.7523809523809524,-0.41904761904761906,-0.9714285714285714,-0.6476190476190476,-0.8476190476190476,-0.7333333333333333,-0.6952380952380952,-0.13333333333333333,-0.6857142857142857,-0.42857142857142855,-0.8761904761904762,-0.6095238095238096,-0.8285714285714286,-0.7047619047619048,-0.7333333333333333
3,0.0,0.0,-0.33962264150943394,-0.08490566037735849,-0.5188679245283019,-0.22641509433962265,-0.6698113207547169,-0.330188679245283,-0.7358490566037735,-0.44339622641509435,-0.07547169811320754,-0.7547169811320755,-0.37735849056603776,-0.9433962264150944,-0.6037735849056604,-0.8490566037735849,-0.7075471698113207,-0.6981132075471698,-0.03773584905660377,-0.7735849056603774,-0.39622641509433965,-1.0,-0.6320754716981132,-0.8773584905660378,-0.7264150943396226,-0.7169811320754716,-0.04716981132075472,-0.7452830188679245,-0.41509433962264153,-0.9716981132075472,-0.6509433962264151,-0.8490566037735849,-0.7452830188679245,-0.6886792452830188,-0.14150943396226415,-0.6886792452830188,-0.44339622641509435,-0.8773584905660378,-0.6320754716981132,-0.8207547169811321,-0.7169811320754716,-0.7169811320754716
3,0.0,0.0,-0.3425925925925926,-0.10185185185185185,-0.5092592592592593,-0.25925925925925924,-0.6481481481481481,-0.37037037037037035,-0.7314814814814815,-0.5092592592592593,-0.07407407407407407,-0.7685185185185185,-0.39814814814814814,-0.9259259259259259,-0.6111111111111112,-0.8425925925925926,-0.7037037037037037,-0.6944444444444444,-0.027777777777777776,-0.7962962962962963,-0.4074074074074074,-1.0,-0.6388888888888888,-0.8796296296296297,-0.7314814814814815,-0.7222222222222222,-0.037037037037037035,-0.7685185185185185,-0.42592592592592593,-0.9907407407407407,-0.6481481481481481,-0.8611111111111112,-0.7407407407407407,-0.7037037037037037,-0.12037037037037036,-0.7129629629629629,-0.4351851851851852,-0.8981481481481481,-0.6203703703703703,-0.8518518518518519,-0.7129629629629629,-0.75
3,0.0,0.0,-0.35514018691588783,-0.08411214953271028,-0.5233644859813084,-0.24299065420560748,-0.6542056074766355,-0.37383177570093457,-0.7383177570093458,-0.5233644859813084,-0.08411214953271028,-0.7663551401869159,-0.40186915887850466,-0.9252336448598131,-0.616822429906542,-0.8504672897196262,-0.719626168224299,-0.719626168224299,-0.028037383177570093,-0.7850467289719626,-0.411214953271028,-1.0,-0.6448598130841121,-0.8878504672897196,-0.7383177570093458,-0.7383177570093458,-0.037383177570093455,-0.7663551401869159,-0.42990654205607476,-0.9906542056074766,-0.6728971962616822,-0.8691588785046729,-0.7663551401869159,-0.7102803738317757,-0.1308411214953271,-0.7102803738317757,-0.4672897196261682,-0.897196261682243,-0.6542056074766355,-0.8317757009345794,-0.7476635514018691,-0.7009345794392523
3,0.0,0.0,-0.3275862068965517,-0.09482758620689655,-0.5,-0.25862068965517243,-0.6379310344827587,-0.3793103448275862,-0.7155172413793104,-0.5172413793103449,-0.05172413793103448,-0.7758620689655172,-0.3620689655172414,-0.9396551724137931,-0.5862068965517241,-0.8706896551724138,-0.6896551724137931,-0.7327586206896551,0.0,-0.7931034482758621,-0.3793103448275862,-1.0,-0.6206896551724138,-0.8879310344827587,-0.7068965517241379,-0.7327586206896551,-0.017241379310344827,-0.7672413793103449,-0.4051724137931034,-0.9827586206896551,-0.646551724137931,-0.8706896551724138,-0.7327586206896551,-0.7241379310344828,-0.11206896551724138,-0.7068965517241379,-0.43103448275862066,-0.8879310344827587,-0.6120689655172413,-0.8448275862068966,-0.6982758620689655,-0.7413793103448276
3,0.0,0.0,-0.33620689655172414,-0.09482758620689655,-0.5086206896551724,-0.2413793103448276,-0.6379310344827587,-0.3620689655172414,-0.7241379310344828,-0.5,-0.0603448275862069,-0.7758620689655172,-0.3879310344827586,-0.9482758620689655,-0.603448275862069,-0.8793103448275862,-0.6982758620689655,-0.7413793103448276,-0.008620689655172414,-0.7931034482758621,-0.4051724137931034,-1.0,-0.6379310344827587,-0.8793103448275862,-0.7155172413793104,-0.7327586206896551,-0.02586206896551724,-0.7758620689655172,-0.43103448275862066,-0.9913793103448276,-0.6724137931034483,-0.8706896551724138,-0.7586206896551724,-0.7241379310344828,-0.1206896551724138,-0.7241379310344828,-0.4396551724137931,-0.9137931034482759,-0.6379310344827587,-0.8620689655172413,-0.7155172413793104,-0.7672413793103449
3,0.0,0.0,-0.36134453781512604,-0.09243697478991597,-0.5210084033613446,-0.25210084033613445,-0.6554621848739496,-0.3697478991596639,-0.7563025210084033,-0.5210084033613446,-0.07563025210084033,-0.7815126050420168,-0.37815126050420167,-0.957983193277311,-0.5882352941176471,-0.8823529411764706,-0.6974789915966386,-0.7394957983193278,-0.025210084033613446,-0.7983193277310925,-0.3949579831932773,-1.0,-0.6302521008403361,-0.8823529411764706,-0.7226890756302521,-0.7310924369747899,-0.03361344537815126,-0.773109243697479,-0.42857142857142855,-0.9831932773109243,-0.6722689075630253,-0.8571428571428571,-0.7647058823529411,-0.7058823529411765,-0.13445378151260504,-0.7142857142857143,-0.453781512605042,-0.8991596638655462,-0.6554621848739496,-0.8571428571428571,-0.7478991596638656,-0.7563025210084033
3,0.0,0.0,-0.34146341463414637,-0.10569105691056911,-0.4959349593495935,-0.2682926829268293,-0.6341463414634146,-0.3821138211382114,-0.7398373983739838,-0.5203252032520326,-0.06504065040650407,-0.7723577235772358,-0.36585365853658536,-0.943089430894309,-0.5853658536585366,-0.8780487804878049,-0.6910569105691057,-0.7317073170731707,-0.016260162601626018,-0.7967479674796748,-0.3821138211382114,-1.0,-0.6178861788617886,-0.8861788617886179,-0.7154471544715447,-0.7398373983739838,-0.024390243902439025,-0.7804878048780488,-0.4065040650406504,-0.983739837398374,-0.6422764227642277,-0.8617886178861789,-0.7398373983739838,-0.7154471544715447,-0.10569105691056911,-0.7235772357723578,-0.43089430894308944,-0.9105691056910569,-0.6341463414634146,-0.8536585365853658,-0.7317073170731707,-0.7479674796747967
3,0.0,0.0,-0.33076923076923076,-0.11538461538461539,-0.5153846153846153,-0.27692307692307694,-0.6538461538461539,-0.3923076923076923,-0.7153846153846154,-0.5076923076923077,-0.13846153846153847,-0.7538461538461538,-0.3923076923076923,-0.9461538461538461,-0.6,-0.8538461538461538,-0.6923076923076923,-0.7,-0.06153846153846154,-0.7769230769230769,-0.3923076923076923,-1.0,-0.6153846153846154,-0.8846153846153846,-0.6923076923076923,-0.7230769230769231,-0.038461538461538464,-0.7692307692307693,-0.3769230769230769,-1.0,-0.6153846153846154,-0.8846153846153846,-0.7,-0.7230769230769231,-0.07692307692307693,-0.7153846153846154,-0.36153846153846153,-0.9153846153846154,-0.5615384615384615,-0.8692307692307693,-0.6615384615384615,-0.7538461538461538
3,0.0,0.0,-0.3106060606060606,-0.11363636363636363,-0.5227272727272727,-0.2803030303030303,-0.6666666666666666,-0.4090909090909091,-0.696969696969697,-0.5606060606060606,-0.1590909090909091,-0.7121212121212122,-0.3787878787878788,-0.8863636363636364,-0.5681818181818182,-0.8257575757575758,-0.6666666666666666,-0.6893939393939394,-0.08333333333333333,-0.75,-0.3712121212121212,-0.9696969696969697,-0.5909090909090909,-0.8636363636363636,-0.6742424242424242,-0.7196969696969697,-0.045454545454545456,-0.7651515151515151,-0.3484848484848485,-1.0,-0.5833333333333334,-0.9015151515151515,-0.6742424242424242,-0.75,-0.06060606060606061,-0.7424242424242424,-0.3484848484848485,-0.9393939393939394,-0.5454545454545454,-0.8939393939393939,-0.6515151515151515,-0.7878787878787878
3,0.0,0.0,-0.29770992366412213,-0.09923664122137404,-0.5190839694656488,-0.26717557251908397,-0.6717557251908397,-0.3893129770992366,-0.6946564885496184,-0.5343511450381679,-0.22900763358778625,-0.6564885496183206,-0.3893129770992366,-0.8778625954198473,-0.5648854961832062,-0.816793893129771,-0.648854961832061,-0.6793893129770993,-0.16030534351145037,-0.7022900763358778,-0.37404580152671757,-0.9618320610687023,-0.5725190839694656,-0.8625954198473282,-0.6564885496183206,-0.7099236641221374,-0.10687022900763359,-0.7251908396946565,-0.33587786259541985,-1.0,-0.5572519083969466,-0.9007633587786259,-0.6335877862595419,-0.7404580152671756,-0.0916030534351145,-0.7175572519083969,-0.32061068702290074,-0.9389312977099237,-0.5190839694656488,-0.9007633587786259,-0.6259541984732825,-0.7786259541984732
3,0.0,0.0,-0.291044776119403,-0.11194029850746269,-0.5149253731343284,-0.2835820895522388,-0.6791044776119403,-0.39552238805970147,-0.6791044776119403,-0.5447761194029851,-0.21641791044776118,-0.7089552238805971,-0.373134328358209,-0.9477611940298507,-0.5522388059701493,-0.8507462686567164,-0.6268656716417911,-0.6940298507462687,-0.13432835820895522,-0.7388059701492538,-0.35074626865671643,-0.9925373134328358,-0.5597014925373134,-0.8805970149253731,-0.6268656716417911,-0.7089552238805971,-0.07462686567164178,-0.7388059701492538,-0.30597014925373134,-1.0,-0.5223880597014925,-0.8955223880597015,-0.6044776119402985,-0.7238805970149254,-0.05223880597014925,-0.6940298507462687,-0.2835820895522388,-0.9104477611940298,-0.47761194029850745,-0.8656716417910447,-0.5746268656716418,-0.746268656716418
3,0.0,0.0,-0.3014705882352941,-0.13970588235294118,-0.5147058823529411,-0.3161764705882353,-0.6617647058823529,-0.4338235294117647,-0.6470588235294118,-0.5588235294117647,-0.2426470588235294,-0.7058823529411765,-0.375,-0.9338235294117647,-0.5367647058823529,-0.8235294117647058,-0.5955882352941176,-0.6617647058823529,-0.16911764705882354,-0.7279411764705882,-0.34558823529411764,-0.9852941176470589,-0.5441176470588235,-0.8602941176470589,-0.6029411764705882,-0.6911764705882353,-0.09558823529411764,-0.7279411764705882,-0.2867647058823529,-1.0,-0.5,-0.8897058823529411,-0.5882352941176471,-0.7132352941176471,-0.04411764705882353,-0.6985294117647058,-0.25,-0.9191176470588235,-0.4411764705882353,-0.8823529411764706,-0.5441176470588235,-0.7647058823529411
3,0.0,0.0,-0.3007518796992481,-0.12030075187969924,-0.5263157894736842,-0.3007518796992481,-0.6766917293233082,-0.42105263157894735,-0.6541353383458647,-0.5714285714285714,-0.19548872180451127,-0.7142857142857143,-0.3533834586466165,-0.9398496240601504,-0.5488721804511278,-0.849624060150376,-0.631578947368421,-0.6842105263157895,-0.11278195488721804,-0.7368421052631579,-0.3383458646616541,-0.9849624060150376,-0.556390977443609,-0.8646616541353384,-0.6390977443609023,-0.6992481203007519,-0.05263157894736842,-0.7443609022556391,-0.2857142857142857,-1.0,-0.5263157894736842,-0.8872180451127819,-0.6165413533834586,-0.7142857142857143,-0.022556390977443608,-0.706766917293233,-0.2556390977443609,-0.9172932330827067,-0.45864661654135336,-0.8721804511278195,-0.5714285714285714,-0.7443609022556391
3,0.0,0.0,-0.3153846153846154,-0.12307692307692308,-0.5384615384615384,-0.3076923076923077,-0.6923076923076923,-0.4153846153846154,-0.6923076923076923,-0.5461538461538461,-0.2153846153846154,-0.7384615384615385,-0.3923076923076923,-0.9538461538461539,-0.5769230769230769,-0.8307692307692308,-0.6461538461538462,-0.6538461538461539,-0.13846153846153847,-0.7615384615384615,-0.38461538461538464,-1.0,-0.6,-0.8461538461538461,-0.6615384615384615,-0.6615384615384615,-0.06923076923076923,-0.7538461538461538,-0.3230769230769231,-1.0,-0.5615384615384615,-0.8692307692307693,-0.6384615384615384,-0.676923076923077,-0.038461538461538464,-0.7153846153846154,-0.2692307692307692,-0.9230769230769231,-0.46923076923076923,-0.8615384615384616,-0.5769230769230769,-0.7307692307692307
3,0.0,0.0,-0.3125,-0.1328125,-0.53125,-0.3046875,-0.6875,-0.4140625,-0.6953125,-0.5546875,-0.203125,-0.734375,-0.390625,-0.953125,-0.5703125,-0.84375,-0.6484375,-0.671875,-0.1171875,-0.7578125,-0.3828125,-0.9921875,-0.59375,-0.8515625,-0.6640625,-0.671875,-0.046875,-0.7578125,-0.328125,-1.0,-0.5546875,-0.8671875,-0.6484375,-0.6875,-0.03125,-0.71875,-0.2734375,-0.921875,-0.46875,-0.8671875,-0.5703125,-0.7421875
3,0.0,0.0,-0.32,-0.128,-0.552,-0.304,-0.704,-0.408,-0.712,-0.544,-0.224,-0.744,-0.4,-0.96,-0.584,-0.856,-0.664,-0.68,-0.136,-0.76,-0.4,-1.0,-0.6,-0.856,-0.664,-0.664,-0.064,-0.752,-0.336,-1.0,-0.56,-0.864,-0.648,-0.672,-0.032,-0.712,-0.288,-0.912,-0.48,-0.864,-0.584,-0.736
3,0.0,0.0,-0.3504273504273504,-0.1282051282051282,-0.5811965811965812,-0.29914529914529914,-0.7350427350427351,-0.41025641025641024,-0.7777777777777778,-0.5555555555555556,-0.27350427350427353,-0.7521367521367521,-0.47863247863247865,-0.9487179487179487,-0.6581196581196581,-0.811965811965812,-0.7264957264957265,-0.6239316239316239,-0.1794871794871795,-0.7692307692307693,-0.46153846153846156,-1.0,-0.6666666666666666,-0.8376068376068376,-0.7264957264957265,-0.6410256410256411,-0.10256410256410256,-0.7692307692307693,-0.38461538461538464,-1.0,-0.6153846153846154,-0.8632478632478633,-0.7008547008547008,-0.6752136752136753,-0.06837606837606838,-0.7264957264957265,-0.3162393162393162,-0.9145299145299145,-0.5128205128205128,-0.8632478632478633,-0.6153846153846154,-0.7521367521367521
3,0.0,0.0,-0.32432432432432434,-0.15315315315315314,-0.5585585585585585,-0.32432432432432434,-0.7117117117117117,-0.44144144144144143,-0.7297297297297297,-0.5765765765765766,-0.24324324324324326,-0.7477477477477478,-0.45045045045045046,-0.954954954954955,-0.6306306306306306,-0.8288288288288288,-0.6936936936936937,-0.6576576576576577,-0.16216216216216217,-0.7657657657657657,-0.43243243243243246,-1.0,-0.6396396396396397,-0.8468468468468469,-0.7027027027027027,-0.6576576576576577,-0.09009009009009009,-0.7567567567567568,-0.36936936936936937,-1.0,-0.5945945945945946,-0.8738738738738738,-0.6756756756756757,-0.6846846846846847,-0.05405405405405406,-0.7117117117117117,-0.2972972972972973,-0.9009009009009009,-0.4954954954954955,-0.8738738738738738,-0.6036036036036037,-0.7747747747747747
3,0.0,0.0,-0.33653846153846156,-0.15384615384615385,-0.5480769230769231,-0.3269230769230769,-0.6923076923076923,-0.4326923076923077,-0.7211538461538461,-0.5673076923076923,-0.21153846153846154,-0.7596153846153846,-0.4326923076923077,-0.9519230769230769,-0.625,-0.8076923076923077,-0.6826923076923077,-0.625,-0.125,-0.7692307692307693,-0.4230769230769231,-1.0,-0.6442307692307693,-0.8365384615384616,-0.7019230769230769,-0.6442307692307693,-0.0673076923076923,-0.7596153846153846,-0.36538461538461536,-0.9903846153846154,-0.5961538461538461,-0.8557692307692307,-0.6730769230769231,-0.6634615384615384,-0.057692307692307696,-0.7115384615384616,-0.3076923076923077,-0.9038461538461539,-0.5,-0.8557692307692307,-0.5961538461538461,-0.7307692307692307
3,0.0,0.0,-0.32323232323232326,-0.1414141414141414,-0.5353535353535354,-0.31313131313131315,-0.6868686868686869,-0.43434343434343436,-0.7272727272727273,-0.5555555555555556,-0.2222222222222222,-0.7272727272727273,-0.42424242424242425,-0.9393939393939394,-0.6161616161616161,-0.8080808080808081,-0.6868686868686869,-0.6363636363636364,-0.1414141414141414,-0.7474747474747475,-0.43434343434343436,-0.98989898989899,-0.6464646464646465,-0.8282828282828283,-0.696969696969697,-0.6464646464646465,-0.09090909090909091,-0.7373737373737373,-0.37373737373737376,-1.0,-0.5959595959595959,-0.8585858585858586,-0.6666666666666666,-0.6767676767676768,-0.08080808080808081,-0.6868686868686869,-0.32323232323232326,-0.898989898989899,-0.5151515151515151,-0.8484848484848485,-0.6161616161616161,-0.7272727272727273
3,0.0,0.0,-0.2911392405063291,-0.06329113924050633,-0.5063291139240507,-0.27848101265822783,-0.6582278481012658,-0.3924050632911392,-0.6962025316455697,-0.4936708860759494,-0.1518987341772152,-0.759493670886076,-0.34177215189873417,-0.9620253164556962,-0.5569620253164557,-0.8607594936708861,-0.6708860759493671,-0.6835443037974683,-0.05063291139240506,-0.7848101265822784,-0.3037974683544304,-1.0,-0.569620253164557,-0.8734177215189873,-0.6708860759493671,-0.6835443037974683,0.0379746835443038,-0.759493670886076,-0.25316455696202533,-0.9873417721518988,-0.5063291139240507,-0.8607594936708861,-0.620253164556962,-0.6835443037974683,0.06329113924050633,-0.6835443037974683,-0.20253164556962025,-0.8860759493670886,-0.4177215189873418,-0.8354430379746836,-0.5443037974683544,-0.7215189873417721
3,0.0,0.0,-0.3333333333333333,-0.16129032258064516,-0.5376344086021505,-0.34408602150537637,-0.6774193548387096,-0.45161290322580644,-0.6989247311827957,-0.5591397849462365,-0.17204301075268819,-0.7634408602150538,-0.3978494623655914,-0.989247311827957,-0.6021505376344086,-0.8494623655913979,-0.6666666666666666,-0.6666666666666666,-0.0967741935483871,-0.7741935483870968,-0.3978494623655914,-1.0,-0.6236559139784946,-0.8387096774193549,-0.6774193548387096,-0.6451612903225806,-0.043010752688172046,-0.7419354838709677,-0.3548387096774194,-0.967741935483871,-0.5806451612903226,-0.8387096774193549,-0.6559139784946236,-0.6559139784946236,-0.053763440860215055,-0.6774193548387096,-0.3010752688172043,-0.8709677419354839,-0.4946236559139785,-0.8172043010752689,-0.5913978494623656,-0.6989247311827957
3,0.0,0.0,-0.3218390804597701,-0.14942528735632185,-0.5172413793103449,-0.3218390804597701,-0.6666666666666666,-0.4367816091954023,-0.6896551724137931,-0.5517241379310345,-0.19540229885057472,-0.7471264367816092,-0.40229885057471265,-0.9540229885057471,-0.5862068965517241,-0.8390804597701149,-0.6666666666666666,-0.6551724137931034,-0.11494252873563218,-0.7701149425287356,-0.40229885057471265,-1.0,-0.6206896551724138,-0.8390804597701149,-0.6781609195402298,-0.6551724137931034,-0.04597701149425287,-0.7586206896551724,-0.3448275862068966,-0.9885057471264368,-0.5747126436781609,-0.8505747126436781,-0.6551724137931034,-0.6551724137931034,-0.034482758620689655,-0.7241379310344828,-0.3103448275862069,-0.9080459770114943,-0.4942528735632184,-0.8390804597701149,-0.5862068965517241,-0.7126436781609196
3,0.0,0.0,-0.26865671641791045,-0.04477611940298507,-0.5223880597014925,-0.2537313432835821,-0.6716417910447762,-0.40298507462686567,-0.7014925373134329,-0.5522388059701493,-0.22388059701492538,-0.7164179104477612,-0.3880597014925373,-0.9402985074626866,-0.582089552238806,-0.8656716417910447,-0.7014925373134329,-0.7014925373134329,-0.1044776119402985,-0.746268656716418,-0.29850746268656714,-1.0,-0.5522388059701493,-0.9253731343283582,-0.6716417910447762,-0.746268656716418,0.0,-0.746268656716418,-0.22388059701492538,-1.0,-0.4925373134328358,-0.9253731343283582,-0.6268656716417911,-0.7611940298507462,0.07462686567164178,-0.7014925373134329,-0.16417910447761194,-0.9253731343283582,-0.3880597014925373,-0.8955223880597015,-0.5074626865671642,-0.7910447761194029
3,0.0,0.0,-0.32098765432098764,-0.13580246913580246,-0.5185185185185185,-0.30864197530864196,-0.6790123456790124,-0.41975308641975306,-0.7160493827160493,-0.5432098765432098,-0.18518518518518517,-0.7777777777777778,-0.3950617283950617,-0.9753086419753086,-0.5925925925925926,-0.8395061728395061,-0.6666666666666666,-0.654320987654321,-0.09876543209876543,-0.7901234567901234,-0.3950617283950617,-1.0,-0.6049382716049383,-0.8395061728395061,-0.6666666666666666,-0.654320987654321,-0.037037037037037035,-0.7654320987654321,-0.3333333333333333,-1.0,-0.5679012345679012,-0.8518518518518519,-0.6419753086419753,-0.6666666666666666,-0.024691358024691357,-0.7037037037037037,-0.2716049382716049,-0.9012345679012346,-0.4567901234567901,-0.8395061728395061,-0.5555555555555556,-0.691358024691358
3,0.0,0.0,-0.34177215189873417,-0.12658227848101267,-0.569620253164557,-0.3037974683544304,-0.6962025316455697,-0.43037974683544306,-0.7341772151898734,-0.5569620253164557,-0.27848101265822783,-0.7341772151898734,-0.4810126582278481,-0.9493670886075949,-0.6708860759493671,-0.810126582278481,-0.7341772151898734,-0.6075949367088608,-0.189873417721519,-0.759493670886076,-0.45569620253164556,-1.0,-0.6835443037974683,-0.8227848101265823,-0.7341772151898734,-0.620253164556962,-0.11392405063291139,-0.7468354430379747,-0.3924050632911392,-0.9873417721518988,-0.620253164556962,-0.8607594936708861,-0.6962025316455697,-0.6582278481012658,-0.08860759493670886,-0.6962025316455697,-0.31645569620253167,-0.9113924050632911,-0.5189873417721519,-0.8607594936708861,-0.6075949367088608,-0.7215189873417721
3,0.0,0.0,-0.3375,-0.1375,-0.55,-0.325,-0.6875,-0.4375,-0.7375,-0.55,-0.1625,-0.7875,-0.4125,-0.9625,-0.625,-0.825,-0.6875,-0.65,-0.0875,-0.7875,-0.4125,-1.0,-0.65,-0.8375,-0.7125,-0.65,-0.05,-0.75,-0.3625,-0.9625,-0.6125,-0.8375,-0.7,-0.6625,-0.0625,-0.675,-0.3125,-0.8625,-0.5125,-0.825,-0.6125,-0.7125
3,0.0,0.0,-0.3026315789473684,-0.10526315789473684,-0.5263157894736842,-0.27631578947368424,-0.6710526315789473,-0.39473684210526316,-0.6973684210526315,-0.5394736842105263,-0.27631578947368424,-0.7105263157894737,-0.4342105263157895,-0.9605263157894737,-0.6052631578947368,-0.8421052631578947,-0.6710526315789473,-0.6710526315789473,-0.18421052631578946,-0.7236842105263158,-0.3815789473684211,-1.0,-0.5921052631578947,-0.868421052631579,-0.6447368421052632,-0.6973684210526315,-0.10526315789473684,-0.7236842105263158,-0.3026315789473684,-0.9868421052631579,-0.5394736842105263,-0.881578947368421,-0.618421052631579,-0.7105263157894737,-0.039473684210526314,-0.6842105263157895,-0.25,-0.8947368421052632,-0.4473684210526316,-0.8552631578947368,-0.5394736842105263,-0.7368421052631579
3,0.0,0.0,-0.3116883116883117,-0.11688311688311688,-0.5454545454545454,-0.2987012987012987,-0.7012987012987013,-0.42857142857142855,-0.7012987012987013,-0.5844155844155844,-0.23376623376623376,-0.7532467532467533,-0.4155844155844156,-0.948051948051948,-0.6103896103896104,-0.8441558441558441,-0.6883116883116883,-0.6883116883116883,-0.14285714285714285,-0.7792207792207793,-0.38961038961038963,-1.0,-0.5974025974025974,-0.8701298701298701,-0.6753246753246753,-0.7012987012987013,-0.06493506493506493,-0.7662337662337663,-0.3246753246753247,-0.987012987012987,-0.5584415584415584,-0.8831168831168831,-0.6493506493506493,-0.7142857142857143,-0.025974025974025976,-0.7142857142857143,-0.2727272727272727,-0.8961038961038961,-0.4805194805194805,-0.8571428571428571,-0.5974025974025974,-0.7402597402597403
3,0.0,0.0,-0.2987012987012987,-0.1038961038961039,-0.5324675324675324,-0.2727272727272727,-0.6753246753246753,-0.37662337662337664,-0.7272727272727273,-0.5064935064935064,-0.23376623376623376,-0.7142857142857143,-0.4155844155844156,-0.935064935064935,-0.5974025974025974,-0.8311688311688312,-0.6753246753246753,-0.6493506493506493,-0.14285714285714285,-0.7532467532467533,-0.38961038961038963,-0.987012987012987,-0.5974025974025974,-0.8571428571428571,-0.6623376623376623,-0.6623376623376623,-0.06493506493506493,-0.7532467532467533,-0.3246753246753247,-1.0,-0.5584415584415584,-0.8701298701298701,-0.6363636363636364,-0.6883116883116883,-0.025974025974025976,-0.7012987012987013,-0.2597402597402597,-0.922077922077922,-0.4675324675324675,-0.8831168831168831,-0.5584415584415584,-0.7532467532467533
3,0.0,0.0,-0.3058823529411765,-0.09411764705882353,-0.5294117647058824,-0.2823529411764706,-0.6705882352941176,-0.4,-0.7411764705882353,-0.5176470588235295,-0.2,-0.7529411764705882,-0.4235294117647059,-0.9294117647058824,-0.611764705882353,-0.788235294117647,-0.6705882352941176,-0.5882352941176471,-0.10588235294117647,-0.7764705882352941,-0.4,-0.9882352941176471,-0.611764705882353,-0.8352941176470589,-0.6823529411764706,-0.6352941176470588,-0.03529411764705882,-0.7647058823529411,-0.32941176470588235,-1.0,-0.5764705882352941,-0.8588235294117647,-0.6470588235294118,-0.6705882352941176,0.0,-0.7176470588235294,-0.27058823529411763,-0.9294117647058824,-0.4823529411764706,-0.8823529411764706,-0.5764705882352941,-0.7294117647058823
3,0.0,0.0,-0.30337078651685395,-0.0898876404494382,-0.5168539325842697,-0.2808988764044944,-0.6629213483146067,-0.4044943820224719,-0.6966292134831461,-0.550561797752809,-0.19101123595505617,-0.7528089887640449,-0.39325842696629215,-0.9438202247191011,-0.5842696629213483,-0.8202247191011236,-0.651685393258427,-0.6404494382022472,-0.10112359550561797,-0.7865168539325843,-0.38202247191011235,-0.9887640449438202,-0.5955056179775281,-0.8426966292134831,-0.6629213483146067,-0.651685393258427,-0.033707865168539325,-0.7752808988764045,-0.3258426966292135,-1.0,-0.5617977528089888,-0.8651685393258427,-0.6404494382022472,-0.6741573033707865,-0.02247191011235955,-0.7191011235955056,-0.29213483146067415,-0.9213483146067416,-0.4943820224719101,-0.8651685393258427,-0.5955056179775281,-0.7303370786516854
3,0.0,0.0,-0.3333333333333333,-0.10752688172043011,-0.5483870967741935,-0.2903225806451613,-0.6881720430107527,-0.40860215053763443,-0.7204301075268817,-0.5591397849462365,-0.1827956989247312,-0.7741935483870968,-0.43010752688172044,-0.967741935483871,-0.6344086021505376,-0.8279569892473119,-0.7096774193548387,-0.6451612903225806,-0.0967741935483871,-0.7956989247311828,-0.43010752688172044,-1.0,-0.6559139784946236,-0.8387096774193549,-0.7311827956989247,-0.6559139784946236,-0.043010752688172046,-0.7741935483870968,-0.3870967741935484,-0.989247311827957,-0.6236559139784946,-0.8494623655913979,-0.6989247311827957,-0.6666666666666666,-0.053763440860215055,-0.7204301075268817,-0.34408602150537637,-0.9032258064516129,-0.5376344086021505,-0.8494623655913979,-0.6344086021505376,-0.7311827956989247
3,0.0,0.0,-0.32978723404255317,-0.09574468085106383,-0.5531914893617021,-0.2765957446808511,-0.7021276595744681,-0.39361702127659576,-0.7553191489361702,-0.5425531914893617,-0.18085106382978725,-0.7872340425531915,-0.43617021276595747,-0.9574468085106383,-0.6382978723404256,-0.8404255319148937,-0.723404255319149,-0.6595744680851063,-0.09574468085106383,-0.8085106382978723,-0.425531914893617,-1.0,-0.6595744680851063,-0.8617021276595744,-0.7340425531914894,-0.6808510638297872,-0.05319148936170213,-0.7872340425531915,-0.3829787234042553,-1.0,-0.6276595744680851,-0.8723404255319149,-0.7127659574468085,-0.6914893617021277,-0.07446808510638298,-0.723404255319149,-0.3617021276595745,-0.9148936170212766,-0.5638297872340425,-0.8617021276595744,-0.6702127659574468,-0.7446808510638298
3,0.0,0.0,-0.3125,-0.10416666666666667,-0.5208333333333334,-0.2604166666666667,-0.6666666666666666,-0.3958333333333333,-0.6979166666666666,-0.53125,-0.21875,-0.6875,-0.4166666666666667,-0.8854166666666666,-0.6041666666666666,-0.8020833333333334,-0.6770833333333334,-0.6458333333333334,-0.125,-0.7291666666666666,-0.40625,-0.96875,-0.625,-0.84375,-0.6875,-0.6770833333333334,-0.0625,-0.7395833333333334,-0.3541666666666667,-1.0,-0.5833333333333334,-0.875,-0.6666666666666666,-0.6979166666666666,-0.041666666666666664,-0.71875,-0.3229166666666667,-0.9166666666666666,-0.5208333333333334,-0.8645833333333334,-0.6145833333333334,-0.7395833333333334
3,0.0,0.0,-0.3263157894736842,-0.10526315789473684,-0.5263157894736842,-0.2736842105263158,-0.6631578947368421,-0.4105263157894737,-0.7052631578947368,-0.5578947368421052,-0.25263157894736843,-0.6947368421052632,-0.4,-0.9157894736842105,-0.5894736842105263,-0.8315789473684211,-0.6631578947368421,-0.6842105263157895,-0.16842105263157894,-0.7263157894736842,-0.37894736842105264,-0.9789473684210527,-0.6,-0.8631578947368421,-0.6631578947368421,-0.6947368421052632,-0.10526315789473684,-0.7368421052631579,-0.3368421052631579,-1.0,-0.5684210526315789,-0.8842105263157894,-0.6526315789473685,-0.7157894736842105,-0.07368421052631578,-0.7157894736842105,-0.30526315789473685,-0.9157894736842105,-0.5052631578947369,-0.8736842105263158,-0.6105263157894737,-0.7473684210526316
3,0.0,0.0,-0.3263157894736842,-0.09473684210526316,-0.5368421052631579,-0.2736842105263158,-0.6842105263157895,-0.3894736842105263,-0.7368421052631579,-0.5157894736842106,-0.2,-0.7368421052631579,-0.42105263157894735,-0.9368421052631579,-0.6210526315789474,-0.8210526315789474,-0.6842105263157895,-0.6421052631578947,-0.11578947368421053,-0.7684210526315789,-0.4105263157894737,-0.9894736842105263,-0.631578947368421,-0.8526315789473684,-0.7052631578947368,-0.6631578947368421,-0.06315789473684211,-0.7684210526315789,-0.3684210526315789,-1.0,-0.6105263157894737,-0.8736842105263158,-0.6842105263157895,-0.6842105263157895,-0.06315789473684211,-0.7157894736842105,-0.3368421052631579,-0.9263157894736842,-0.5368421052631579,-0.8631578947368421,-0.631578947368421,-0.7263157894736842
7,0.0,0.0,-0.256,0.024,-0.504,-0.016,-0.704,0.024,-0.872,0.072,-0.528,-0.576,-0.68,-0.776,-0.808,-0.88,-0.92,-0.944,-0.464,-0.616,-0.632,-0.856,-0.784,-0.952,-0.936,-0.984,-0.376,-0.624,-0.56,-0.872,-0.72,-0.96,-0.88,-1.0,-0.288,-0.6,-0.448,-0.792,-0.592,-0.88,-0.736,-0.928
7,0.0,0.0,-0.18803418803418803,0.09401709401709402,-0.4358974358974359,0.05128205128205128,-0.6410256410256411,0.07692307692307693,-0.8205128205128205,0.1111111111111111,-0.4444444444444444,-0.4444444444444444,-0.5384615384615384,-0.6495726495726496,-0.6581196581196581,-0.7948717948717948,-0.7606837606837606,-0.905982905982906,-0.38461538461538464,-0.5213675213675214,-0.5128205128205128,-0.7521367521367521,-0.6581196581196581,-0.8803418803418803,-0.8034188034188035,-1.0,-0.29914529914529914,-0.5641025641025641,-0.4444444444444444,-0.7863247863247863,-0.5982905982905983,-0.905982905982906,-0.7350427350427351,-0.9829059829059829,-0.20512820512820512,-0.5811965811965812,-0.3418803418803419,-0.7692307692307693,-0.47863247863247865,-0.8547008547008547,-0.6068376068376068,-0.8974358974358975
7,0.0,0.0,-0.2661290322580645,0.024193548387096774,-0.5080645161290323,-0.016129032258064516,-0.7016129032258065,0.024193548387096774,-0.8790322580645161,0.06451612903225806,-0.5403225806451613,-0.5725806451612904,-0.6935483870967742,-0.7983870967741935,-0.8225806451612904,-0.9032258064516129,-0.9354838709677419,-0.9596774193548387,-0.47580645161290325,-0.6129032258064516,-0.6451612903225806,-0.8709677419354839,-0.8145161290322581,-0.9596774193548387,-0.9596774193548387,-0.9838709677419355,-0.3870967741935484,-0.6209677419354839,-0.5645161290322581,-0.8951612903225806,-0.7419354838709677,-0.9758064516129032,-0.9032258064516129,-1.0,-0.2903225806451613,-0.6048387096774194,-0.4435483870967742,-0.8064516129032258,-0.5887096774193549,-0.8870967741935484,-0.7338709677419355,-0.9193548387096774
7,0.0,0.0,-0.2786885245901639,0.040983606557377046,-0.5327868852459017,0.0,-0.7377049180327869,0.02459016393442623,-0.9098360655737705,0.05737704918032787,-0.5655737704918032,-0.5573770491803278,-0.7295081967213115,-0.7786885245901639,-0.8524590163934426,-0.8852459016393442,-0.9672131147540983,-0.9508196721311475,-0.5,-0.6065573770491803,-0.680327868852459,-0.8524590163934426,-0.8360655737704918,-0.9590163934426229,-0.9836065573770492,-1.0,-0.4180327868852459,-0.6229508196721312,-0.5983606557377049,-0.8852459016393442,-0.7704918032786885,-0.9754098360655737,-0.9262295081967213,-1.0,-0.319672131147541,-0.6229508196721312,-0.48360655737704916,-0.8114754098360656,-0.6311475409836066,-0.9016393442622951,-0.7786885245901639,-0.9426229508196722
7,0.0,0.0,-0.2727272727272727,0.03305785123966942,-0.5371900826446281,-0.008264462809917356,-0.743801652892562,0.024793388429752067,-0.9173553719008265,0.0743801652892562,-0.5619834710743802,-0.5619834710743802,-0.7107438016528925,-0.8016528925619835,-0.8429752066115702,-0.9090909090909091,-0.9669421487603306,-0.9586776859504132,-0.49586776859504134,-0.6115702479338843,-0.6694214876033058,-0.8760330578512396,-0.8347107438016529,-0.9669421487603306,-0.9834710743801653,-0.9917355371900827,-0.4049586776859504,-0.628099173553719,-0.5950413223140496,-0.8925619834710744,-0.768595041322314,-0.9834710743801653,-0.9256198347107438,-1.0,-0.2975206611570248,-0.6115702479338843,-0.4628099173553719,-0.8181818181818182,-0.6033057851239669,-0.9008264462809917,-0.7520661157024794,-0.9421487603305785
7,0.0,0.0,-0.25806451612903225,0.03225806451612903,-0.5080645161290323,-0.008064516129032258,-0.7016129032258065,0.024193548387096774,-0.8709677419354839,0.07258064516129033,-0.532258064516129,-0.5725806451612904,-0.6693548387096774,-0.7903225806451613,-0.7903225806451613,-0.8951612903225806,-0.9112903225806451,-0.9516129032258065,-0.4596774193548387,-0.6209677419354839,-0.6209677419354839,-0.8629032258064516,-0.7741935483870968,-0.9596774193548387,-0.9274193548387096,-0.9919354838709677,-0.3790322580645161,-0.6290322580645161,-0.5483870967741935,-0.8790322580645161,-0.7096774193548387,-0.967741935483871,-0.8709677419354839,-1.0,-0.28225806451612906,-0.6129032258064516,-0.43548387096774194,-0.8064516129032258,-0.5725806451612904,-0.8870967741935484,-0.717741935483871,-0.9274193548387096
7,0.0,0.0,-0.256,0.04,-0.504,0.008,-0.704,0.048,-0.88,0.08,-0.544,-0.56,-0.696,-0.784,-0.824,-0.88,-0.936,-0.936,-0.48,-0.608,-0.656,-0.856,-0.816,-0.944,-0.96,-0.976,-0.392,-0.624,-0.576,-0.88,-0.744,-0.968,-0.904,-1.0,-0.288,-0.608,-0.44,-0.808,-0.584,-0.888,-0.728,-0.928
7,0.0,0.0,-0.25757575757575757,0.045454545454545456,-0.5151515151515151,0.015151515151515152,-0.7121212121212122,0.045454545454545456,-0.8863636363636364,0.08333333333333333,-0.5454545454545454,-0.5303030303030303,-0.7196969696969697,-0.7348484848484849,-0.8560606060606061,-0.8409090909090909,-0.9924242424242424,-0.8939393939393939,-0.49242424242424243,-0.5909090909090909,-0.6818181818181818,-0.8181818181818182,-0.8484848484848485,-0.9166666666666666,-1.0,-0.9545454545454546,-0.4090909090909091,-0.6136363636363636,-0.6060606060606061,-0.8484848484848485,-0.7727272727272727,-0.946969696969697,-0.9393939393939394,-0.9924242424242424,-0.3106060606060606,-0.6136363636363636,-0.4772727272727273,-0.803030303030303,-0.6212121212121212,-0.8787878787878788,-0.7651515151515151,-0.9242424242424242
7,0.0,0.0,-0.24444444444444444,0.05185185185185185,-0.4962962962962963,0.022222222222222223,-0.7037037037037037,0.05185185185185185,-0.8740740740740741,0.08148148148148149,-0.5407407407407407,-0.5333333333333333,-0.7037037037037037,-0.7407407407407407,-0.8444444444444444,-0.837037037037037,-0.9777777777777777,-0.8962962962962963,-0.48148148148148145,-0.5925925925925926,-0.674074074074074,-0.8222222222222222,-0.837037037037037,-0.9259259259259259,-0.9851851851851852,-0.9703703703703703,-0.4074074074074074,-0.6296296296296297,-0.6148148148148148,-0.8592592592592593,-0.7703703703703704,-0.9555555555555556,-0.9259259259259259,-1.0,-0.3111111111111111,-0.6370370370370371,-0.48148148148148145,-0.8222222222222222,-0.6222222222222222,-0.9037037037037037,-0.7703703703703704,-0.9481481481481482
7,0.0,0.0,-0.26618705035971224,0.04316546762589928,-0.5179856115107914,0.02158273381294964,-0.7122302158273381,0.050359712230215826,-0.8920863309352518,0.09352517985611511,-0.5539568345323741,-0.539568345323741,-0.7122302158273381,-0.7410071942446043,-0.8561151079136691,-0.841726618705036,-0.9784172661870504,-0.8920863309352518,-0.49640287769784175,-0.60431654676259,-0.6834532374100719,-0.8273381294964028,-0.841726618705036,-0.9280575539568345,-0.9928057553956835,-0.9712230215827338,-0.4172661870503597,-0.6402877697841727,-0.6187050359712231,-0.8633093525179856,-0.7697841726618705,-0.9568345323741008,-0.920863309352518,-1.0,-0.31654676258992803,-0.6402877697841727,-0.4748201438848921,-0.8345323741007195,-0.6187050359712231,-0.9136690647482014,-0.762589928057554,-0.9568345323741008
7,0.0,0.0,-0.2602739726027397,0.0684931506849315,-0.5136986301369864,0.0547945205479452,-0.7123287671232876,0.0958904109589041,-0.8904109589041096,0.13013698630136986,-0.547945205479452,-0.5273972602739726,-0.6986301369863014,-0.726027397260274,-0.8424657534246576,-0.8287671232876712,-0.9726027397260274,-0.8904109589041096,-0.4931506849315068,-0.589041095890411,-0.678082191780822,-0.8082191780821918,-0.8493150684931506,-0.9041095890410958,-1.0,-0.9452054794520548,-0.410958904109589,-0.6232876712328768,-0.6164383561643836,-0.8424657534246576,-0.773972602739726,-0.9246575342465754,-0.9315068493150684,-0.9726027397260274,-0.3150684931506849,-0.6301369863013698,-0.4863013698630137,-0.815068493150685,-0.6301369863013698,-0.8972602739726028,-0.773972602739726,-0.9383561643835616
7,0.0,0.0,-0.25333333333333335,0.06666666666666667,-0.5066666666666667,0.04666666666666667,-0.7133333333333334,0.08666666666666667,-0.8866666666666667,0.13333333333333333,-0.5333333333333333,-0.5066666666666667,-0.6866666666666666,-0.72,-0.8266666666666667,-0.8266666666666667,-0.9533333333333334,-0.8866666666666667,-0.48,-0.58,-0.66,-0.8066666666666666,-0.82,-0.9133333333333333,-0.9666666666666667,-0.9666666666666667,-0.41333333333333333,-0.6266666666666667,-0.6,-0.8533333333333334,-0.76,-0.9466666666666667,-0.9133333333333333,-1.0,-0.32,-0.6533333333333333,-0.4866666666666667,-0.84,-0.6333333333333333,-0.92,-0.78,-0.9533333333333334
7,0.0,0.0,-0.24431818181818182,0.07386363636363637,-0.48863636363636365,0.045454545454545456,-0.6818181818181818,0.08522727272727272,-0.8636363636363636,0.11931818181818182,-0.5340909090909091,-0.5,-0.6818181818181818,-0.6931818181818182,-0.8125,-0.7670454545454546,-0.9318181818181818,-0.7954545454545454,-0.4772727272727273,-0.5795454545454546,-0.6647727272727273,-0.8352272727272727,-0.8409090909090909,-0.9204545454545454,-1.0,-0.9375,-0.3977272727272727,-0.6193181818181818,-0.5852272727272727,-0.8863636363636364,-0.7670454545454546,-0.9659090909090909,-0.9261363636363636,-0.9715909090909091,-0.3068181818181818,-0.6193181818181818,-0.48863636363636365,-0.8295454545454546,-0.6477272727272727,-0.9034090909090909,-0.8011363636363636,-0.9204545454545454
7,0.0,0.0,-0.2653061224489796,0.07142857142857142,-0.5051020408163265,0.04081632653061224,-0.6836734693877551,0.07653061224489796,-0.8622448979591837,0.11224489795918367,-0.5510204081632653,-0.5,-0.6785714285714286,-0.6938775510204082,-0.7959183673469388,-0.7959183673469388,-0.9132653061224489,-0.8571428571428571,-0.5,-0.576530612244898,-0.6683673469387755,-0.8163265306122449,-0.8418367346938775,-0.9132653061224489,-1.0,-0.9489795918367347,-0.41836734693877553,-0.6020408163265306,-0.5969387755102041,-0.8520408163265306,-0.7704081632653061,-0.9285714285714286,-0.9336734693877551,-0.9489795918367347,-0.32142857142857145,-0.5867346938775511,-0.5051020408163265,-0.7959183673469388,-0.6683673469387755,-0.8724489795918368,-0.8316326530612245,-0.8979591836734694
7,0.0,0.0,-0.2534562211981567,0.06451612903225806,-0.48847926267281105,0.03686635944700461,-0.6682027649769585,0.07373271889400922,-0.8433179723502304,0.11059907834101383,-0.5253456221198156,-0.47465437788018433,-0.6589861751152074,-0.6359447004608295,-0.7695852534562212,-0.7327188940092166,-0.8709677419354839,-0.7972350230414746,-0.4792626728110599,-0.5529953917050692,-0.6728110599078341,-0.7695852534562212,-0.8433179723502304,-0.8755760368663594,-1.0,-0.9262672811059908,-0.4147465437788018,-0.5944700460829493,-0.6221198156682027,-0.815668202764977,-0.7972350230414746,-0.8940092165898618,-0.9631336405529954,-0.9308755760368663,-0.34101382488479265,-0.5944700460829493,-0.5345622119815668,-0.7880184331797235,-0.6912442396313364,-0.8571428571428571,-0.847926267281106,-0.8894009216589862
7,0.0,0.0,-0.2647058823529412,0.06302521008403361,-0.5084033613445378,0.025210084033613446,-0.680672268907563,0.0546218487394958,-0.8571428571428571,0.09243697478991597,-0.5378151260504201,-0.4579831932773109,-0.6764705882352942,-0.6176470588235294,-0.7941176470588235,-0.7142857142857143,-0.8991596638655462,-0.7773109243697479,-0.4831932773109244,-0.5378151260504201,-0.6722689075630253,-0.7478991596638656,-0.8403361344537815,-0.8529411764705882,-1.0,-0.8991596638655462,-0.4117647058823529,-0.5798319327731093,-0.6134453781512605,-0.7899159663865546,-0.7815126050420168,-0.8781512605042017,-0.9495798319327731,-0.9201680672268907,-0.3319327731092437,-0.5756302521008403,-0.5336134453781513,-0.7647058823529411,-0.6848739495798319,-0.8403361344537815,-0.8403361344537815,-0.8823529411764706
7,0.0,0.0,-0.2727272727272727,0.05533596837944664,-0.5217391304347826,0.015810276679841896,-0.6996047430830039,0.03557312252964427,-0.8695652173913043,0.07114624505928854,-0.5335968379446641,-0.47035573122529645,-0.6719367588932806,-0.6205533596837944,-0.7905138339920948,-0.7154150197628458,-0.9011857707509882,-0.7865612648221344,-0.48221343873517786,-0.5454545454545454,-0.6719367588932806,-0.7391304347826086,-0.841897233201581,-0.841897233201581,-1.0,-0.9011857707509882,-0.41106719367588934,-0.5770750988142292,-0.6047430830039525,-0.766798418972332,-0.7747035573122529,-0.857707509881423,-0.9446640316205533,-0.9169960474308301,-0.3359683794466403,-0.5691699604743083,-0.5335968379446641,-0.7509881422924901,-0.6837944664031621,-0.8300395256916996,-0.83399209486166,-0.8853754940711462
7,0.0,0.0,-0.28,0.044,-0.524,0.004,-0.7,0.036,-0.868,0.068,-0.544,-0.464,-0.676,-0.632,-0.784,-0.728,-0.888,-0.808,-0.5,-0.544,-0.684,-0.756,-0.852,-0.868,-1.0,-0.936,-0.432,-0.58,-0.632,-0.804,-0.8,-0.896,-0.964,-0.952,-0.36,-0.588,-0.556,-0.772,-0.712,-0.84,-0.876,-0.876
7,0.0,0.0,-0.2894736842105263,0.0043859649122807015,-0.5350877192982456,-0.043859649122807015,-0.7192982456140351,-0.021929824561403508,-0.8859649122807017,0.008771929824561403,-0.5745614035087719,-0.5175438596491229,-0.7236842105263158,-0.6973684210526315,-0.8377192982456141,-0.793859649122807,-0.9429824561403509,-0.8640350877192983,-0.5263157894736842,-0.5877192982456141,-0.706140350877193,-0.8245614035087719,-0.8640350877192983,-0.9254385964912281,-1.0,-0.9692982456140351,-0.4517543859649123,-0.618421052631579,-0.6491228070175439,-0.8552631578947368,-0.8201754385964912,-0.9342105263157895,-0.9692982456140351,-0.9605263157894737,-0.3684210526315789,-0.6228070175438597,-0.5482456140350878,-0.8114035087719298,-0.706140350877193,-0.8903508771929824,-0.8508771929824561,-0.9385964912280702
7,0.0,0.0,-0.2777777777777778,-0.009259259259259259,-0.5231481481481481,-0.06481481481481481,-0.7083333333333334,-0.046296296296296294,-0.8703703703703703,-0.004629629629629629,-0.5787037037037037,-0.5324074074074074,-0.7268518518518519,-0.7407407407407407,-0.8564814814814815,-0.8425925925925926,-0.9675925925925926,-0.9074074074074074,-0.5185185185185185,-0.5925925925925926,-0.6990740740740741,-0.8518518518518519,-0.8611111111111112,-0.9398148148148148,-1.0,-0.9675925925925926,-0.4398148148148148,-0.6157407407407407,-0.625,-0.8657407407407407,-0.7962962962962963,-0.9398148148148148,-0.9444444444444444,-0.9583333333333334,-0.35185185185185186,-0.6018518518518519,-0.5231481481481481,-0.7916666666666666,-0.6759259259259259,-0.8657407407407407,-0.8240740740740741,-0.9027777777777778
7,0.0,0.0,-0.2331288343558282,0.049079754601226995,-0.4723926380368098,-0.018404907975460124,-0.6687116564417178,0.012269938650306749,-0.852760736196319,0.03680981595092025,-0.49693251533742333,-0.558282208588957,-0.6380368098159509,-0.7791411042944786,-0.7791411042944786,-0.8895705521472392,-0.9141104294478528,-0.9447852760736196,-0.44171779141104295,-0.6073619631901841,-0.6073619631901841,-0.8834355828220859,-0.7975460122699386,-0.9815950920245399,-0.9693251533742331,-1.0,-0.3619631901840491,-0.6196319018404908,-0.5460122699386503,-0.8895705521472392,-0.7361963190184049,-0.9754601226993865,-0.9079754601226994,-0.9815950920245399,-0.2822085889570552,-0.5828220858895705,-0.4539877300613497,-0.7791411042944786,-0.6134969325153374,-0.8588957055214724,-0.7668711656441718,-0.8834355828220859
7,0.0,0.0,-0.29064039408866993,-0.009852216748768473,-0.5320197044334976,-0.06896551724137931,-0.7093596059113301,-0.06403940886699508,-0.8571428571428571,-0.019704433497536946,-0.5862068965517241,-0.5024630541871922,-0.7536945812807881,-0.6896551724137931,-0.8866995073891626,-0.7684729064039408,-1.0,-0.812807881773399,-0.5369458128078818,-0.5517241379310345,-0.7192118226600985,-0.7783251231527094,-0.8669950738916257,-0.8472906403940886,-0.9950738916256158,-0.8620689655172413,-0.4729064039408867,-0.5615763546798029,-0.6600985221674877,-0.7832512315270936,-0.8078817733990148,-0.8472906403940886,-0.9359605911330049,-0.8571428571428571,-0.4088669950738916,-0.541871921182266,-0.5665024630541872,-0.7093596059113301,-0.6945812807881774,-0.7733990147783252,-0.8226600985221675,-0.8078817733990148
7,0.0,0.0,-0.2994350282485876,-0.022598870056497175,-0.559322033898305,-0.0847457627118644,-0.7401129943502824,-0.0847457627118644,-0.8870056497175142,-0.05084745762711865,-0.5988700564971752,-0.5310734463276836,-0.768361581920904,-0.7005649717514124,-0.8926553672316384,-0.7796610169491526,-1.0,-0.8305084745762712,-0.5480225988700564,-0.576271186440678,-0.7344632768361582,-0.7853107344632768,-0.8700564971751412,-0.8587570621468926,-0.9830508474576272,-0.8813559322033898,-0.480225988700565,-0.5875706214689266,-0.6610169491525424,-0.8022598870056498,-0.7966101694915254,-0.8700564971751412,-0.9209039548022598,-0.8926553672316384,-0.4011299435028249,-0.576271186440678,-0.559322033898305,-0.7344632768361582,-0.6892655367231638,-0.8022598870056498,-0.8135593220338984,-0.8418079096045198
7,0.0,0.0,-0.30666666666666664,-0.013333333333333334,-0.5533333333333333,-0.06666666666666667,-0.7333333333333333,-0.06,-0.9,-0.02666666666666667,-0.5733333333333334,-0.5466666666666666,-0.7266666666666667,-0.74,-0.86,-0.8133333333333334,-0.9733333333333334,-0.8666666666666667,-0.5266666666666666,-0.5933333333333334,-0.7066666666666667,-0.8266666666666667,-0.86,-0.8933333333333333,-1.0,-0.9133333333333333,-0.4666666666666667,-0.6,-0.6466666666666666,-0.8333333333333334,-0.8133333333333334,-0.9,-0.9666666666666667,-0.92,-0.3933333333333333,-0.5866666666666667,-0.5666666666666667,-0.76,-0.7133333333333334,-0.8266666666666667,-0.8533333333333334,-0.8733333333333333
7,0.0,0.0,-0.3,-0.007692307692307693,-0.5538461538461539,-0.06923076923076923,-0.7461538461538462,-0.046153846153846156,-0.9153846153846154,-0.015384615384615385,-0.5692307692307692,-0.5461538461538461,-0.7230769230769231,-0.7538461538461538,-0.8615384615384616,-0.8307692307692308,-0.9846153846153847,-0.8692307692307693,-0.5153846153846153,-0.5923076923076923,-0.6846153846153846,-0.8615384615384616,-0.8538461538461538,-0.9230769230769231,-1.0,-0.9230769230769231,-0.4461538461538462,-0.6,-0.6307692307692307,-0.8538461538461538,-0.8153846153846154,-0.9076923076923077,-0.9615384615384616,-0.9,-0.3769230769230769,-0.5769230769230769,-0.5461538461538461,-0.7538461538461538,-0.7,-0.8153846153846154,-0.8307692307692308,-0.8461538461538461
7,0.0,0.0,-0.20754716981132076,0.07547169811320754,-0.46226415094339623,0.02830188679245283,-0.6509433962264151,0.05660377358490566,-0.8113207547169812,0.0660377358490566,-0.4528301886792453,-0.4811320754716981,-0.5566037735849056,-0.6981132075471698,-0.6698113207547169,-0.8301886792452831,-0.7735849056603774,-0.9339622641509434,-0.39622641509433965,-0.5377358490566038,-0.5188679245283019,-0.7830188679245284,-0.6509433962264151,-0.9150943396226415,-0.7830188679245284,-1.0,-0.3113207547169811,-0.5754716981132075,-0.46226415094339623,-0.7924528301886793,-0.6037735849056604,-0.8867924528301887,-0.7358490566037735,-0.9433962264150944,-0.2169811320754717,-0.5660377358490566,-0.3584905660377358,-0.7547169811320755,-0.4811320754716981,-0.8301886792452831,-0.5943396226415094,-0.8679245283018868
7,0.0,0.0,-0.2892561983471074,-0.008264462809917356,-0.5454545454545454,-0.0743801652892562,-0.7355371900826446,-0.05785123966942149,-0.9090909090909091,-0.024793388429752067,-0.5785123966942148,-0.5702479338842975,-0.7272727272727273,-0.7851239669421488,-0.859504132231405,-0.8677685950413223,-0.9834710743801653,-0.9173553719008265,-0.5206611570247934,-0.6198347107438017,-0.6942148760330579,-0.8842975206611571,-0.8512396694214877,-0.9586776859504132,-1.0,-0.9669421487603306,-0.4462809917355372,-0.628099173553719,-0.628099173553719,-0.8925619834710744,-0.7933884297520661,-0.9504132231404959,-0.9421487603305785,-0.9586776859504132,-0.371900826446281,-0.6115702479338843,-0.5371900826446281,-0.7933884297520661,-0.6776859504132231,-0.8677685950413223,-0.8181818181818182,-0.9008264462809917
7,0.0,0.0,-0.2905982905982906,0.0,-0.5384615384615384,-0.05982905982905983,-0.7350427350427351,-0.042735042735042736,-0.905982905982906,-0.008547008547008548,-0.5641025641025641,-0.5470085470085471,-0.7094017094017094,-0.7777777777777778,-0.8461538461538461,-0.8632478632478633,-0.9658119658119658,-0.905982905982906,-0.5042735042735043,-0.5897435897435898,-0.6752136752136753,-0.8717948717948718,-0.8461538461538461,-0.9401709401709402,-1.0,-0.9401709401709402,-0.4358974358974359,-0.5982905982905983,-0.6068376068376068,-0.8717948717948718,-0.8034188034188035,-0.9230769230769231,-0.9572649572649573,-0.9145299145299145,-0.358974358974359,-0.5641025641025641,-0.5213675213675214,-0.7521367521367521,-0.6752136752136753,-0.811965811965812,-0.811965811965812,-0.8376068376068376
7,0.0,0.0,-0.27522935779816515,0.009174311926605505,-0.5321100917431193,-0.045871559633027525,-0.7339449541284404,-0.027522935779816515,-0.8990825688073395,0.01834862385321101,-0.5779816513761468,-0.5412844036697247,-0.7247706422018348,-0.7706422018348624,-0.8623853211009175,-0.8532110091743119,-0.9908256880733946,-0.8990825688073395,-0.5229357798165137,-0.5963302752293578,-0.6788990825688074,-0.8623853211009175,-0.8532110091743119,-0.926605504587156,-1.0,-0.926605504587156,-0.44954128440366975,-0.6055045871559633,-0.6146788990825688,-0.8715596330275229,-0.7981651376146789,-0.926605504587156,-0.9541284403669725,-0.926605504587156,-0.3669724770642202,-0.5779816513761468,-0.5321100917431193,-0.7614678899082569,-0.6697247706422018,-0.8256880733944955,-0.8073394495412844,-0.8532110091743119
7,0.0,0.0,-0.26666666666666666,0.009523809523809525,-0.5333333333333333,-0.05714285714285714,-0.7333333333333333,-0.0380952380952381,-0.8952380952380953,0.0,-0.5619047619047619,-0.5428571428571428,-0.7142857142857143,-0.780952380952381,-0.8571428571428571,-0.8666666666666667,-0.9904761904761905,-0.9047619047619048,-0.5047619047619047,-0.5714285714285714,-0.6761904761904762,-0.8571428571428571,-0.8476190476190476,-0.9333333333333333,-1.0,-0.9238095238095239,-0.42857142857142855,-0.580952380952381,-0.6095238095238096,-0.8476190476190476,-0.8,-0.9142857142857143,-0.9619047619047619,-0.9142857142857143,-0.3523809523809524,-0.5523809523809524,-0.5142857142857142,-0.7333333333333333,-0.6571428571428571,-0.8095238095238095,-0.7904761904761904,-0.8476190476190476
7,0.0,0.0,-0.2073170731707317,0.0975609756097561,-0.4634146341463415,0.04878048780487805,-0.6829268292682927,0.07317073170731707,-0.8780487804878049,0.0975609756097561,-0.45121951219512196,-0.45121951219512196,-0.5609756097560976,-0.6829268292682927,-0.6829268292682927,-0.8292682926829268,-0.8048780487804879,-0.9390243902439024,-0.3902439024390244,-0.524390243902439,-0.524390243902439,-0.7682926829268293,-0.6707317073170732,-0.9024390243902439,-0.8292682926829268,-1.0,-0.3170731707317073,-0.5609756097560976,-0.4634146341463415,-0.7926829268292683,-0.6219512195121951,-0.9146341463414634,-0.7682926829268293,-0.975609756097561,-0.21951219512195122,-0.5609756097560976,-0.35365853658536583,-0.7560975609756098,-0.4878048780487805,-0.8536585365853658,-0.6219512195121951,-0.8902439024390244
7,0.0,0.0,-0.3157894736842105,-0.010526315789473684,-0.5894736842105263,-0.07368421052631578,-0.8105263157894737,-0.06315789473684211,-0.9894736842105263,-0.021052631578947368,-0.6210526315789474,-0.5578947368421052,-0.7578947368421053,-0.8,-0.8842105263157894,-0.8947368421052632,-1.0,-0.9368421052631579,-0.5473684210526316,-0.6,-0.7157894736842105,-0.8736842105263158,-0.8631578947368421,-0.9578947368421052,-1.0,-0.968421052631579,-0.47368421052631576,-0.6105263157894737,-0.6421052631578947,-0.8736842105263158,-0.8105263157894737,-0.9473684210526315,-0.9473684210526315,-0.968421052631579,-0.37894736842105264,-0.5894736842105263,-0.5473684210526316,-0.7789473684210526,-0.6842105263157895,-0.8631578947368421,-0.8105263157894737,-0.9157894736842105
7,0.0,0.0,-0.25609756097560976,0.04878048780487805,-0.524390243902439,0.0,-0.7439024390243902,0.036585365853658534,-0.9390243902439024,0.07317073170731707,-0.524390243902439,-0.5365853658536586,-0.6463414634146342,-0.7317073170731707,-0.7560975609756098,-0.8536585365853658,-0.8780487804878049,-0.9390243902439024,-0.4634146341463415,-0.5853658536585366,-0.5975609756097561,-0.8048780487804879,-0.7439024390243902,-0.926829268292683,-0.8658536585365854,-0.9878048780487805,-0.3780487804878049,-0.6219512195121951,-0.5365853658536586,-0.8414634146341463,-0.6829268292682927,-0.9390243902439024,-0.8292682926829268,-1.0,-0.2926829268292683,-0.6219512195121951,-0.4634146341463415,-0.8170731707317073,-0.5975609756097561,-0.8902439024390244,-0.7439024390243902,-0.9146341463414634
7,0.0,0.0,-0.2857142857142857,0.01020408163265306,-0.5306122448979592,-0.05102040816326531,-0.7244897959183674,-0.030612244897959183,-0.8877551020408163,0.01020408163265306,-0.5714285714285714,-0.5510204081632653,-0.7244897959183674,-0.7551020408163265,-0.8571428571428571,-0.8571428571428571,-0.9897959183673469,-0.9081632653061225,-0.5204081632653061,-0.5918367346938775,-0.6938775510204082,-0.826530612244898,-0.8571428571428571,-0.9183673469387755,-1.0,-0.9591836734693877,-0.4387755102040816,-0.6020408163265306,-0.6224489795918368,-0.8367346938775511,-0.7959183673469388,-0.9183673469387755,-0.9489795918367347,-0.9489795918367347,-0.3673469387755102,-0.5816326530612245,-0.5204081632653061,-0.7448979591836735,-0.6632653061224489,-0.8163265306122449,-0.7857142857142857,-0.8571428571428571
7,0.0,0.0,-0.2872340425531915,0.02127659574468085,-0.5319148936170213,-0.031914893617021274,-0.723404255319149,0.0,-0.9042553191489362,0.0425531914893617,-0.574468085106383,-0.5425531914893617,-0.7127659574468085,-0.7553191489361702,-0.851063829787234,-0.8404255319148937,-0.9680851063829787,-0.8936170212765957,-0.5106382978723404,-0.5851063829787234,-0.6808510638297872,-0.8404255319148937,-0.851063829787234,-0.925531914893617,-1.0,-0.9574468085106383,-0.44680851063829785,-0.6063829787234043,-0.6170212765957447,-0.851063829787234,-0.7978723404255319,-0.925531914893617,-0.9574468085106383,-0.9361702127659575,-0.3617021276595745,-0.5851063829787234,-0.5212765957446809,-0.7659574468085106,-0.6595744680851063,-0.8297872340425532,-0.7978723404255319,-0.8723404255319149
7,0.0,0.0,-0.26666666666666666,0.03333333333333333,-0.5111111111111111,-0.011111111111111112,-0.7111111111111111,0.022222222222222223,-0.8888888888888888,0.06666666666666667,-0.5444444444444444,-0.5333333333333333,-0.6777777777777778,-0.7555555555555555,-0.8111111111111111,-0.8555555555555555,-0.9333333333333333,-0.9111111111111111,-0.4888888888888889,-0.5888888888888889,-0.6555555555555556,-0.8666666666666667,-0.8333333333333334,-0.9444444444444444,-1.0,-0.9555555555555556,-0.4222222222222222,-0.6111111111111112,-0.6,-0.8888888888888888,-0.7888888888888889,-0.9555555555555556,-0.9555555555555556,-0.9555555555555556,-0.34444444444444444,-0.5888888888888889,-0.5111111111111111,-0.7777777777777778,-0.6666666666666666,-0.8444444444444444,-0.8111111111111111,-0.8666666666666667
7,0.0,0.0,-0.19480519480519481,0.1038961038961039,-0.4675324675324675,0.06493506493506493,-0.6883116883116883,0.07792207792207792,-0.8831168831168831,0.1038961038961039,-0.44155844155844154,-0.42857142857142855,-0.5584415584415584,-0.6623376623376623,-0.7012987012987013,-0.8181818181818182,-0.8311688311688312,-0.922077922077922,-0.38961038961038963,-0.5194805194805194,-0.5324675324675324,-0.7662337662337663,-0.7142857142857143,-0.8961038961038961,-0.8831168831168831,-1.0,-0.3116883116883117,-0.5844155844155844,-0.4805194805194805,-0.8181818181818182,-0.6623376623376623,-0.922077922077922,-0.8181818181818182,-1.0,-0.22077922077922077,-0.6103896103896104,-0.36363636363636365,-0.7922077922077922,-0.4935064935064935,-0.8961038961038961,-0.6363636363636364,-0.948051948051948
7,0.0,0.0,-0.25274725274725274,0.02197802197802198,-0.5054945054945055,-0.03296703296703297,-0.7032967032967034,0.01098901098901099,-0.8791208791208791,0.06593406593406594,-0.5494505494505495,-0.5494505494505495,-0.6813186813186813,-0.7692307692307693,-0.8131868131868132,-0.8681318681318682,-0.945054945054945,-0.9120879120879121,-0.4835164835164835,-0.5934065934065934,-0.6483516483516484,-0.8681318681318682,-0.8351648351648352,-0.945054945054945,-1.0,-0.9560439560439561,-0.4065934065934066,-0.6153846153846154,-0.5824175824175825,-0.8901098901098901,-0.7802197802197802,-0.9560439560439561,-0.9560439560439561,-0.945054945054945,-0.31868131868131866,-0.5934065934065934,-0.4835164835164835,-0.7912087912087912,-0.6483516483516484,-0.8571428571428571,-0.7912087912087912,-0.8681318681318682
7,0.0,0.0,-0.25,0.03260869565217391,-0.5108695652173914,-0.021739130434782608,-0.7282608695652174,0.0,-0.9130434782608695,0.043478260869565216,-0.5543478260869565,-0.5652173913043478,-0.7065217391304348,-0.7934782608695652,-0.8478260869565217,-0.8913043478260869,-0.9782608695652174,-0.9456521739130435,-0.5,-0.6086956521739131,-0.6521739130434783,-0.8804347826086957,-0.8369565217391305,-0.967391304347826,-1.0,-0.9782608695652174,-0.41304347826086957,-0.6086956521739131,-0.5869565217391305,-0.8913043478260869,-0.7717391304347826,-0.967391304347826,-0.9456521739130435,-0.9782608695652174,-0.31521739130434784,-0.5869565217391305,-0.4782608695652174,-0.7934782608695652,-0.6304347826086957,-0.8695652173913043,-0.7717391304347826,-0.8913043478260869
0,0.0,0.0,-0.2206896551724138,-0.1793103448275862,-0.31724137931034485,-0.4482758620689655,-0.16551724137931034,-0.6,0.020689655172413793,-0.6137931034482759,-0.2206896551724138,-0.6689655172413793,-0.2896551724137931,-0.9310344827586207,-0.3103448275862069,-0.7862068965517242,-0.2689655172413793,-0.6551724137931034,-0.05517241379310345,-0.6896551724137931,-0.07586206896551724,-1.0,-0.12413793103448276,-0.8,-0.0896551724137931,-0.6551724137931034,0.1103448275862069,-0.6551724137931034,0.1103448275862069,-0.9379310344827586,0.027586206896551724,-0.7448275862068966,0.04827586206896552,-0.6068965517241379,0.2827586206896552,-0.5793103448275863,0.2620689655172414,-0.7862068965517242,0.16551724137931034,-0.6758620689655173,0.15172413793103448,-0.5586206896551724
0,0.0,0.0,-0.2222222222222222,-0.17647058823529413,-0.3137254901960784,-0.43790849673202614,-0.1895424836601307,-0.6013071895424836,-0.032679738562091505,-0.673202614379085,-0.19607843137254902,-0.6797385620915033,-0.2679738562091503,-0.934640522875817,-0.3137254901960784,-0.7843137254901961,-0.2679738562091503,-0.6601307189542484,-0.0392156862745098,-0.6993464052287581,-0.058823529411764705,-1.0,-0.12418300653594772,-0.803921568627451,-0.09803921568627451,-0.673202614379085,0.11764705882352941,-0.6601307189542484,0.1111111111111111,-0.934640522875817,0.026143790849673203,-0.7450980392156863,0.032679738562091505,-0.6143790849673203,0.27450980392156865,-0.5751633986928104,0.2549019607843137,-0.7843137254901961,0.1503267973856209,-0.673202614379085,0.13725490196078433,-0.5620915032679739
0,0.0,0.0,-0.23417721518987342,-0.189873417721519,-0.3037974683544304,-0.43670886075949367,-0.13924050632911392,-0.5886075949367089,0.03164556962025317,-0.6518987341772152,-0.1962025316455696,-0.6772151898734177,-0.25949367088607594,-0.9240506329113924,-0.27848101265822783,-0.7468354430379747,-0.23417721518987342,-0.6075949367088608,-0.0189873417721519,-0.6962025316455697,-0.04430379746835443,-1.0,-0.10126582278481013,-0.7721518987341772,-0.06962025316455696,-0.6392405063291139,0.14556962025316456,-0.6582278481012658,0.13924050632911392,-0.930379746835443,0.056962025316455694,-0.7151898734177216,0.06962025316455696,-0.5822784810126582,0.310126582278481,-0.5759493670886076,0.2848101265822785,-0.7721518987341772,0.189873417721519,-0.6518987341772152,0.17721518987341772,-0.5443037974683544
0,0.0,0.0,-0.2411764705882353,-0.18823529411764706,-0.3352941176470588,-0.4588235294117647,-0.17058823529411765,-0.6176470588235294,0.011764705882352941,-0.6647058823529411,-0.21764705882352942,-0.6882352941176471,-0.28823529411764703,-0.9352941176470588,-0.31176470588235294,-0.7647058823529411,-0.27058823529411763,-0.6294117647058823,-0.047058823529411764,-0.7,-0.07058823529411765,-1.0,-0.12941176470588237,-0.7647058823529411,-0.08823529411764706,-0.6352941176470588,0.11176470588235295,-0.6647058823529411,0.11176470588235295,-0.9352941176470588,0.023529411764705882,-0.7235294117647059,0.052941176470588235,-0.5941176470588235,0.2823529411764706,-0.5823529411764706,0.24705882352941178,-0.7941176470588235,0.15294117647058825,-0.6647058823529411,0.15294117647058825,-0.5588235294117647
0,0.0,0.0,-0.21978021978021978,-0.17032967032967034,-0.32967032967032966,-0.4230769230769231,-0.19230769230769232,-0.5769230769230769,-0.005494505494505495,-0.6318681318681318,-0.2032967032967033,-0.6868131868131868,-0.27472527472527475,-0.9340659340659341,-0.3021978021978022,-0.7582417582417582,-0.25274725274725274,-0.6373626373626373,-0.03296703296703297,-0.7087912087912088,-0.06043956043956044,-1.0,-0.12087912087912088,-0.7802197802197802,-0.07692307692307693,-0.6648351648351648,0.12637362637362637,-0.6648351648351648,0.12637362637362637,-0.9340659340659341,0.038461538461538464,-0.7252747252747253,0.06043956043956044,-0.6098901098901099,0.2967032967032967,-0.5824175824175825,0.26373626373626374,-0.7747252747252747,0.17032967032967034,-0.6538461538461539,0.17032967032967034,-0.554945054945055
0,0.0,0.0,-0.2087378640776699,-0.16019417475728157,-0.3106796116504854,-0.42718446601941745,-0.18446601941747573,-0.587378640776699,0.0,-0.616504854368932,-0.18446601941747573,-0.6893203883495146,-0.2621359223300971,-0.9368932038834952,-0.28640776699029125,-0.7718446601941747,-0.23786407766990292,-0.6504854368932039,-0.019417475728155338,-0.7038834951456311,-0.05339805825242718,-1.0,-0.10679611650485436,-0.7864077669902912,-0.06796116504854369,-0.6699029126213593,0.15048543689320387,-0.6650485436893204,0.13592233009708737,-0.9368932038834952,0.04854368932038835,-0.7378640776699029,0.07281553398058252,-0.6310679611650486,0.3155339805825243,-0.5679611650485437,0.2766990291262136,-0.7718446601941747,0.17475728155339806,-0.6504854368932039,0.1796116504854369,-0.5485436893203883
0,0.0,0.0,-0.22935779816513763,-0.1559633027522936,-0.3440366972477064,-0.42201834862385323,-0.21100917431192662,-0.5871559633027523,-0.03669724770642202,-0.6559633027522935,-0.21100917431192662,-0.6880733944954128,-0.2706422018348624,-0.9403669724770642,-0.3073394495412844,-0.7614678899082569,-0.26146788990825687,-0.6284403669724771,-0.03211009174311927,-0.7064220183486238,-0.05504587155963303,-1.0,-0.12844036697247707,-0.7660550458715596,-0.0871559633027523,-0.6376146788990825,0.13761467889908258,-0.6651376146788991,0.12844036697247707,-0.9403669724770642,0.027522935779816515,-0.7155963302752294,0.05045871559633028,-0.591743119266055,0.30275229357798167,-0.5825688073394495,0.27522935779816515,-0.7935779816513762,0.16972477064220184,-0.6605504587155964,0.1651376146788991,-0.555045871559633
0,0.0,0.0,-0.22807017543859648,-0.15789473684210525,-0.34210526315789475,-0.42105263157894735,-0.20175438596491227,-0.5745614035087719,-0.017543859649122806,-0.6228070175438597,-0.20614035087719298,-0.6973684210526315,-0.2631578947368421,-0.9473684210526315,-0.30701754385964913,-0.7763157894736842,-0.2675438596491228,-0.6359649122807017,-0.03070175438596491,-0.706140350877193,-0.05263157894736842,-1.0,-0.12719298245614036,-0.7631578947368421,-0.08333333333333333,-0.6359649122807017,0.14035087719298245,-0.6578947368421053,0.12719298245614036,-0.9298245614035088,0.03070175438596491,-0.7105263157894737,0.05263157894736842,-0.5921052631578947,0.3026315789473684,-0.5657894736842105,0.2675438596491228,-0.7763157894736842,0.16228070175438597,-0.6491228070175439,0.16228070175438597,-0.5526315789473685
0,0.0,0.0,-0.23605150214592274,-0.17167381974248927,-0.351931330472103,-0.4291845493562232,-0.22317596566523606,-0.5965665236051502,-0.02575107296137339,-0.6437768240343348,-0.2145922746781116,-0.6952789699570815,-0.27896995708154504,-0.9570815450643777,-0.30472103004291845,-0.7854077253218884,-0.26180257510729615,-0.6437768240343348,-0.04721030042918455,-0.6995708154506438,-0.06866952789699571,-1.0,-0.12446351931330472,-0.7811158798283262,-0.0944206008583691,-0.6609442060085837,0.12017167381974249,-0.6609442060085837,0.12017167381974249,-0.944206008583691,0.034334763948497854,-0.7381974248927039,0.04721030042918455,-0.6094420600858369,0.2832618025751073,-0.5708154506437768,0.26180257510729615,-0.7811158798283262,0.1630901287553648,-0.6609442060085837,0.15021459227467812,-0.5536480686695279
0,0.0,0.0,-0.24561403508771928,-0.20175438596491227,-0.34649122807017546,-0.4517543859649123,-0.18859649122807018,-0.5921052631578947,0.013157894736842105,-0.6096491228070176,-0.2324561403508772,-0.706140350877193,-0.29385964912280704,-0.956140350877193,-0.3157894736842105,-0.7850877192982456,-0.27631578947368424,-0.6447368421052632,-0.06578947368421052,-0.7149122807017544,-0.09210526315789473,-1.0,-0.14035087719298245,-0.7763157894736842,-0.10964912280701754,-0.6578947368421053,0.10087719298245613,-0.6754385964912281,0.10087719298245613,-0.9429824561403509,0.021929824561403508,-0.7412280701754386,0.03508771929824561,-0.618421052631579,0.25877192982456143,-0.5877192982456141,0.22807017543859648,-0.7850877192982456,0.14035087719298245,-0.6710526315789473,0.13596491228070176,-0.5657894736842105
0,0.0,0.0,-0.24154589371980675,-0.21739130434782608,-0.3188405797101449,-0.43478260869565216,-0.17391304347826086,-0.5748792270531401,0.014492753623188406,-0.6038647342995169,-0.22705314009661837,-0.6956521739130435,-0.2946859903381642,-0.9516908212560387,-0.30917874396135264,-0.7777777777777778,-0.2608695652173913,-0.6376811594202898,-0.06280193236714976,-0.7053140096618358,-0.08695652173913043,-1.0,-0.12560386473429952,-0.7632850241545893,-0.08695652173913043,-0.6328502415458938,0.10628019323671498,-0.6666666666666666,0.10144927536231885,-0.9420289855072463,0.028985507246376812,-0.7342995169082126,0.04830917874396135,-0.6038647342995169,0.26570048309178745,-0.5700483091787439,0.23671497584541062,-0.7777777777777778,0.14492753623188406,-0.6618357487922706,0.14492753623188406,-0.5603864734299517
0,0.0,0.0,-0.21666666666666667,-0.2222222222222222,-0.3,-0.4222222222222222,-0.16666666666666666,-0.5611111111111111,0.03333333333333333,-0.6222222222222222,-0.19444444444444445,-0.7,-0.2222222222222222,-0.9611111111111111,-0.26666666666666666,-0.85,-0.24444444444444444,-0.7111111111111111,-0.03333333333333333,-0.7055555555555556,-0.03333333333333333,-1.0,-0.08888888888888889,-0.8111111111111111,-0.07222222222222222,-0.6722222222222223,0.12222222222222222,-0.6555555555555556,0.13333333333333333,-0.9222222222222223,0.06111111111111111,-0.7555555555555555,0.06666666666666667,-0.6222222222222222,0.2722222222222222,-0.5666666666666667,0.25555555555555554,-0.7611111111111111,0.17222222222222222,-0.6777777777777778,0.15555555555555556,-0.5777777777777777
0,0.0,0.0,-0.22839506172839505,-0.2222222222222222,-0.30246913580246915,-0.4506172839506173,-0.16049382716049382,-0.5864197530864198,0.043209876543209874,-0.5925925925925926,-0.20987654320987653,-0.7037037037037037,-0.24074074074074073,-0.9691358024691358,-0.2777777777777778,-0.8148148148148148,-0.25308641975308643,-0.6666666666666666,-0.043209876543209874,-0.7037037037037037,-0.037037037037037035,-1.0,-0.08641975308641975,-0.7839506172839507,-0.06790123456790123,-0.6481481481481481,0.11728395061728394,-0.654320987654321,0.13580246913580246,-0.9320987654320988,0.06790123456790123,-0.7407407407407407,0.06790123456790123,-0.6111111111111112,0.2654320987654321,-0.5679012345679012,0.24691358024691357,-0.7530864197530864,0.16666666666666666,-0.654320987654321,0.15432098765432098,-0.5617283950617284
0,0.0,0.0,-0.22448979591836735,-0.21768707482993196,-0.29931972789115646,-0.43537414965986393,-0.17006802721088435,-0.5782312925170068,0.034013605442176874,-0.6190476190476191,-0.2108843537414966,-0.6802721088435374,-0.25170068027210885,-0.9659863945578231,-0.272108843537415,-0.8095238095238095,-0.24489795918367346,-0.673469387755102,-0.047619047619047616,-0.6938775510204082,-0.05442176870748299,-1.0,-0.08843537414965986,-0.7891156462585034,-0.07482993197278912,-0.6666666666666666,0.11564625850340136,-0.6462585034013606,0.1292517006802721,-0.9319727891156463,0.061224489795918366,-0.7414965986394558,0.061224489795918366,-0.6122448979591837,0.2653061224489796,-0.5578231292517006,0.25170068027210885,-0.7619047619047619,0.17006802721088435,-0.6666666666666666,0.14965986394557823,-0.5714285714285714
0,0.0,0.0,-0.22388059701492538,-0.20149253731343283,-0.31343283582089554,-0.417910447761194,-0.1865671641791045,-0.5671641791044776,-0.007462686567164179,-0.6343283582089553,-0.23134328358208955,-0.6865671641791045,-0.26865671641791045,-0.9626865671641791,-0.291044776119403,-0.7910447761194029,-0.26119402985074625,-0.664179104477612,-0.05970149253731343,-0.6940298507462687,-0.06716417910447761,-1.0,-0.11194029850746269,-0.7611940298507462,-0.08208955223880597,-0.6417910447761194,0.09701492537313433,-0.6492537313432836,0.1044776119402985,-0.917910447761194,0.03731343283582089,-0.7089552238805971,0.04477611940298507,-0.5895522388059702,0.26119402985074625,-0.5597014925373134,0.23880597014925373,-0.7611940298507462,0.15671641791044777,-0.6492537313432836,0.1417910447761194,-0.5597014925373134
0,0.0,0.0,-0.22950819672131148,-0.20491803278688525,-0.3360655737704918,-0.4016393442622951,-0.22131147540983606,-0.5737704918032787,-0.01639344262295082,-0.6229508196721312,-0.23770491803278687,-0.680327868852459,-0.30327868852459017,-0.9426229508196722,-0.32786885245901637,-0.7786885245901639,-0.28688524590163933,-0.6557377049180327,-0.07377049180327869,-0.6967213114754098,-0.11475409836065574,-1.0,-0.13934426229508196,-0.7540983606557377,-0.11475409836065574,-0.6639344262295082,0.09016393442622951,-0.6557377049180327,0.09016393442622951,-0.9262295081967213,0.01639344262295082,-0.7131147540983607,0.02459016393442623,-0.5819672131147541,0.2459016393442623,-0.5491803278688525,0.22950819672131148,-0.7622950819672131,0.13934426229508196,-0.6475409836065574,0.12295081967213115,-0.5491803278688525
0,0.0,0.0,-0.2413793103448276,-0.20689655172413793,-0.33620689655172414,-0.4224137931034483,-0.20689655172413793,-0.5689655172413793,-0.017241379310344827,-0.6293103448275862,-0.25,-0.6982758620689655,-0.29310344827586204,-0.9568965517241379,-0.31896551724137934,-0.7931034482758621,-0.28448275862068967,-0.6551724137931034,-0.06896551724137931,-0.7155172413793104,-0.08620689655172414,-1.0,-0.1206896551724138,-0.7586206896551724,-0.08620689655172414,-0.6293103448275862,0.09482758620689655,-0.6724137931034483,0.09482758620689655,-0.9224137931034483,0.034482758620689655,-0.7068965517241379,0.04310344827586207,-0.5862068965517241,0.25862068965517243,-0.5775862068965517,0.23275862068965517,-0.7672413793103449,0.15517241379310345,-0.6551724137931034,0.14655172413793102,-0.5603448275862069
0,0.0,0.0,-0.22522522522522523,-0.1891891891891892,-0.32432432432432434,-0.3783783783783784,-0.2072072072072072,-0.5225225225225225,-0.018018018018018018,-0.5945945945945946,-0.23423423423423423,-0.6846846846846847,-0.2882882882882883,-0.9369369369369369,-0.3153153153153153,-0.7927927927927928,-0.2882882882882883,-0.6666666666666666,-0.06306306306306306,-0.7027027027027027,-0.08108108108108109,-1.0,-0.12612612612612611,-0.7747747747747747,-0.0990990990990991,-0.6576576576576577,0.0990990990990991,-0.6666666666666666,0.09009009009009009,-0.918918918918919,0.02702702702702703,-0.7027027027027027,0.036036036036036036,-0.5855855855855856,0.2702702702702703,-0.5675675675675675,0.23423423423423423,-0.7567567567567568,0.15315315315315314,-0.6396396396396397,0.15315315315315314,-0.5495495495495496
0,0.0,0.0,-0.23148148148148148,-0.19444444444444445,-0.3055555555555556,-0.4537037037037037,-0.1574074074074074,-0.5925925925925926,0.009259259259259259,-0.6296296296296297,-0.23148148148148148,-0.6944444444444444,-0.2777777777777778,-0.9351851851851852,-0.28703703703703703,-0.7870370370370371,-0.25,-0.6388888888888888,-0.06481481481481481,-0.7037037037037037,-0.06481481481481481,-1.0,-0.10185185185185185,-0.7962962962962963,-0.09259259259259259,-0.6481481481481481,0.10185185185185185,-0.6666666666666666,0.1111111111111111,-0.9166666666666666,0.046296296296296294,-0.7129629629629629,0.037037037037037035,-0.5833333333333334,0.26851851851851855,-0.5833333333333334,0.25,-0.7592592592592593,0.16666666666666666,-0.6481481481481481,0.1388888888888889,-0.5462962962962963
0,0.0,0.0,-0.24509803921568626,-0.18627450980392157,-0.3333333333333333,-0.4411764705882353,-0.18627450980392157,-0.5784313725490197,0.00980392156862745,-0.5882352941176471,-0.2647058823529412,-0.696078431372549,-0.30392156862745096,-0.9509803921568627,-0.30392156862745096,-0.7843137254901961,-0.27450980392156865,-0.6274509803921569,-0.08823529411764706,-0.7156862745098039,-0.09803921568627451,-1.0,-0.11764705882352941,-0.7745098039215687,-0.09803921568627451,-0.6274509803921569,0.08823529411764706,-0.6764705882352942,0.08823529411764706,-0.9215686274509803,0.0392156862745098,-0.7156862745098039,0.0392156862745098,-0.5784313725490197,0.2549019607843137,-0.5980392156862745,0.23529411764705882,-0.7745098039215687,0.16666666666666666,-0.6568627450980392,0.14705882352941177,-0.5490196078431373
0,0.0,0.0,-0.23711340206185566,-0.20618556701030927,-0.30927835051546393,-0.44329896907216493,-0.13402061855670103,-0.5670103092783505,0.041237113402061855,-0.6185567010309279,-0.24742268041237114,-0.6804123711340206,-0.29896907216494845,-0.9278350515463918,-0.31958762886597936,-0.7525773195876289,-0.27835051546391754,-0.6082474226804123,-0.07216494845360824,-0.7010309278350515,-0.09278350515463918,-1.0,-0.13402061855670103,-0.7731958762886598,-0.1134020618556701,-0.6288659793814433,0.09278350515463918,-0.6597938144329897,0.08247422680412371,-0.9278350515463918,0.010309278350515464,-0.7216494845360825,0.030927835051546393,-0.5773195876288659,0.25773195876288657,-0.5876288659793815,0.2268041237113402,-0.7628865979381443,0.13402061855670103,-0.6494845360824743,0.13402061855670103,-0.5463917525773195
0,0.0,0.0,-0.2553191489361702,-0.19148936170212766,-0.35106382978723405,-0.425531914893617,-0.2127659574468085,-0.574468085106383,-0.031914893617021274,-0.5957446808510638,-0.2872340425531915,-0.6914893617021277,-0.3404255319148936,-0.9361702127659575,-0.35106382978723405,-0.7553191489361702,-0.30851063829787234,-0.6170212765957447,-0.11702127659574468,-0.7127659574468085,-0.13829787234042554,-1.0,-0.1702127659574468,-0.7872340425531915,-0.13829787234042554,-0.6595744680851063,0.05319148936170213,-0.6808510638297872,0.0425531914893617,-0.9361702127659575,0.0,-0.7446808510638298,0.010638297872340425,-0.6170212765957447,0.22340425531914893,-0.5957446808510638,0.20212765957446807,-0.7872340425531915,0.1276595744680851,-0.6808510638297872,0.1276595744680851,-0.5851063829787234
0,0.0,0.0,-0.24444444444444444,-0.18888888888888888,-0.3333333333333333,-0.43333333333333335,-0.18888888888888888,-0.5666666666666667,-0.011111111111111112,-0.5777777777777777,-0.26666666666666666,-0.6666666666666666,-0.3333333333333333,-0.9222222222222223,-0.35555555555555557,-0.7555555555555555,-0.3111111111111111,-0.6222222222222222,-0.1,-0.7,-0.12222222222222222,-1.0,-0.16666666666666666,-0.7888888888888889,-0.13333333333333333,-0.6444444444444445,0.06666666666666667,-0.6666666666666666,0.05555555555555555,-0.9333333333333333,-0.011111111111111112,-0.7333333333333333,0.022222222222222223,-0.6111111111111112,0.24444444444444444,-0.5888888888888889,0.2,-0.7666666666666667,0.12222222222222222,-0.6555555555555556,0.12222222222222222,-0.5666666666666667
0,0.0,0.0,-0.2619047619047619,-0.19047619047619047,-0.35714285714285715,-0.4523809523809524,-0.20238095238095238,-0.6071428571428571,-0.03571428571428571,-0.6428571428571429,-0.27380952380952384,-0.6785714285714286,-0.3333333333333333,-0.9285714285714286,-0.34523809523809523,-0.75,-0.30952380952380953,-0.6071428571428571,-0.10714285714285714,-0.7023809523809523,-0.13095238095238096,-1.0,-0.15476190476190477,-0.7738095238095238,-0.13095238095238096,-0.6309523809523809,0.07142857142857142,-0.6785714285714286,0.03571428571428571,-0.9404761904761905,-0.011904761904761904,-0.7261904761904762,0.011904761904761904,-0.5952380952380952,0.23809523809523808,-0.6071428571428571,0.19047619047619047,-0.7857142857142857,0.11904761904761904,-0.6666666666666666,0.14285714285714285,-0.5714285714285714
0,0.0,0.0,-0.24691358024691357,-0.18518518518518517,-0.345679012345679,-0.4444444444444444,-0.19753086419753085,-0.6172839506172839,0.0,-0.6172839506172839,-0.2716049382716049,-0.6790123456790124,-0.3333333333333333,-0.9382716049382716,-0.35802469135802467,-0.7530864197530864,-0.30864197530864196,-0.6172839506172839,-0.1111111111111111,-0.691358024691358,-0.13580246913580246,-1.0,-0.18518518518518517,-0.7777777777777778,-0.13580246913580246,-0.6296296296296297,0.06172839506172839,-0.6666666666666666,0.04938271604938271,-0.9629629629629629,-0.024691358024691357,-0.7530864197530864,0.0,-0.6049382716049383,0.2345679012345679,-0.5925925925925926,0.19753086419753085,-0.8024691358024691,0.09876543209876543,-0.6790123456790124,0.09876543209876543,-0.5679012345679012
0,0.0,0.0,-0.2564102564102564,-0.1794871794871795,-0.358974358974359,-0.4358974358974359,-0.20512820512820512,-0.5897435897435898,0.0,-0.6153846153846154,-0.2948717948717949,-0.6666666666666666,-0.358974358974359,-0.9102564102564102,-0.3717948717948718,-0.717948717948718,-0.32051282051282054,-0.5897435897435898,-0.11538461538461539,-0.6923076923076923,-0.15384615384615385,-1.0,-0.19230769230769232,-0.7564102564102564,-0.14102564102564102,-0.6153846153846154,0.0641025641025641,-0.6794871794871795,0.038461538461538464,-0.9487179487179487,-0.02564102564102564,-0.7307692307692307,0.0,-0.5897435897435898,0.24358974358974358,-0.6153846153846154,0.1794871794871795,-0.7948717948717948,0.10256410256410256,-0.6666666666666666,0.11538461538461539,-0.5641025641025641
0,0.0,0.0,-0.2564102564102564,-0.1794871794871795,-0.358974358974359,-0.4358974358974359,-0.20512820512820512,-0.5897435897435898,-0.01282051282051282,-0.5769230769230769,-0.28205128205128205,-0.6794871794871795,-0.34615384615384615,-0.9230769230769231,-0.3717948717948718,-0.7692307692307693,-0.34615384615384615,-0.6410256410256411,-0.1282051282051282,-0.7051282051282052,-0.14102564102564102,-1.0,-0.19230769230769232,-0.8205128205128205,-0.1794871794871795,-0.6794871794871795,0.05128205128205128,-0.6794871794871795,0.02564102564102564,-0.9358974358974359,-0.038461538461538464,-0.7564102564102564,-0.01282051282051282,-0.6153846153846154,0.21794871794871795,-0.6153846153846154,0.19230769230769232,-0.8205128205128205,0.11538461538461539,-0.7051282051282052,0.11538461538461539,-0.6025641025641025
0,0.0,0.0,-0.25,-0.17105263157894737,-0.3684210526315789,-0.4342105263157895,-0.2236842105263158,-0.6052631578947368,-0.013157894736842105,-0.618421052631579,-0.27631578947368424,-0.6710526315789473,-0.35526315789473684,-0.9342105263157895,-0.3815789473684211,-0.7631578947368421,-0.32894736842105265,-0.631578947368421,-0.10526315789473684,-0.6842105263157895,-0.14473684210526316,-1.0,-0.18421052631578946,-0.7763157894736842,-0.14473684210526316,-0.6447368421052632,0.06578947368421052,-0.6578947368421053,0.039473684210526314,-0.9605263157894737,-0.02631578947368421,-0.7236842105263158,0.013157894736842105,-0.5921052631578947,0.25,-0.5921052631578947,0.19736842105263158,-0.8157894736842105,0.11842105263157894,-0.6842105263157895,0.13157894736842105,-0.5657894736842105
0,0.0,0.0,-0.2375,-0.1625,-0.3375,-0.4375,-0.1875,-0.6,-0.0125,-0.625,-0.2625,-0.675,-0.325,-0.9375,-0.35,-0.7875,-0.325,-0.65,-0.1,-0.7,-0.1125,-1.0,-0.1625,-0.8,-0.15,-0.6625,0.075,-0.675,0.0625,-0.9375,0.0,-0.7375,0.0,-0.5875,0.2625,-0.6,0.225,-0.8,0.1375,-0.675,0.1375,-0.55
0,0.0,0.0,-0.23255813953488372,-0.1744186046511628,-0.3372093023255814,-0.4418604651162791,-0.19767441860465115,-0.5930232558139535,-0.023255813953488372,-0.6046511627906976,-0.26744186046511625,-0.6744186046511628,-0.3372093023255814,-0.9186046511627907,-0.3488372093023256,-0.7441860465116279,-0.313953488372093,-0.6162790697674418,-0.09302325581395349,-0.6976744186046512,-0.12790697674418605,-1.0,-0.1744186046511628,-0.7906976744186046,-0.13953488372093023,-0.6511627906976745,0.08139534883720931,-0.6627906976744186,0.05813953488372093,-0.9418604651162791,-0.011627906976744186,-0.7441860465116279,0.011627906976744186,-0.6162790697674418,0.2558139534883721,-0.5930232558139535,0.20930232558139536,-0.7790697674418605,0.12790697674418605,-0.6627906976744186,0.12790697674418605,-0.5465116279069767
0,0.0,0.0,-0.23076923076923078,-0.16483516483516483,-0.31868131868131866,-0.43956043956043955,-0.16483516483516483,-0.5714285714285714,0.02197802197802198,-0.5714285714285714,-0.25274725274725274,-0.6923076923076923,-0.3076923076923077,-0.9230769230769231,-0.32967032967032966,-0.7582417582417582,-0.2967032967032967,-0.6263736263736264,-0.07692307692307693,-0.7142857142857143,-0.10989010989010989,-1.0,-0.16483516483516483,-0.7912087912087912,-0.13186813186813187,-0.6593406593406593,0.08791208791208792,-0.6703296703296703,0.07692307692307693,-0.9340659340659341,0.01098901098901099,-0.7362637362637363,0.02197802197802198,-0.6153846153846154,0.26373626373626374,-0.5934065934065934,0.24175824175824176,-0.7802197802197802,0.15384615384615385,-0.6703296703296703,0.15384615384615385,-0.5604395604395604
0,0.0,0.0,-0.22857142857142856,-0.1523809523809524,-0.34285714285714286,-0.41904761904761906,-0.20952380952380953,-0.5714285714285714,-0.01904761904761905,-0.580952380952381,-0.24761904761904763,-0.6857142857142857,-0.3047619047619048,-0.9333333333333333,-0.3333333333333333,-0.7714285714285715,-0.3047619047619048,-0.638095238095238,-0.08571428571428572,-0.6952380952380952,-0.09523809523809523,-1.0,-0.1619047619047619,-0.7714285714285715,-0.14285714285714285,-0.6285714285714286,0.08571428571428572,-0.6571428571428571,0.0761904761904762,-0.9333333333333333,0.0,-0.7142857142857143,0.0,-0.580952380952381,0.24761904761904763,-0.580952380952381,0.22857142857142856,-0.780952380952381,0.13333333333333333,-0.6571428571428571,0.12380952380952381,-0.5428571428571428
0,0.0,0.0,-0.22522522522522523,-0.16216216216216217,-0.3333333333333333,-0.4144144144144144,-0.2072072072072072,-0.5765765765765766,-0.02702702702702703,-0.6306306306306306,-0.24324324324324326,-0.6666666666666666,-0.3153153153153153,-0.9369369369369369,-0.3333333333333333,-0.7747747747747747,-0.2972972972972973,-0.6396396396396397,-0.07207207207207207,-0.6846846846846847,-0.0990990990990991,-1.0,-0.15315315315315314,-0.7837837837837838,-0.12612612612612611,-0.6396396396396397,0.0990990990990991,-0.6486486486486487,0.08108108108108109,-0.9459459459459459,0.0,-0.7207207207207207,0.018018018018018018,-0.5855855855855856,0.2702702702702703,-0.5765765765765766,0.23423423423423423,-0.7837837837837838,0.14414414414414414,-0.6486486486486487,0.13513513513513514,-0.5315315315315315
0,0.0,0.0,-0.2288135593220339,-0.1440677966101695,-0.3305084745762712,-0.4152542372881356,-0.1694915254237288,-0.5508474576271186,0.025423728813559324,-0.5423728813559322,-0.22033898305084745,-0.6864406779661016,-0.288135593220339,-0.9322033898305084,-0.3305084745762712,-0.7796610169491526,-0.288135593220339,-0.652542372881356,-0.05084745762711865,-0.7033898305084746,-0.07627118644067797,-1.0,-0.1440677966101695,-0.788135593220339,-0.11016949152542373,-0.652542372881356,0.1271186440677966,-0.6610169491525424,0.11016949152542373,-0.9322033898305084,0.01694915254237288,-0.7203389830508474,0.03389830508474576,-0.5932203389830508,0.3050847457627119,-0.576271186440678,0.2796610169491525,-0.7711864406779662,0.16101694915254236,-0.6440677966101694,0.16101694915254236,-0.5338983050847458
4,0.0,0.0,-0.25925925925925924,-0.19444444444444445,-0.4537037037037037,-0.4074074074074074,-0.6111111111111112,-0.6296296296296297,-0.7592592592592593,-0.7777777777777778,-0.12037037037037036,-0.6851851851851852,-0.05555555555555555,-0.8148148148148148,-0.09259259259259259,-0.5925925925925926,-0.14814814814814814,-0.4537037037037037,0.08333333333333333,-0.6574074074074074,0.14814814814814814,-0.8055555555555556,0.037037037037037035,-0.5462962962962963,-0.027777777777777776,-0.4444444444444444,0.26851851851851855,-0.6018518518518519,0.3425925925925926,-0.75,0.2222222222222222,-0.5277777777777778,0.1388888888888889,-0.4074074074074074,0.4074074074074074,-0.5185185185185185,0.5555555555555556,-0.7222222222222222,0.6481481481481481,-0.8425925925925926,0.7222222222222222,-1.0
4,0.0,0.0,-0.26851851851851855,-0.18518518518518517,-0.46296296296296297,-0.4166666666666667,-0.6203703703703703,-0.6296296296296297,-0.7685185185185185,-0.7777777777777778,-0.1111111111111111,-0.6944444444444444,-0.046296296296296294,-0.8333333333333334,-0.09259259259259259,-0.6111111111111112,-0.12962962962962962,-0.48148148148148145,0.08333333333333333,-0.6666666666666666,0.12962962962962962,-0.7962962962962963,0.037037037037037035,-0.5370370370370371,-0.018518518518518517,-0.4444444444444444,0.25925925925925924,-0.6018518518518519,0.3333333333333333,-0.7592592592592593,0.2222222222222222,-0.5277777777777778,0.1388888888888889,-0.4166666666666667,0.4074074074074074,-0.5277777777777778,0.5555555555555556,-0.7314814814814815,0.6388888888888888,-0.8518518518518519,0.7037037037037037,-1.0
4,0.0,0.0,-0.27927927927927926,-0.18018018018018017,-0.4864864864864865,-0.4144144144144144,-0.6306306306306306,-0.6306306306306306,-0.7747747747747747,-0.7747747747747747,-0.13513513513513514,-0.6666666666666666,-0.07207207207207207,-0.8198198198198198,-0.10810810810810811,-0.6126126126126126,-0.15315315315315314,-0.46846846846846846,0.07207207207207207,-0.6396396396396397,0.11711711711711711,-0.7927927927927928,0.02702702702702703,-0.5405405405405406,-0.04504504504504504,-0.43243243243243246,0.25225225225225223,-0.5945945945945946,0.3153153153153153,-0.7567567567567568,0.2072072072072072,-0.5315315315315315,0.12612612612612611,-0.4144144144144144,0.3963963963963964,-0.5135135135135135,0.5315315315315315,-0.7297297297297297,0.6126126126126126,-0.8468468468468469,0.6666666666666666,-1.0
4,0.0,0.0,-0.13793103448275862,-0.3275862068965517,-0.1206896551724138,-0.603448275862069,-0.034482758620689655,-0.8103448275862069,0.05172413793103448,-0.9310344827586207,0.13793103448275862,-0.7413793103448276,0.20689655172413793,-1.0,0.08620689655172414,-0.9655172413793104,0.0,-0.7931034482758621,0.25862068965517243,-0.7241379310344828,0.27586206896551724,-0.9827586206896551,0.1206896551724138,-0.9137931034482759,0.017241379310344827,-0.7241379310344828,0.3793103448275862,-0.6896551724137931,0.3448275862068966,-0.9310344827586207,0.1896551724137931,-0.8448275862068966,0.08620689655172414,-0.6551724137931034,0.5172413793103449,-0.6206896551724138,0.46551724137931033,-0.8275862068965517,0.3103448275862069,-0.8103448275862069,0.1896551724137931,-0.6896551724137931
4,0.0,0.0,-0.2711864406779661,-0.19491525423728814,-0.4661016949152542,-0.3983050847457627,-0.6101694915254238,-0.6186440677966102,-0.7288135593220338,-0.7711864406779662,-0.1440677966101695,-0.6864406779661016,-0.07627118644067797,-0.8135593220338984,-0.11016949152542373,-0.6016949152542372,-0.16101694915254236,-0.4576271186440678,0.05084745762711865,-0.6779661016949152,0.1016949152542373,-0.7966101694915254,0.01694915254237288,-0.5423728813559322,-0.0423728813559322,-0.4491525423728814,0.2288135593220339,-0.6271186440677966,0.288135593220339,-0.7627118644067796,0.1864406779661017,-0.5508474576271186,0.11016949152542373,-0.4406779661016949,0.3728813559322034,-0.5508474576271186,0.5,-0.7542372881355932,0.576271186440678,-0.847457627118644,0.6271186440677966,-1.0
4,0.0,0.0,-0.2764227642276423,-0.16260162601626016,-0.4796747967479675,-0.37398373983739835,-0.6260162601626016,-0.5853658536585366,-0.7560975609756098,-0.7317073170731707,-0.15447154471544716,-0.6666666666666666,-0.11382113821138211,-0.8130081300813008,-0.13821138211382114,-0.5934959349593496,-0.17073170731707318,-0.44715447154471544,0.032520325203252036,-0.6504065040650406,0.06504065040650407,-0.8048780487804879,-0.008130081300813009,-0.5365853658536586,-0.04878048780487805,-0.4146341463414634,0.2032520325203252,-0.6097560975609756,0.2601626016260163,-0.7642276422764228,0.17073170731707318,-0.5365853658536586,0.10569105691056911,-0.4065040650406504,0.34959349593495936,-0.5365853658536586,0.4715447154471545,-0.7398373983739838,0.5447154471544715,-0.8536585365853658,0.6016260162601627,-1.0
4,0.0,0.0,-0.2814814814814815,-0.16296296296296298,-0.4740740740740741,-0.34814814814814815,-0.6222222222222222,-0.5481481481481482,-0.762962962962963,-0.674074074074074,-0.18518518518518517,-0.6370370370370371,-0.14814814814814814,-0.7851851851851852,-0.16296296296296298,-0.5851851851851851,-0.18518518518518517,-0.43703703703703706,-0.007407407407407408,-0.6370370370370371,0.022222222222222223,-0.7851851851851852,-0.037037037037037035,-0.5333333333333333,-0.07407407407407407,-0.4074074074074074,0.15555555555555556,-0.6074074074074074,0.2,-0.7555555555555555,0.11851851851851852,-0.5333333333333333,0.06666666666666667,-0.4074074074074074,0.3037037037037037,-0.5407407407407407,0.4148148148148148,-0.7407407407407407,0.4740740740740741,-0.8518518518518519,0.5185185185185185,-1.0
4,0.0,0.0,-0.2792207792207792,-0.16233766233766234,-0.4805194805194805,-0.3116883116883117,-0.6298701298701299,-0.4935064935064935,-0.7727272727272727,-0.6038961038961039,-0.22077922077922077,-0.6103896103896104,-0.2077922077922078,-0.7597402597402597,-0.21428571428571427,-0.5584415584415584,-0.23376623376623376,-0.4155844155844156,-0.045454545454545456,-0.6298701298701299,-0.03896103896103896,-0.7662337662337663,-0.09090909090909091,-0.512987012987013,-0.11688311688311688,-0.38961038961038963,0.11038961038961038,-0.6038961038961039,0.13636363636363635,-0.7597402597402597,0.07142857142857142,-0.538961038961039,0.032467532467532464,-0.4090909090909091,0.2532467532467532,-0.5454545454545454,0.33766233766233766,-0.7467532467532467,0.38311688311688313,-0.8506493506493507,0.4025974025974026,-1.0
4,0.0,0.0,-0.2777777777777778,-0.12962962962962962,-0.47530864197530864,-0.29012345679012347,-0.6234567901234568,-0.4567901234567901,-0.7592592592592593,-0.5740740740740741,-0.22839506172839505,-0.5864197530864198,-0.21604938271604937,-0.7407407407407407,-0.2222222222222222,-0.5432098765432098,-0.22839506172839505,-0.3950617283950617,-0.06172839506172839,-0.6049382716049383,-0.05555555555555555,-0.7592592592592593,-0.09259259259259259,-0.5,-0.1111111111111111,-0.38271604938271603,0.09259259259259259,-0.5925925925925926,0.1111111111111111,-0.7592592592592593,0.05555555555555555,-0.5370370370370371,0.024691358024691357,-0.4012345679012346,0.2345679012345679,-0.5493827160493827,0.32098765432098764,-0.7469135802469136,0.35185185185185186,-0.8580246913580247,0.37037037037037035,-1.0
4,0.0,0.0,-0.28654970760233917,-0.14035087719298245,-0.4853801169590643,-0.2631578947368421,-0.6432748538011696,-0.42105263157894735,-0.7719298245614035,-0.5263157894736842,-0.2573099415204678,-0.5730994152046783,-0.2573099415204678,-0.7076023391812866,-0.25146198830409355,-0.5146198830409356,-0.25146198830409355,-0.3742690058479532,-0.0935672514619883,-0.6023391812865497,-0.0935672514619883,-0.7426900584795322,-0.1111111111111111,-0.47368421052631576,-0.13450292397660818,-0.3684210526315789,0.05263157894736842,-0.5964912280701754,0.06432748538011696,-0.7543859649122807,0.029239766081871343,-0.5263157894736842,0.017543859649122806,-0.38596491228070173,0.19298245614035087,-0.5497076023391813,0.2631578947368421,-0.7485380116959064,0.2982456140350877,-0.8538011695906432,0.3216374269005848,-1.0
4,0.0,0.0,-0.26666666666666666,-0.12777777777777777,-0.4722222222222222,-0.25555555555555554,-0.6333333333333333,-0.4111111111111111,-0.7777777777777778,-0.5,-0.25,-0.5611111111111111,-0.25,-0.7,-0.23333333333333334,-0.5,-0.23333333333333334,-0.3611111111111111,-0.08888888888888889,-0.5944444444444444,-0.1,-0.7222222222222222,-0.1111111111111111,-0.4722222222222222,-0.12222222222222222,-0.36666666666666664,0.06111111111111111,-0.5888888888888889,0.06666666666666667,-0.7388888888888889,0.03333333333333333,-0.5222222222222223,0.005555555555555556,-0.39444444444444443,0.19444444444444445,-0.55,0.25555555555555554,-0.7555555555555555,0.29444444444444445,-0.8611111111111112,0.3055555555555556,-1.0
4,0.0,0.0,-0.2774566473988439,-0.1329479768786127,-0.47398843930635837,-0.26011560693641617,-0.6416184971098265,-0.42196531791907516,-0.7803468208092486,-0.5202312138728323,-0.24277456647398843,-0.5780346820809249,-0.24277456647398843,-0.7052023121387283,-0.24277456647398843,-0.5144508670520231,-0.24855491329479767,-0.3815028901734104,-0.07514450867052024,-0.5953757225433526,-0.08670520231213873,-0.7283236994219653,-0.12138728323699421,-0.47398843930635837,-0.14450867052023122,-0.37572254335260113,0.07514450867052024,-0.5895953757225434,0.08092485549132948,-0.7341040462427746,0.028901734104046242,-0.5144508670520231,0.0,-0.3872832369942196,0.2138728323699422,-0.5491329479768786,0.28901734104046245,-0.7514450867052023,0.3352601156069364,-0.861271676300578,0.3699421965317919,-1.0
4,0.0,0.0,-0.25609756097560976,-0.054878048780487805,-0.4695121951219512,-0.24390243902439024,-0.6219512195121951,-0.39634146341463417,-0.7560975609756098,-0.5060975609756098,-0.23780487804878048,-0.5548780487804879,-0.23780487804878048,-0.6951219512195121,-0.23170731707317074,-0.4878048780487805,-0.23780487804878048,-0.3475609756097561,-0.06707317073170732,-0.573170731707317,-0.07317073170731707,-0.7073170731707317,-0.0975609756097561,-0.4573170731707317,-0.11585365853658537,-0.32926829268292684,0.09146341463414634,-0.5548780487804879,0.0975609756097561,-0.7073170731707317,0.06097560975609756,-0.49390243902439024,0.024390243902439025,-0.3475609756097561,0.24390243902439024,-0.5121951219512195,0.3231707317073171,-0.7317073170731707,0.3780487804878049,-0.8597560975609756,0.40853658536585363,-1.0
4,0.0,0.0,-0.2694610778443114,-0.11377245508982035,-0.47305389221556887,-0.25149700598802394,-0.6347305389221557,-0.41317365269461076,-0.7784431137724551,-0.5209580838323353,-0.25149700598802394,-0.562874251497006,-0.23952095808383234,-0.6826347305389222,-0.23353293413173654,-0.47305389221556887,-0.23952095808383234,-0.3473053892215569,-0.07784431137724551,-0.5868263473053892,-0.07784431137724551,-0.7125748502994012,-0.10778443113772455,-0.4550898203592814,-0.12574850299401197,-0.3473053892215569,0.08383233532934131,-0.5808383233532934,0.09580838323353294,-0.7245508982035929,0.04790419161676647,-0.49700598802395207,0.011976047904191617,-0.3712574850299401,0.2215568862275449,-0.5449101796407185,0.30538922155688625,-0.7485029940119761,0.3532934131736527,-0.8562874251497006,0.38922155688622756,-1.0
4,0.0,0.0,-0.27450980392156865,-0.1437908496732026,-0.48366013071895425,-0.29411764705882354,-0.6535947712418301,-0.47058823529411764,-0.7973856209150327,-0.5816993464052288,-0.24183006535947713,-0.5947712418300654,-0.22875816993464052,-0.7254901960784313,-0.23529411764705882,-0.5294117647058824,-0.24183006535947713,-0.39215686274509803,-0.058823529411764705,-0.6209150326797386,-0.06535947712418301,-0.7516339869281046,-0.1111111111111111,-0.49019607843137253,-0.13071895424836602,-0.40522875816993464,0.1111111111111111,-0.6078431372549019,0.11764705882352941,-0.7712418300653595,0.058823529411764705,-0.5424836601307189,0.026143790849673203,-0.4117647058823529,0.24836601307189543,-0.5686274509803921,0.3464052287581699,-0.7647058823529411,0.38562091503267976,-0.8627450980392157,0.4117647058823529,-1.0
4,0.0,0.0,-0.2631578947368421,-0.1513157894736842,-0.46710526315789475,-0.3092105263157895,-0.625,-0.48026315789473684,-0.756578947368421,-0.5921052631578947,-0.20394736842105263,-0.6118421052631579,-0.19736842105263158,-0.7236842105263158,-0.19736842105263158,-0.5131578947368421,-0.20394736842105263,-0.3815789473684211,-0.03289473684210526,-0.625,-0.03289473684210526,-0.743421052631579,-0.07894736842105263,-0.48026315789473684,-0.09868421052631579,-0.3881578947368421,0.125,-0.6052631578947368,0.14473684210526316,-0.7302631578947368,0.07236842105263158,-0.506578947368421,0.02631578947368421,-0.3881578947368421,0.2631578947368421,-0.5460526315789473,0.35526315789473684,-0.75,0.40789473684210525,-0.8618421052631579,0.4407894736842105,-1.0
4,0.0,0.0,-0.2878787878787879,-0.17424242424242425,-0.49242424242424243,-0.3333333333333333,-0.6439393939393939,-0.5227272727272727,-0.7727272727272727,-0.6590909090909091,-0.21212121212121213,-0.6287878787878788,-0.1893939393939394,-0.7575757575757576,-0.20454545454545456,-0.553030303030303,-0.22727272727272727,-0.42424242424242425,-0.030303030303030304,-0.6363636363636364,-0.015151515151515152,-0.7651515151515151,-0.08333333333333333,-0.5075757575757576,-0.12121212121212122,-0.4090909090909091,0.13636363636363635,-0.6060606060606061,0.16666666666666666,-0.7575757575757576,0.08333333333333333,-0.5303030303030303,0.030303030303030304,-0.4090909090909091,0.2803030303030303,-0.5454545454545454,0.3787878787878788,-0.7575757575757576,0.4318181818181818,-0.8560606060606061,0.48484848484848486,-1.0
4,0.0,0.0,-0.26229508196721313,-0.16393442622950818,-0.45901639344262296,-0.36065573770491804,-0.6065573770491803,-0.5573770491803278,-0.7377049180327869,-0.6967213114754098,-0.1557377049180328,-0.6557377049180327,-0.13934426229508196,-0.7704918032786885,-0.16393442622950818,-0.5573770491803278,-0.18032786885245902,-0.4180327868852459,0.03278688524590164,-0.6557377049180327,0.040983606557377046,-0.7704918032786885,-0.03278688524590164,-0.5163934426229508,-0.06557377049180328,-0.4098360655737705,0.19672131147540983,-0.6147540983606558,0.23770491803278687,-0.7459016393442623,0.13114754098360656,-0.5245901639344263,0.07377049180327869,-0.4016393442622951,0.32786885245901637,-0.5409836065573771,0.4426229508196721,-0.7377049180327869,0.5081967213114754,-0.8524590163934426,0.5655737704918032,-1.0
4,0.0,0.0,-0.2767857142857143,-0.16071428571428573,-0.48214285714285715,-0.39285714285714285,-0.625,-0.5982142857142857,-0.7410714285714286,-0.75,-0.16964285714285715,-0.6607142857142857,-0.125,-0.8035714285714286,-0.15178571428571427,-0.5892857142857143,-0.17857142857142858,-0.4375,0.026785714285714284,-0.6428571428571429,0.0625,-0.8035714285714286,-0.008928571428571428,-0.5446428571428571,-0.0625,-0.4107142857142857,0.20535714285714285,-0.6071428571428571,0.25,-0.7678571428571429,0.15178571428571427,-0.5357142857142857,0.08928571428571429,-0.4017857142857143,0.35714285714285715,-0.5446428571428571,0.48214285714285715,-0.75,0.5625,-0.8660714285714286,0.625,-1.0
4,0.0,0.0,-0.297029702970297,-0.1782178217821782,-0.504950495049505,-0.4158415841584158,-0.6435643564356436,-0.6435643564356436,-0.7722772277227723,-0.801980198019802,-0.15841584158415842,-0.693069306930693,-0.12871287128712872,-0.8217821782178217,-0.16831683168316833,-0.5841584158415841,-0.18811881188118812,-0.43564356435643564,0.04950495049504951,-0.6633663366336634,0.06930693069306931,-0.7920792079207921,-0.019801980198019802,-0.5247524752475248,-0.0594059405940594,-0.39603960396039606,0.22772277227722773,-0.6138613861386139,0.27722772277227725,-0.7821782178217822,0.16831683168316833,-0.5445544554455446,0.09900990099009901,-0.39603960396039606,0.38613861386138615,-0.5346534653465347,0.5247524752475248,-0.7425742574257426,0.594059405940594,-0.8613861386138614,0.6633663366336634,-1.0
4,0.0,0.0,-0.3,-0.19,-0.51,-0.4,-0.65,-0.61,-0.77,-0.77,-0.16,-0.68,-0.11,-0.83,-0.16,-0.62,-0.19,-0.46,0.03,-0.66,0.07,-0.8,-0.02,-0.54,-0.07,-0.42,0.22,-0.61,0.27,-0.78,0.16,-0.54,0.09,-0.41,0.37,-0.54,0.5,-0.75,0.56,-0.86,0.63,-1.0
4,0.0,0.0,-0.23711340206185566,-0.08247422680412371,-0.4020618556701031,-0.27835051546391754,-0.4948453608247423,-0.4329896907216495,-0.5670103092783505,-0.5463917525773195,-0.18556701030927836,-0.6597938144329897,-0.15463917525773196,-0.8144329896907216,-0.18556701030927836,-0.6082474226804123,-0.20618556701030927,-0.4329896907216495,0.010309278350515464,-0.6494845360824743,0.020618556701030927,-0.7938144329896907,-0.030927835051546393,-0.5463917525773195,-0.061855670103092786,-0.38144329896907214,0.18556701030927836,-0.5979381443298969,0.21649484536082475,-0.7835051546391752,0.15463917525773196,-0.5773195876288659,0.09278350515463918,-0.41237113402061853,0.36082474226804123,-0.5360824742268041,0.4845360824742268,-0.7525773195876289,0.5463917525773195,-0.8762886597938144,0.5979381443298969,-1.0
4,0.0,0.0,-0.2980769230769231,-0.21153846153846154,-0.5,-0.38461538461538464,-0.6442307692307693,-0.5961538461538461,-0.7596153846153846,-0.7403846153846154,-0.18269230769230768,-0.6730769230769231,-0.16346153846153846,-0.8076923076923077,-0.19230769230769232,-0.6153846153846154,-0.22115384615384615,-0.47115384615384615,0.0,-0.6730769230769231,0.019230769230769232,-0.8076923076923077,-0.057692307692307696,-0.5384615384615384,-0.11538461538461539,-0.4423076923076923,0.17307692307692307,-0.6346153846153846,0.21153846153846154,-0.7884615384615384,0.11538461538461539,-0.5576923076923077,0.057692307692307696,-0.4326923076923077,0.3269230769230769,-0.5576923076923077,0.4326923076923077,-0.7692307692307693,0.49038461538461536,-0.8557692307692307,0.5384615384615384,-1.0
4,0.0,0.0,-0.28440366972477066,-0.13761467889908258,-0.5045871559633027,-0.30275229357798167,-0.6605504587155964,-0.48623853211009177,-0.7981651376146789,-0.6146788990825688,-0.23853211009174313,-0.6146788990825688,-0.22018348623853212,-0.7431192660550459,-0.22018348623853212,-0.5321100917431193,-0.24770642201834864,-0.3944954128440367,-0.045871559633027525,-0.6238532110091743,-0.03669724770642202,-0.7431192660550459,-0.09174311926605505,-0.4954128440366973,-0.12844036697247707,-0.3761467889908257,0.13761467889908258,-0.6146788990825688,0.1559633027522936,-0.7614678899082569,0.08256880733944955,-0.5321100917431193,0.03669724770642202,-0.3853211009174312,0.28440366972477066,-0.5596330275229358,0.3761467889908257,-0.7522935779816514,0.41284403669724773,-0.8623853211009175,0.43119266055045874,-1.0
4,0.0,0.0,-0.2920353982300885,-0.12389380530973451,-0.504424778761062,-0.2831858407079646,-0.6637168141592921,-0.46017699115044247,-0.8053097345132744,-0.584070796460177,-0.24778761061946902,-0.5929203539823009,-0.23893805309734514,-0.7079646017699115,-0.23893805309734514,-0.504424778761062,-0.24778761061946902,-0.37168141592920356,-0.061946902654867256,-0.6106194690265486,-0.061946902654867256,-0.7256637168141593,-0.09734513274336283,-0.4778761061946903,-0.13274336283185842,-0.35398230088495575,0.11504424778761062,-0.6017699115044248,0.12389380530973451,-0.7433628318584071,0.061946902654867256,-0.5132743362831859,0.02654867256637168,-0.3805309734513274,0.25663716814159293,-0.5575221238938053,0.35398230088495575,-0.7522123893805309,0.3893805309734513,-0.8584070796460177,0.415929203539823,-1.0
4,0.0,0.0,-0.28448275862068967,-0.10344827586206896,-0.5086206896551724,-0.28448275862068967,-0.6724137931034483,-0.4482758620689655,-0.8017241379310345,-0.5775862068965517,-0.2413793103448276,-0.5862068965517241,-0.2413793103448276,-0.7068965517241379,-0.2413793103448276,-0.5,-0.25,-0.3620689655172414,-0.05172413793103448,-0.603448275862069,-0.0603448275862069,-0.7327586206896551,-0.09482758620689655,-0.4827586206896552,-0.1206896551724138,-0.35344827586206895,0.1206896551724138,-0.5948275862068966,0.13793103448275862,-0.75,0.07758620689655173,-0.5086206896551724,0.034482758620689655,-0.3620689655172414,0.2672413793103448,-0.5517241379310345,0.3620689655172414,-0.7413793103448276,0.4051724137931034,-0.853448275862069,0.4396551724137931,-1.0
4,0.0,0.0,-0.2786885245901639,-0.13114754098360656,-0.48360655737704916,-0.28688524590163933,-0.6475409836065574,-0.4672131147540984,-0.7786885245901639,-0.5901639344262295,-0.22131147540983606,-0.5901639344262295,-0.22950819672131148,-0.7131147540983607,-0.22950819672131148,-0.5163934426229508,-0.23770491803278687,-0.36885245901639346,-0.04918032786885246,-0.6147540983606558,-0.05737704918032787,-0.7295081967213115,-0.09836065573770492,-0.47540983606557374,-0.13114754098360656,-0.3524590163934426,0.12295081967213115,-0.5983606557377049,0.13114754098360656,-0.7540983606557377,0.06557377049180328,-0.5245901639344263,0.01639344262295082,-0.38524590163934425,0.26229508196721313,-0.5573770491803278,0.36065573770491804,-0.7459016393442623,0.4016393442622951,-0.860655737704918,0.4262295081967213,-1.0
4,0.0,0.0,-0.28104575163398693,-0.05228758169934641,-0.49673202614379086,-0.2222222222222222,-0.6666666666666666,-0.37254901960784315,-0.8235294117647058,-0.42483660130718953,-0.33986928104575165,-0.5620915032679739,-0.3790849673202614,-0.7712418300653595,-0.35294117647058826,-0.5882352941176471,-0.3333333333333333,-0.43790849673202614,-0.17647058823529413,-0.5947712418300654,-0.1895424836601307,-0.8104575163398693,-0.1895424836601307,-0.5686274509803921,-0.1895424836601307,-0.40522875816993464,-0.006535947712418301,-0.5947712418300654,0.0,-0.7777777777777778,-0.0392156862745098,-0.5555555555555556,-0.0718954248366013,-0.39215686274509803,0.1437908496732026,-0.5555555555555556,0.20261437908496732,-0.7581699346405228,0.24183006535947713,-0.869281045751634,0.28104575163398693,-1.0
4,0.0,0.0,-0.2982456140350877,0.0,-0.5877192982456141,-0.23684210526315788,-0.7982456140350878,-0.41228070175438597,-1.0,-0.49122807017543857,-0.39473684210526316,-0.6491228070175439,-0.38596491228070173,-0.9210526315789473,-0.40350877192982454,-0.7543859649122807,-0.41228070175438597,-0.543859649122807,-0.17543859649122806,-0.6666666666666666,-0.16666666666666666,-0.956140350877193,-0.21929824561403508,-0.7017543859649122,-0.2543859649122807,-0.4824561403508772,0.043859649122807015,-0.6228070175438597,0.043859649122807015,-0.8771929824561403,-0.017543859649122806,-0.6578947368421053,-0.05263157894736842,-0.47368421052631576,0.24561403508771928,-0.5175438596491229,0.24561403508771928,-0.6754385964912281,0.21052631578947367,-0.5614035087719298,0.18421052631578946,-0.4649122807017544
4,0.0,0.0,-0.2645161290322581,-0.05806451612903226,-0.49032258064516127,-0.23225806451612904,-0.6516129032258065,-0.3741935483870968,-0.8,-0.4258064516129032,-0.3161290322580645,-0.5741935483870968,-0.34838709677419355,-0.7612903225806451,-0.33548387096774196,-0.5870967741935483,-0.3161290322580645,-0.432258064516129,-0.15483870967741936,-0.6,-0.18064516129032257,-0.8064516129032258,-0.1870967741935484,-0.567741935483871,-0.18064516129032257,-0.4064516129032258,0.0,-0.5935483870967742,0.0,-0.7677419354838709,-0.03870967741935484,-0.5548387096774193,-0.06451612903225806,-0.3935483870967742,0.14838709677419354,-0.5548387096774193,0.2064516129032258,-0.7548387096774194,0.24516129032258063,-0.8709677419354839,0.2838709677419355,-1.0
4,0.0,0.0,-0.2857142857142857,-0.07142857142857142,-0.5064935064935064,-0.23376623376623376,-0.6688311688311688,-0.37662337662337664,-0.8246753246753247,-0.42207792207792205,-0.34415584415584416,-0.5714285714285714,-0.38961038961038963,-0.7597402597402597,-0.36363636363636365,-0.5844155844155844,-0.34415584415584416,-0.43506493506493504,-0.18181818181818182,-0.6038961038961039,-0.2077922077922078,-0.7987012987012987,-0.2077922077922078,-0.564935064935065,-0.2077922077922078,-0.4025974025974026,-0.025974025974025976,-0.6038961038961039,-0.025974025974025976,-0.7857142857142857,-0.05194805194805195,-0.564935064935065,-0.08441558441558442,-0.4090909090909091,0.12337662337662338,-0.5714285714285714,0.18181818181818182,-0.7662337662337663,0.22727272727272727,-0.8766233766233766,0.2662337662337662,-1.0
4,0.0,0.0,-0.2709677419354839,-0.07096774193548387,-0.4967741935483871,-0.23225806451612904,-0.6645161290322581,-0.38064516129032255,-0.8129032258064516,-0.432258064516129,-0.3419354838709677,-0.5806451612903226,-0.3741935483870968,-0.7677419354838709,-0.34838709677419355,-0.5741935483870968,-0.32903225806451614,-0.41935483870967744,-0.18064516129032257,-0.6129032258064516,-0.2,-0.8064516129032258,-0.2,-0.567741935483871,-0.2064516129032258,-0.4129032258064516,-0.025806451612903226,-0.6064516129032258,-0.01935483870967742,-0.7741935483870968,-0.05161290322580645,-0.5548387096774193,-0.09032258064516129,-0.4,0.12258064516129032,-0.567741935483871,0.17419354838709677,-0.7548387096774194,0.21935483870967742,-0.8709677419354839,0.25161290322580643,-1.0
4,0.0,0.0,-0.3018867924528302,-0.06918238993710692,-0.5283018867924528,-0.22641509433962265,-0.6981132075471698,-0.37735849056603776,-0.8616352201257862,-0.4339622641509434,-0.389937106918239,-0.5723270440251572,-0.4339622641509434,-0.7547169811320755,-0.389937106918239,-0.5534591194968553,-0.36477987421383645,-0.4088050314465409,-0.22012578616352202,-0.6226415094339622,-0.25157232704402516,-0.7987421383647799,-0.23270440251572327,-0.5345911949685535,-0.2389937106918239,-0.39622641509433965,-0.06289308176100629,-0.6226415094339622,-0.05660377358490566,-0.7924528301886793,-0.08176100628930817,-0.559748427672956,-0.1069182389937107,-0.39622641509433965,0.10062893081761007,-0.5849056603773585,0.1509433962264151,-0.7735849056603774,0.18867924528301888,-0.8805031446540881,0.2138364779874214,-1.0
4,0.0,0.0,-0.2682926829268293,-0.04878048780487805,-0.49390243902439024,-0.22560975609756098,-0.6524390243902439,-0.3719512195121951,-0.8109756097560976,-0.42073170731707316,-0.3475609756097561,-0.5670731707317073,-0.4024390243902439,-0.75,-0.36585365853658536,-0.5548780487804879,-0.3353658536585366,-0.40853658536585363,-0.18292682926829268,-0.6097560975609756,-0.21341463414634146,-0.7865853658536586,-0.2073170731707317,-0.5365853658536586,-0.1951219512195122,-0.3902439024390244,-0.024390243902439025,-0.6036585365853658,-0.03048780487804878,-0.7804878048780488,-0.054878048780487805,-0.5487804878048781,-0.07317073170731707,-0.3902439024390244,0.12804878048780488,-0.5670731707317073,0.18902439024390244,-0.7621951219512195,0.21951219512195122,-0.8719512195121951,0.23780487804878048,-1.0
4,0.0,0.0,-0.29069767441860467,-0.08139534883720931,-0.5116279069767442,-0.23837209302325582,-0.6802325581395349,-0.37790697674418605,-0.8255813953488372,-0.42441860465116277,-0.36046511627906974,-0.5697674418604651,-0.4186046511627907,-0.7558139534883721,-0.38953488372093026,-0.5697674418604651,-0.36046511627906974,-0.4186046511627907,-0.20930232558139536,-0.6162790697674418,-0.2441860465116279,-0.7906976744186046,-0.23837209302325582,-0.5406976744186046,-0.23255813953488372,-0.4011627906976744,-0.05813953488372093,-0.6162790697674418,-0.06395348837209303,-0.7790697674418605,-0.09883720930232558,-0.5581395348837209,-0.12209302325581395,-0.4011627906976744,0.09302325581395349,-0.5755813953488372,0.14534883720930233,-0.7674418604651163,0.18023255813953487,-0.872093023255814,0.19767441860465115,-1.0
4,0.0,0.0,-0.2784090909090909,-0.045454545454545456,-0.5,-0.21022727272727273,-0.6590909090909091,-0.3522727272727273,-0.8068181818181818,-0.4090909090909091,-0.3522727272727273,-0.5397727272727273,-0.3977272727272727,-0.7329545454545454,-0.3693181818181818,-0.5454545454545454,-0.3465909090909091,-0.39204545454545453,-0.19318181818181818,-0.5909090909090909,-0.2215909090909091,-0.7784090909090909,-0.2215909090909091,-0.5340909090909091,-0.2159090909090909,-0.3806818181818182,-0.03409090909090909,-0.5965909090909091,-0.03977272727272727,-0.7784090909090909,-0.07954545454545454,-0.5511363636363636,-0.10227272727272728,-0.39204545454545453,0.11363636363636363,-0.5681818181818182,0.17613636363636365,-0.7613636363636364,0.21022727272727273,-0.875,0.23295454545454544,-1.0
4,0.0,0.0,-0.27722772277227725,-0.08415841584158416,-0.4900990099009901,-0.25742574257425743,-0.6534653465346535,-0.400990099009901,-0.801980198019802,-0.4405940594059406,-0.32673267326732675,-0.5742574257425742,-0.3712871287128713,-0.7772277227722773,-0.3465346534653465,-0.5891089108910891,-0.3316831683168317,-0.42574257425742573,-0.1782178217821782,-0.6089108910891089,-0.20297029702970298,-0.801980198019802,-0.20297029702970298,-0.5643564356435643,-0.2079207920792079,-0.4158415841584158,-0.024752475247524754,-0.6089108910891089,-0.024752475247524754,-0.801980198019802,-0.0594059405940594,-0.5891089108910891,-0.09405940594059406,-0.42574257425742573,0.1188118811881188,-0.5693069306930693,0.18811881188118812,-0.7673267326732673,0.22772277227722773,-0.8762376237623762,0.24752475247524752,-1.0
4,0.0,0.0,-0.27488151658767773,-0.07109004739336493,-0.4834123222748815,-0.23222748815165878,-0.6445497630331753,-0.36492890995260663,-0.7867298578199052,-0.41232227488151657,-0.33175355450236965,-0.5592417061611374,-0.3886255924170616,-0.7488151658767772,-0.36492890995260663,-0.5734597156398105,-0.33649289099526064,-0.4218009478672986,-0.18009478672985782,-0.5971563981042654,-0.21800947867298578,-0.7962085308056872,-0.20853080568720378,-0.5592417061611374,-0.1990521327014218,-0.3981042654028436,-0.02843601895734597,-0.6018957345971564,-0.04265402843601896,-0.7867298578199052,-0.07109004739336493,-0.5781990521327014,-0.09004739336492891,-0.41706161137440756,0.11848341232227488,-0.5687203791469194,0.17535545023696683,-0.7630331753554502,0.20853080568720378,-0.8767772511848341,0.23222748815165878,-1.0
4,0.0,0.0,-0.27014218009478674,-0.07109004739336493,-0.4834123222748815,-0.22274881516587677,-0.6492890995260664,-0.35545023696682465,-0.7962085308056872,-0.3981042654028436,-0.3459715639810427,-0.5450236966824644,-0.3981042654028436,-0.7440758293838863,-0.3696682464454976,-0.5639810426540285,-0.3412322274881517,-0.41706161137440756,-0.1895734597156398,-0.5829383886255924,-0.22748815165876776,-0.7867298578199052,-0.21800947867298578,-0.5497630331753555,-0.2132701421800948,-0.3981042654028436,-0.037914691943127965,-0.5876777251184834,-0.04265402843601896,-0.7772511848341233,-0.07109004739336493,-0.5734597156398105,-0.0947867298578199,-0.41706161137440756,0.10900473933649289,-0.5545023696682464,0.17061611374407584,-0.7582938388625592,0.2037914691943128,-0.8720379146919431,0.22748815165876776,-1.0
4,0.0,0.0,-0.29605263157894735,-0.06578947368421052,-0.5328947368421053,-0.2236842105263158,-0.7039473684210527,-0.375,-0.868421052631579,-0.42105263157894735,-0.3618421052631579,-0.5855263157894737,-0.3881578947368421,-0.7697368421052632,-0.3618421052631579,-0.5921052631578947,-0.34210526315789475,-0.4342105263157895,-0.19078947368421054,-0.618421052631579,-0.2236842105263158,-0.8157894736842105,-0.21710526315789475,-0.5723684210526315,-0.21052631578947367,-0.40789473684210525,-0.02631578947368421,-0.618421052631579,-0.03289473684210526,-0.8026315789473685,-0.05921052631578947,-0.5855263157894737,-0.08552631578947369,-0.4276315789473684,0.13157894736842105,-0.5855263157894737,0.17763157894736842,-0.7763157894736842,0.21052631578947367,-0.881578947368421,0.24342105263157895,-1.0
4,0.0,0.0,-0.2875816993464052,-0.06535947712418301,-0.5098039215686274,-0.21568627450980393,-0.6928104575163399,-0.3660130718954248,-0.8562091503267973,-0.4117647058823529,-0.35294117647058826,-0.5686274509803921,-0.38562091503267976,-0.7647058823529411,-0.35947712418300654,-0.5882352941176471,-0.33986928104575165,-0.43790849673202614,-0.1895424836601307,-0.6013071895424836,-0.21568627450980393,-0.803921568627451,-0.21568627450980393,-0.5686274509803921,-0.20915032679738563,-0.41830065359477125,-0.032679738562091505,-0.6078431372549019,-0.032679738562091505,-0.7843137254901961,-0.0718954248366013,-0.5751633986928104,-0.0915032679738562,-0.41830065359477125,0.11764705882352941,-0.5816993464052288,0.1568627450980392,-0.7712418300653595,0.19607843137254902,-0.8823529411764706,0.22875816993464052,-1.0
4,0.0,0.0,-0.3,-0.07333333333333333,-0.5333333333333333,-0.21333333333333335,-0.7133333333333334,-0.36,-0.8733333333333333,-0.41333333333333333,-0.36666666666666664,-0.5733333333333334,-0.3933333333333333,-0.7666666666666667,-0.36666666666666664,-0.5933333333333334,-0.3466666666666667,-0.44,-0.20666666666666667,-0.6133333333333333,-0.22666666666666666,-0.8066666666666666,-0.22,-0.56,-0.21333333333333335,-0.41333333333333333,-0.04666666666666667,-0.6133333333333333,-0.04,-0.7933333333333333,-0.08,-0.5733333333333334,-0.10666666666666667,-0.41333333333333333,0.10666666666666667,-0.5733333333333334,0.15333333333333332,-0.7666666666666667,0.18666666666666668,-0.8733333333333333,0.21333333333333335,-1.0
4,0.0,0.0,-0.30201342281879195,-0.08053691275167785,-0.5234899328859061,-0.22818791946308725,-0.7046979865771812,-0.3825503355704698,-0.8657718120805369,-0.42953020134228187,-0.3624161073825503,-0.5906040268456376,-0.3825503355704698,-0.7919463087248322,-0.348993288590604,-0.6040268456375839,-0.3288590604026846,-0.44966442953020136,-0.19463087248322147,-0.6308724832214765,-0.21476510067114093,-0.8187919463087249,-0.20134228187919462,-0.5570469798657718,-0.20134228187919462,-0.4161073825503356,-0.03355704697986577,-0.6308724832214765,-0.026845637583892617,-0.8120805369127517,-0.06040268456375839,-0.5838926174496645,-0.08053691275167785,-0.42953020134228187,0.11409395973154363,-0.5973154362416108,0.16778523489932887,-0.785234899328859,0.20134228187919462,-0.8859060402684564,0.2214765100671141,-1.0
4,0.0,0.0,-0.2913907284768212,-0.059602649006622516,-0.5231788079470199,-0.2185430463576159,-0.7019867549668874,-0.3708609271523179,-0.8609271523178808,-0.4105960264900662,-0.3576158940397351,-0.5761589403973509,-0.39072847682119205,-0.7682119205298014,-0.3576158940397351,-0.5827814569536424,-0.33112582781456956,-0.4304635761589404,-0.1986754966887417,-0.609271523178808,-0.2251655629139073,-0.8013245033112583,-0.2119205298013245,-0.5562913907284768,-0.2052980132450331,-0.40397350993377484,-0.039735099337748346,-0.6158940397350994,-0.039735099337748346,-0.7947019867549668,-0.06622516556291391,-0.5761589403973509,-0.08609271523178808,-0.41721854304635764,0.11258278145695365,-0.5827814569536424,0.152317880794702,-0.7748344370860927,0.19205298013245034,-0.8807947019867549,0.2185430463576159,-1.0
